sym,month,net,pnl_pct,reason,entry_px,exit_px,notional,held_bars,cap_after
ICPUSDT,2024-01,21.37575237047999,6.499999999999995,TAKE_PROFIT,12.720544012069702,13.547379372854232,332.95564440000004,76,355.19809314443086
OPUSDT,2024-01,-4.007425011921962,-1.1234309345111049,STALL_EXIT,3.875775,3.8322333446979524,333.0,153,684.3238681325089
FILUSDT,2024-01,-3.2721193537690456,-0.902880246414417,STALL_EXIT,7.415482834339142,7.348529904651642,332.91129470816594,174,336.39173622953814
ICPUSDT,2024-01,21.744166943427164,6.499999999999995,TAKE_PROFIT,13.171633471870422,14.027789647541999,338.69418914995583,27,360.573833769043
FILUSDT,2024-01,2.421052080020687,0.8000000000000007,TRAILING_LOCK,7.352470032119751,7.411289792376709,336.2572333362037,32,699.3866220786019
POLUSDT,2024-01,-4.939488089082626,-1.3781974853671053,STALL_EXIT,0.9861972014307976,0.9726054563999176,338.73930922594474,60,1033.3219389391543
SEIUSDT,2024-01,-7.845393489201628,-2.200000000000002,STOP_LOSS,0.7058411202549935,0.6903126156093836,344.0962056667384,2,1025.4765454499525
ENSUSDT,2024-01,-7.785828123674211,-2.200000000000002,STOP_LOSS,13.842768152618408,13.538227253260803,341.4836896348342,2,1017.6907173262782
TIAUSDT,2024-01,-7.726715002228034,-2.200000000000002,STOP_LOSS,15.358371009635926,15.020486847423935,338.89100886965065,1,1009.9640023240502
RENDERUSDT,2024-01,2.421489691972122,0.8000000000000007,TRAILING_LOCK,4.015802866458893,4.047929289390564,336.3180127739087,23,339.61485252353964
APTUSDT,2024-01,-7.666008058589371,-2.200000000000002,STOP_LOSS,10.039407725715638,9.818540755749893,336.22842362234064,3,668.3117594567398
TIAUSDT,2024-01,1.4123475039013127,0.49999999999998934,TRAILING_LOCK,15.502799532508849,15.580313530171392,336.2732152146072,7,1006.1318314613341
SEIUSDT,2024-01,1.407175979481795,0.49999999999998934,TRAILING_LOCK,0.6800359705567359,0.6834361504095195,335.04189987662426,8,1007.5390074408158
FILUSDT,2024-01,1.4089563578184683,0.49999999999998934,TRAILING_LOCK,5.93118582830429,5.960841757445811,335.4657994805932,4,673.3032701250513
ROSEUSDT,2024-01,-7.649639160093656,-2.200000000000002,STOP_LOSS,0.11674334241896868,0.11417498888575137,335.5104894777917,14,1001.2983246385404
ENSUSDT,2024-01,21.406356363117492,6.499999999999995,TAKE_PROFIT,12.272454457855224,13.070163997615813,333.43234210463396,19,1022.7046810016578
SEIUSDT,2024-01,-7.762714619605122,-2.200000000000013,STOP_LOSS,0.652130410015583,0.6377835409952402,340.46993945636376,18,333.59358113275033
ENSUSDT,2024-01,2.4517101318753953,0.8000000000000007,TRAILING_LOCK,12.662531847381592,12.763832102160645,340.51529609380344,64,676.6967934768667
ICPUSDT,2024-01,4.0945619482426885,1.2887384367991528,TRAILING_LOCK,11.639327483940125,11.78932797101059,338.7467315993895,63,342.97679224027183
SOLUSDT,2024-01,-3.5348370017806197,-0.9579463718770387,STALL_EXIT,92.57850955810547,91.69165708465576,340.56065877355206,234,680.1388382755526
ORDIUSDT,2024-01,4.301278131331188,1.3537753523755969,TRAILING_LOCK,67.48849347381592,68.40213606415405,337.67949138828214,65,1022.2546795917212
NEARUSDT,2024-01,-7.761366429332172,-2.199999999999991,STOP_LOSS,3.2356468950748445,3.164462663383198,340.4108083040432,13,333.53544443585525
JASMYUSDT,2024-01,-7.759298939019435,-2.200000000000002,STOP_LOSS,0.005112022234965116,0.004999557745795883,340.32012890436124,13,666.2324024527588
AVAXUSDT,2024-01,-7.760332615323813,-2.200000000000002,STOP_LOSS,33.776754457855226,33.03366585978241,340.36546558437715,47,998.9736816080459
BONKUSDT,2024-01,1.3971645910969743,0.49999999999998934,TRAILING_LOCK,1.2722544086136623e-05,1.2786156806567304e-05,332.65823597547933,7,1000.370846199143
NEARUSDT,2024-01,1.3989323028878202,0.49999999999998934,TRAILING_LOCK,3.2416481370449066,3.2578563777301306,333.07911973520896,16,335.34506982310364
TIAUSDT,2024-01,5.669653844314242,1.780043051479785,TRAILING_LOCK,15.523104457855224,15.799422400131224,333.50060396289155,32,341.0147236674179
SOLUSDT,2024-01,-2.7656429433190364,-0.7504367377436427,STALL_EXIT,98.50969586334229,97.77044291534423,333.03475359646023,88,671.4170482219977
BONKUSDT,2024-01,1.4049503992527763,0.49999999999998934,TRAILING_LOCK,1.4982995832542656e-05,1.5057910811705367e-05,334.51199982210204,15,672.8219986212505
LTCUSDT,2024-01,21.386528172552968,6.499999999999995,TAKE_PROFIT,64.79295477905274,69.00449683969116,333.12349178431464,386,1027.465267974832
ENSUSDT,2024-01,12.435453952186908,3.71454675560261,TRAILING_LOCK,22.494497771072385,23.330066408216855,342.14593423561905,45,1039.9007219270188
ENSUSDT,2024-01,-7.895342241158691,-2.200000000000002,STOP_LOSS,21.71434108428955,21.23662558043518,346.2869404016973,1,1032.0053796858601
ENSUSDT,2024-01,2.4743360983348106,0.8000000000000007,TRAILING_LOCK,24.79495891571045,24.993318587036132,343.65779143539146,25,1034.479715784195
TIAUSDT,2024-01,2.4802685665641957,0.8000000000000007,TRAILING_LOCK,18.37197314414978,18.51894892930298,344.4817453561369,26,692.3863496189485
ORDIUSDT,2024-01,2.479938194791152,0.8000000000000007,TRAILING_LOCK,72.53650757446289,73.1167996350586,344.4358603876555,35,1039.4399225455504
OPUSDT,2024-01,-3.114508984004231,-0.8197999431212577,STALL_EXIT,3.461692165660858,3.4333132152557373,346.1334942076683,77,1036.3254135615462
SEIUSDT,2024-01,1.4494047234071636,0.49999999999998934,TRAILING_LOCK,0.789257811319828,0.7932041003764271,345.09636271599487,9,1037.7748182849532
ORDIUSDT,2024-01,-2.2262913257969767,-0.564220636224011,STALL_EXIT,73.9987979598999,73.58128147125244,345.5790144888894,206,344.25217724752736
ENSUSDT,2024-01,2.487506100269608,0.8000000000000007,TRAILING_LOCK,22.80455923690796,22.986995710803225,345.4869583707754,20,692.3648365019208
SEIUSDT,2024-01,22.183217531979025,6.499999999999995,TAKE_PROFIT,0.7713542412400245,0.821492266920626,345.5329833641595,234,1060.219250591405
OPUSDT,2024-01,-8.047464365267082,-2.200000000000002,STOP_LOSS,3.272654474401474,3.200656075964641,352.95896338890606,2,345.83036839556047
RENDERUSDT,2024-01,-8.049608638190154,-2.199999999999991,STOP_LOSS,4.111822261047363,4.021362171304322,353.0530104469379,6,690.9749914084871
POLUSDT,2024-01,-8.048536430319574,-2.200000000000002,STOP_LOSS,0.7959591306209564,0.7784480297472953,353.00598378594634,39,1036.0736411576281
ETHUSDT,2024-01,-3.513808930175622,-0.938458374976725,STALL_EXIT,2481.5162235351563,2458.2282267089845,345.01252250549015,153,1032.5598322274525
DOGEUSDT,2024-01,-7.8396072702037385,-2.200000000000013,STOP_LOSS,0.0869573859706521,0.08504432347929775,343.8424241317417,43,1024.7202249572488
SEIUSDT,2024-01,-7.7800858359653935,-2.199999999999991,STOP_LOSS,0.6336266799688339,0.6196868930095196,341.23183491076384,17,675.6172817377974
ORDIUSDT,2024-01,-7.779049528532059,-2.200000000000002,STOP_LOSS,64.79695338134765,63.371420406958,341.18638283035375,41,1009.1610895927513
ORDIUSDT,2024-01,6.258080075655173,1.9422431496848303,TRAILING_LOCK,51.672331148529054,52.67593346054382,336.0506428343862,28,1015.4191696684065
ORDIUSDT,2024-01,-7.709468503790399,-2.200000000000002,STOP_LOSS,50.5421078956604,49.43018152195587,338.1345834995794,2,669.4849213739697
RENDERUSDT,2024-01,-7.708441602585695,-2.200000000000002,STOP_LOSS,3.751750127506256,3.6692116247011186,338.08954397305723,54,1000.0012595620304
XRPUSDT,2024-01,2.39696434102027,0.8000000000000007,TRAILING_LOCK,0.530806167948246,0.535052617291832,332.9117140305922,248,336.17535809732203
ETHUSDT,2024-01,2.397283659203666,0.8000000000000007,TRAILING_LOCK,2266.653191162109,2284.786416691406,332.9560637782875,363,337.8185008429101
TIAUSDT,2024-01,21.378626927672826,6.499999999999995,TAKE_PROFIT,16.763352228927612,17.852970123807907,333.00041943415613,551,692.3307473725126
TRXUSDT,2024-01,2.4027113027243,0.8000000000000007,TRAILING_LOCK,0.11235246312171221,0.11325128282668591,333.70990315615194,658,1028.5768457926513
CKBUSDT,2024-01,21.98953295546273,6.499999999999995,TAKE_PROFIT,0.003926785292197019,0.004182026336189824,342.5160896489529,93,1050.566378748114
SEIUSDT,2024-01,-5.271650906921646,-1.4270815862592046,STALL_EXIT,0.6703340302705765,0.6607678167581559,349.7920056210528,68,695.3161882764211
OPUSDT,2024-01,-3.6356947239069632,-0.9592491511964285,STALL_EXIT,2.9365873087406156,2.9084181199073793,349.83860412312197,72,1041.6590331172854
PYTHUSDT,2024-02,2.497149033239856,0.8000000000000007,TRAILING_LOCK,0.4835967038154602,0.4874654774459839,346.82625461664674,23,350.2262057567823
DOGEUSDT,2024-02,-2.1267290883254377,-0.5332789481952593,ROTATION_EVICT,0.07904580567330122,0.07862427103221417,346.7800573595318,41,347.26758726420076
XRPUSDT,2024-02,-5.1081335506778975,-1.3894944998600667,STALL_EXIT,0.5186036704301834,0.5113977009534836,347.6116141410752,60,342.86804858791845
ETHUSDT,2024-02,2.4974816978020042,0.8000000000000007,TRAILING_LOCK,2301.860182324219,2320.2750637828126,346.87245802805603,547,692.3767372969878
CKBUSDT,2024-02,-10.042736990248272,-2.822360360975529,STALL_EXIT,0.004383876679558306,0.004260147881880403,346.0196440552529,60,336.11531492262674
BONKUSDT,2024-02,22.21835226075572,6.499999999999995,TAKE_PROFIT,9.721943980002834e-06,1.0353870338703018e-05,346.0802532827997,133,704.5523525674953
JASMYUSDT,2024-02,22.271192026361433,6.499999999999995,TAKE_PROFIT,0.005185036692302674,0.005522064077302348,346.90330259129956,577,1073.8656085061928
CKBUSDT,2024-02,22.957743298010485,6.499999999999995,TAKE_PROFIT,0.004755951118189841,0.005065087940872181,357.5972476325622,33,1096.8233518042032
ENSUSDT,2024-02,-8.327521616238228,-2.200000000000002,STOP_LOSS,21.474293313217164,21.001858860326386,365.2421761507997,7,1088.4958301879649
CKBUSDT,2024-02,-7.700502182175818,-2.044457488616369,STALL_EXIT,0.004937987507041544,0.004837032451666892,362.4691114525923,93,1080.795328005789
PYTHUSDT,2024-02,2.5913148784266524,0.8000000000000007,TRAILING_LOCK,0.5247049489974975,0.5289025885894775,359.9048442259278,23,1083.3866428842157
ORDIUSDT,2024-02,23.15820459977865,6.499999999999995,TAKE_PROFIT,59.163830827331545,63.009479831108095,360.71969781586677,102,745.6327883027183
ORDIUSDT,2024-02,3.1108060587875235,0.9243379766484594,TRAILING_LOCK,62.210441461944576,62.78547619781799,368.431379947593,49,748.7435943615058
PYTHUSDT,2024-02,-1.8526853710687896,-0.42144775452555017,STALL_EXIT,0.5504100620985031,0.5480903712511063,369.46727836516925,148,377.3250764406164
ORDIUSDT,2024-02,23.716639793780985,6.499999999999995,TAKE_PROFIT,60.62012330932617,64.56043132443237,369.41806532369105,632,770.6075487842179
TIAUSDT,2024-02,2.7125854213531033,0.8000000000000007,TRAILING_LOCK,19.157431412887572,19.310690864190672,376.7479751879324,38,773.3201342055711
CKBUSDT,2024-02,1.5861353177596111,0.49999999999998934,TRAILING_LOCK,0.008699739241227508,0.008743237937433646,377.651266133243,4,774.9062695233307
CKBUSDT,2024-02,-8.621342925764516,-2.200000000000013,STOP_LOSS,0.008354670175351202,0.008170867431493475,378.1290756914243,8,387.9542056238315
PYTHUSDT,2024-02,2.7228920341971907,0.8000000000000007,TRAILING_LOCK,0.6244248630523681,0.629420261956787,378.179449194057,73,769.0078186317633
SEIUSDT,2024-02,-8.57656549236403,-2.200000000000002,STOP_LOSS,0.8901779856920242,0.8705940700067997,376.1651531738607,11,384.06550198621534
TRXUSDT,2024-02,23.16128968356448,6.499999999999995,TAKE_PROFIT,0.12267452747225761,0.13064837175795435,360.76775208044387,2022,394.68037032340635
VETUSDT,2024-02,23.96644787072682,6.499999999999995,TAKE_PROFIT,0.036997399798035624,0.03940223078490794,373.3091568649035,33,792.1052987217827
CKBUSDT,2024-02,1.634013140487216,0.49999999999998934,TRAILING_LOCK,0.012901579997688532,0.012966087897676974,389.05074773505964,3,793.7393118622699
ORDIUSDT,2024-02,-2.3086177088716577,-0.5126477505602578,STALL_EXIT,69.16882977905273,68.81423732910156,389.5429800736103,65,401.67998209291204
PYTHUSDT,2024-02,-6.713728387942226,-1.7045443850080222,STALL_EXIT,0.5766152985692025,0.5667866348743439,376.215265047165,264,771.3320048581536
CKBUSDT,2024-02,13.221331853826241,3.499999999999992,TRAILING_LOCK,0.012385476593859494,0.012818968274644574,386.5886506966755,23,784.5533367119799
BONKUSDT,2024-02,-8.913415450748134,-2.200000000000002,STOP_LOSS,1.3722744424740086e-05,1.3420844047395804e-05,390.9392741556197,23,384.49217051555047
CKBUSDT,2024-02,-4.250256290486141,-1.007046105952658,STALL_EXIT,0.011889377342350781,0.01176964583080262,390.99135420399966,108,771.3896649707456
CKBUSDT,2024-02,-8.814659014523055,-2.200000000000002,STOP_LOSS,0.011448289276845753,0.011196426912755146,386.6078515141686,7,762.5750059562224
CKBUSDT,2024-02,1.6114247942617312,0.49999999999998934,TRAILING_LOCK,0.010597119349054992,0.010650104945800265,383.6725700623324,4,764.1864307504842
FETUSDT,2024-02,-8.759969179029122,-2.200000000000002,STOP_LOSS,0.8364672754526138,0.8180649953926563,384.2091745188216,14,755.4264615714551
CKBUSDT,2024-02,-8.693459989034299,-2.200000000000013,STOP_LOSS,0.012578515033610165,0.01230178770287074,381.2921047822049,3,746.7330015824208
CKBUSDT,2024-02,13.520100348966654,3.65299181137122,TRAILING_LOCK,0.011348269446752966,0.011762820800375193,378.39718260585653,69,760.2531019313874
APTUSDT,2024-02,2.7568755073588207,0.8000000000000007,TRAILING_LOCK,9.939087830543517,10.018600533187865,382.89937602206237,38,385.80941127983004
ANKRUSDT,2024-02,24.206593709918458,6.499999999999995,TAKE_PROFIT,0.02965593085549772,0.03158356636110507,377.04974626041206,39,787.2165711486648
JASMYUSDT,2024-02,1.6458884873399238,0.49999999999998934,TRAILING_LOCK,0.008706741393171251,0.008750275100137107,391.87821127141575,6,788.8624596360047
JASMYUSDT,2024-02,14.267819960775242,3.716280487180934,TRAILING_LOCK,0.009804960506223141,0.010169340340291709,392.3740209555872,9,410.54701694222484
TRXUSDT,2024-02,25.011990917916034,6.499999999999995,TAKE_PROFIT,0.13106621487736703,0.13958551884439588,389.5948741108419,1537,825.309719920627
PYTHUSDT,2024-02,25.193767955240283,6.499999999999995,TAKE_PROFIT,0.526805359840393,0.5610477082300185,392.42629213769993,154,431.80419664278526
JASMYUSDT,2024-02,26.03349110739015,6.499999999999995,TAKE_PROFIT,0.011051209414936602,0.011769538026907481,405.5060920154229,36,863.5059822024045
FETUSDT,2024-02,2.9192549659486042,0.8000000000000007,TRAILING_LOCK,1.0314062913179398,1.0396575416484835,405.4520786039664,28,1272.039496603761
FETUSDT,2024-02,-9.65654625070226,-2.200000000000013,STOP_LOSS,1.0698139060735703,1.0462780001399516,423.53273029395694,1,838.6243623230589
JASMYUSDT,2024-02,27.194423582093133,6.499999999999995,TAKE_PROFIT,0.015325064188241958,0.016321193360477684,423.5891523690525,24,1289.577373935152
JASMYUSDT,2024-02,-9.790987253865223,-2.199999999999991,STOP_LOSS,0.01741948356628418,0.017036254927825928,429.4292655204057,1,1279.7863866812868
JASMYUSDT,2024-02,-9.716650162239054,-2.200000000000013,STOP_LOSS,0.01640727997943759,0.01604631981988996,426.16886676486854,1,1270.0697365190476
FILUSDT,2024-02,3.0451192002780623,0.8000000000000007,TRAILING_LOCK,8.190637929725646,8.256163033163451,422.9332222608429,49,1273.1148557193258
JASMYUSDT,2024-02,7.29189264761804,1.8000000000000016,TRAILING_LOCK,0.014872974071837962,0.015140687605131046,423.9472469545355,27,856.3464148748301
FILUSDT,2024-02,27.36603319286924,6.499999999999995,TAKE_PROFIT,7.8965789809226985,8.409856614682674,426.2621992658758,20,457.2229355190457
CKBUSDT,2024-02,27.21378789503565,6.499999999999995,TAKE_PROFIT,0.010353070553764701,0.011026020139759406,423.89077718124116,134,908.497056906195
JASMYUSDT,2024-02,14.295236281620959,3.4331784382393593,TRAILING_LOCK,0.014226845075190068,0.014715278052753212,426.31898495467175,34,1349.2818057364696
JASMYUSDT,2024-02,-10.244287181873595,-2.200000000000002,STOP_LOSS,0.013971794229000807,0.013664414755962789,449.31084131024437,2,889.6068250511717
RENDERUSDT,2024-02,-10.242922642820966,-2.200000000000002,STOP_LOSS,7.5345065923690795,7.368747447336959,449.2509931061819,7,1328.794595911775
UNIUSDT,2024-02,28.407768148159438,6.499999999999995,TAKE_PROFIT,10.925184935760498,11.63532195658493,442.4886004386211,17,1357.2023640599346
UNIUSDT,2024-02,3.254028388070091,0.8000000000000007,TRAILING_LOCK,12.097419267082214,12.194198621218872,451.94838723195824,14,1360.4563924480049
UNIUSDT,2024-02,-10.329129114022248,-2.200000000000002,STOP_LOSS,11.514302483940124,11.260987829293441,453.03197868518566,4,1350.1272633339827
UNIUSDT,2024-02,-10.250706234136974,-2.200000000000013,STOP_LOSS,10.85217038154602,10.613422633152007,449.59237869021626,2,1339.8765570998457
JASMYUSDT,2024-02,-6.721167062021373,-1.4263839100687403,STALL_EXIT,0.015721143609657883,0.015496899746730923,446.17889351424867,93,1333.1553900378244
JASMYUSDT,2024-02,28.500995821462585,6.499999999999995,TAKE_PROFIT,0.015505100627616047,0.016512932168411088,443.94074488259554,31,1361.6563858592872
PYTHUSDT,2024-02,1.90441262126276,0.49999999999998934,TRAILING_LOCK,0.7605520772337914,0.7643548376199603,453.43157649114266,2,1363.56079848055
PYTHUSDT,2024-02,-10.352699006383734,-2.200000000000002,STOP_LOSS,0.7555510820031166,0.738928958199048,454.06574589402317,4,1353.2080994741661
CKBUSDT,2024-02,-10.272728664704044,-2.200000000000002,STOP_LOSS,0.015427084899321198,0.015087689031536131,450.5582747677203,2,892.1368263657148
JASMYUSDT,2024-02,-10.274097174447647,-2.200000000000002,STOP_LOSS,0.015165032832697033,0.014831402110377699,450.61829712489737,48,1332.6612736350144
PYTHUSDT,2024-02,3.194763070536519,0.8000000000000007,TRAILING_LOCK,0.6748349617481232,0.6802336414421082,443.71709313007096,33,891.9023221034429
ANKRUSDT,2024-02,28.490432304533456,6.499999999999995,TAKE_PROFIT,0.03148629542291164,0.03353290462540089,443.7762041204598,246,1364.3464690100843
CKBUSDT,2024-02,3.2707213759736753,0.8000000000000007,TRAILING_LOCK,0.016190236556902528,0.01631975844935775,454.2668577741173,19,913.1080852560276
PYTHUSDT,2024-02,3.2711570940985584,0.8000000000000007,TRAILING_LOCK,0.6611322133541107,0.6664212710609435,454.3273741803581,85,459.8727243707623
FILUSDT,2024-02,29.233855713106713,6.499999999999995,TAKE_PROFIT,7.5875171656608575,8.080705781428813,455.3560079923165,129,944.6447304793825
BONKUSDT,2024-02,-10.62890510174454,-2.200000000000002,STOP_LOSS,1.4422884297891869e-05,1.4105580843338247e-05,466.1800483221277,4,934.015825377638
PYTHUSDT,2024-02,-10.548206202650041,-2.200000000000002,STOP_LOSS,0.6601320262312889,0.6456091216542005,462.6406229232467,10,923.4676191749879
VETUSDT,2024-02,1.9283378950825905,0.49999999999998934,TRAILING_LOCK,0.05111022073924541,0.05136577184294164,459.12807025776425,4,925.3959570700706
ANKRUSDT,2024-02,52.02614479744974,11.506899983715169,MONTH_END,0.03322664456516504,0.037050001323223114,455.2953545720519,238,1432.899574581401
BONKUSDT,2024-03,-10.87914673005184,-2.200000000000002,STOP_LOSS,2.393478667981981e-05,2.3408221372863773e-05,477.1555583356066,1,1422.0204278513493
TIAUSDT,2024-03,3.409436177816374,0.8000000000000007,TRAILING_LOCK,16.71334108428955,16.847047812963865,473.5328024744993,85,1425.4298640291656
BONKUSDT,2024-03,30.473694891133913,6.499999999999995,TAKE_PROFIT,2.4034805622068233e-05,2.5597067987502668e-05,474.66814472171217,7,1455.9035589202995
BONKUSDT,2024-03,-11.050857643964726,-2.199999999999991,STOP_LOSS,2.348469689131889e-05,2.2968033559709876e-05,484.6867387703835,1,474.8976816342073
JASMYUSDT,2024-03,30.476240664650263,6.499999999999995,TAKE_PROFIT,0.01984796809628606,0.021138086022544654,474.70779851480137,10,505.37392229885756
HBARUSDT,2024-03,3.5459496828392676,0.8114012992701758,TRAILING_LOCK,0.11322264141887427,0.11414133140241503,484.81588512045977,206,993.9296834562048
DOGEUSDT,2024-03,-7.8852883955246655,-1.5466667611150564,STALL_EXIT,0.13669732739925383,0.13458307527303695,484.7513076445617,202,1470.9896032282995
FILUSDT,2024-03,-11.168341463550556,-2.200000000000002,STOP_LOSS,8.949789554214478,8.75289418402176,489.8395378750238,1,1459.821261764749
DOGEUSDT,2024-03,-11.083546947822683,-2.200000000000002,STOP_LOSS,0.13465692062973975,0.13169446837588547,486.1204801676614,1,476.3021809145256
SEIUSDT,2024-03,-11.080594487562728,-2.200000000000002,STOP_LOSS,0.835467088329792,0.8170868123865366,485.99098629661097,1,951.4069691180924
JASMYUSDT,2024-03,-10.913791788582188,-2.200000000000002,STOP_LOSS,0.021285256426781415,0.020816980785392222,478.6750784465859,39,940.4931773295102
DOGEUSDT,2024-03,29.85790132950441,6.499999999999995,TAKE_PROFIT,0.14521903853416443,0.1546582760388851,465.0763446963312,18,495.1202765637141
SEIUSDT,2024-03,-10.830929915806529,-2.200000000000002,STOP_LOSS,0.8102620389819145,0.7924362741243124,475.0407857809881,24,959.520148743208
ADAUSDT,2024-03,31.204777796644905,6.499999999999995,TAKE_PROFIT,0.7121424124002457,0.7584316692062616,486.0557289197031,240,1476.975077751124
BONKUSDT,2024-03,8.459522455327393,1.8000000000000016,TRAILING_LOCK,3.204640749609098e-05,3.262324283102062e-05,491.8327008911243,5,1485.4346002064513
ORDIUSDT,2024-03,31.756512143973616,6.499999999999995,TAKE_PROFIT,83.24164347381591,88.65235029961394,494.6497218687483,71,1022.4094442908191
TRXUSDT,2024-03,-2.910028598012198,-0.508379238234169,ROTATION_EVICT,0.14087816263139247,0.1401619673013687,494.58383452579534,33,503.6267471130073
BONKUSDT,2024-03,8.658916483750259,1.8000000000000016,TRAILING_LOCK,3.870774000461097e-05,3.940447932469397e-05,503.42537696222246,6,512.2856635967576
BONKUSDT,2024-03,2.1294187099379522,0.49999999999998934,TRAILING_LOCK,3.694738842750667e-05,3.71321253696442e-05,507.0044547471345,2,514.4150823066955
GALAUSDT,2024-03,-5.055407420629939,-0.9208894772266829,STALL_EXIT,0.04539907670393586,0.04498100138381124,505.09147469885477,80,1014.6531861747999
ENSUSDT,2024-03,32.43119251050884,6.499999999999995,TAKE_PROFIT,20.96419108428955,22.32686350476837,505.15876184593264,122,1046.1453863935994
CKBUSDT,2024-03,-11.539020234152652,-2.200000000000013,STOP_LOSS,0.020353069449216128,0.01990530192133337,506.0973786909039,4,506.767862982384
BONKUSDT,2024-03,-11.785247969627639,-2.200000000000013,STOP_LOSS,3.7947588766110126e-05,3.71127418132557e-05,516.8968407731396,1,1012.0862145222052
DOGEUSDT,2024-03,-11.783678174598034,-2.200000000000002,STOP_LOSS,0.18939786474108697,0.18523111171678305,516.8279901139487,2,1517.3372576576014
ICPUSDT,2024-03,-11.520231395039568,-2.200000000000002,STOP_LOSS,16.01520153007507,15.66286709641342,505.2733067999813,21,495.0681730251758
BONKUSDT,2024-03,-11.517162609790658,-2.200000000000002,STOP_LOSS,3.4866972596501e-05,3.4099899199377975e-05,505.13871095573,1,988.8917768554975
ENSUSDT,2024-03,10.366292852991247,2.1318942298389043,TRAILING_LOCK,27.74554777107239,28.337053503041076,505.20600439551555,20,1504.6661565057625
PYTHUSDT,2024-03,-11.42402732665439,-2.200000000000002,STOP_LOSS,0.6065212929725646,0.5931778245271682,501.05383011641896,39,1493.2421291791081
FETUSDT,2024-03,-11.337291541579463,-2.200000000000002,STOP_LOSS,2.2310462386608125,2.1819632214102747,497.24962901664304,6,984.5225689133242
RENDERUSDT,2024-03,31.919173982500936,6.499999999999995,TAKE_PROFIT,8.794758821296691,9.366418144680976,497.183395366058,18,1513.8240116200295
BONKUSDT,2024-03,9.58782788120901,1.9819566144108292,TRAILING_LOCK,2.7795557876379462e-05,2.8346453774222756e-05,504.10339586946986,23,1523.4118395012385
BONKUSDT,2024-03,32.56841235196112,6.499999999999995,TAKE_PROFIT,2.6565311241574818e-05,2.8292056472277178e-05,507.2961425539125,17,1555.9802518531997
FETUSDT,2024-03,-11.813624464170275,-2.200000000000013,STOP_LOSS,2.4956989587306975,2.440793581638622,518.1414238671155,2,1544.1666273890294
APTUSDT,2024-03,-4.350545906982121,-0.7660681762991062,STALL_EXIT,13.177835502433776,13.076884298324586,514.2074869205468,165,1539.8160814820471
BONKUSDT,2024-03,8.81945058829653,1.8000000000000016,TRAILING_LOCK,3.179635923079331e-05,3.236869369694759e-05,512.7587551335217,4,1548.6355320703437
SEIUSDT,2024-03,2.1659216551535465,0.49999999999998934,TRAILING_LOCK,0.8732746027350425,0.8776409757487177,515.6956321794245,1,1550.8014537254971
PYTHUSDT,2024-03,2.1689509131804514,0.49999999999998934,TRAILING_LOCK,0.6726345143079757,0.6759976868795156,516.4168840905905,5,519.9299365151242
ICPUSDT,2024-03,5.589572240897186,1.1626643691860394,TRAILING_LOCK,14.185836210823059,14.35076987391739,516.2793197950612,5,1042.0053402790004
GRTUSDT,2024-03,33.1495478506166,6.499999999999995,TAKE_PROFIT,0.3275654856920242,0.34885724226200576,516.3480973616297,21,1591.7095247301913
BONKUSDT,2024-03,-8.086697633165643,-1.4456789570879813,STALL_EXIT,3.2006399919191606e-05,3.154369013063843e-05,530.0392717351538,60,1583.6228270970257
GALAUSDT,2024-03,33.85112940026547,6.499999999999995,TAKE_PROFIT,0.05520103868320584,0.05878910619761422,527.2761588826401,4,1089.9166165134125
ROSEUSDT,2024-03,4.906488603650604,0.9910577467949766,TRAILING_LOCK,0.1781956288665533,0.1799616504508853,538.5485849729284,103,1094.823105117063
UNIUSDT,2024-03,-5.60713970100079,-0.98327447876142,STALL_EXIT,14.096818662643432,13.958208242416383,527.3464014233095,316,1616.7733053999411
JASMYUSDT,2024-03,3.876375677026939,0.8000000000000007,TRAILING_LOCK,0.021533306052535773,0.02170557250095606,538.3855106981804,19,1620.6496810769681
GALAUSDT,2024-03,34.64722127187207,6.499999999999995,TAKE_PROFIT,0.07336466740071773,0.07813337078176438,539.6763437986305,70,1655.2969023488404
GALAUSDT,2024-03,-12.567676201393368,-2.200000000000002,STOP_LOSS,0.07257450943887234,0.07097787023121714,551.2138684821639,4,1642.729226147447
GALAUSDT,2024-03,-12.470596071919305,-2.200000000000002,STOP_LOSS,0.07304460841566324,0.07143762703051865,546.9559680666365,38,1083.0109862355052
CKBUSDT,2024-03,-9.133907950480948,-1.5897306268041866,STALL_EXIT,0.0241928383089602,0.023808237348869443,547.0288323070998,60,1621.124722125047
NEARUSDT,2024-03,34.6573769844225,6.499999999999995,TAKE_PROFIT,7.0944185351371765,7.555555739921092,539.8345324676407,7,1655.7820991094695
CKBUSDT,2024-03,-4.708516046112663,-0.7739582493233255,STALL_EXIT,0.02342968478836119,0.02324834881015122,551.3754390034534,128,1651.0735830633566
FLUXUSDT,2024-03,-12.535611072050221,-2.200000000000002,STOP_LOSS,1.2323464299201965,1.2052348084619522,549.8075031600978,24,1638.5379719913064
FILUSDT,2024-03,-12.440435698546771,-2.199999999999991,STOP_LOSS,10.456091273117066,10.22605726510849,545.6331446731051,31,1080.3188457679898
OPUSDT,2024-03,-12.438778632511797,-2.200000000000013,STOP_LOSS,4.239847643566131,4.146570995407676,545.5604663382346,29,1613.6587576602478
ORDIUSDT,2024-03,-12.251542751659702,-2.200000000000002,STOP_LOSS,69.5589071685791,68.02861121087035,537.3483663008626,16,1601.407214908588
RENDERUSDT,2024-03,-12.158524138471956,-2.200000000000002,STOP_LOSS,12.778555222892761,12.49742700798912,533.2686025645598,4,1589.2486907701161
PYTHUSDT,2024-03,-12.066211759803018,-2.200000000000002,STOP_LOSS,0.9723944164395332,0.9510017392778635,529.2198140264487,4,1577.182479010313
ANKRUSDT,2024-03,-11.973005236884148,-2.200000000000002,STOP_LOSS,0.059641925100982186,0.058329802748760574,525.1318086352683,5,1039.7976275567905
ICPUSDT,2024-03,6.059708998686846,1.2427687781217722,TRAILING_LOCK,19.327864204788206,19.568064866603088,521.1447978913859,73,1045.8573365554773
ANKRUSDT,2024-03,-11.928109126525234,-2.200000000000002,STOP_LOSS,0.05552110139429569,0.054299637163621184,523.1626809879486,8,1033.9292274289521
DOGEUSDT,2024-03,-7.1698279250879615,-1.3009625289701954,STALL_EXIT,0.2124924876630306,0.20972804002165796,519.1906206488158,67,1026.7593995038642
DOGEUSDT,2024-03,33.17875696237465,6.499999999999995,TAKE_PROFIT,0.19730945994257926,0.2101345748388469,516.8030679497614,266,1059.938156466239
CKBUSDT,2024-03,-5.85754061929198,-1.0296945970555638,STALL_EXIT,0.020305059483647345,0.02009597938321531,527.8515940182322,62,1054.080615846947
TRXUSDT,2024-03,26.600922523862298,5.144895868735189,MONTH_END,0.1169433858051896,0.12296000123023987,525.2017655104343,2184,1606.0933845874479
CKBUSDT,2024-04,34.331454472807366,6.499999999999995,TAKE_PROFIT,0.025080014779418708,0.026710215740080923,534.7578578318908,27,1105.3818103538079
ANKRUSDT,2024-04,6.888429541068823,1.341177724413778,TRAILING_LOCK,0.06364272575676441,0.06449628781782389,546.1902321713357,43,1112.2702398948768
CKBUSDT,2024-04,2.3036331326757145,0.49999999999998934,TRAILING_LOCK,0.02772654503546655,0.027865177760643883,548.4840792085116,5,1114.5738730275525
APTUSDT,2024-04,34.33602803174117,6.499999999999995,TAKE_PROFIT,12.998599489974975,13.843508456823347,534.8290970676202,530,1683.952929765741
APTUSDT,2024-04,-7.202611408692179,-1.2044458599430818,STALL_EXIT,12.226444777107238,12.079183869171143,560.7563256119918,62,1676.7503183570489
CKBUSDT,2024-04,2.3451029952540905,0.49999999999998934,TRAILING_LOCK,0.034391876424103976,0.03456383580622449,558.3578560128973,5,1679.0954213523032
UNIUSDT,2024-04,-12.748364077075276,-2.200000000000013,STOP_LOSS,10.587117038154602,10.3542004633152,559.138775310317,2,1666.3470572752278
UNIUSDT,2024-04,-12.64988820807984,-2.199999999999991,STOP_LOSS,9.68593681526184,9.47284620532608,554.8196582491172,10,1098.581641566468
CKBUSDT,2024-04,-10.151769815685583,-1.7494985494887705,STALL_EXIT,0.03240047819763422,0.03183363230153918,554.8935700726508,81,1643.5453992514624
JASMYUSDT,2024-04,-12.476791959192148,-2.200000000000002,STOP_LOSS,0.02437287288531661,0.02383666968183964,547.227717508426,6,1083.549069094353
TRXUSDT,2024-04,-5.842318822888562,-0.9874789377662396,STALL_EXIT,0.12029405290782451,0.11910617447197437,547.300617950737,69,1625.2262884693816
VETUSDT,2024-04,3.89612351644665,0.8000000000000007,TRAILING_LOCK,0.047479493641108275,0.04785932959023714,541.1282661731433,55,546.4329674206558
JASMYUSDT,2024-04,3.9049459676632376,0.8000000000000007,TRAILING_LOCK,0.022832565266266466,0.0230152257883966,542.3536066198933,16,550.3379133883192
ORDIUSDT,2024-04,-6.633647096269966,-1.146055120478917,STALL_EXIT,71.77235483551026,70.94980408782959,541.0561878880891,69,1084.9768766552934
ORDIUSDT,2024-04,3.898922528363705,0.8000000000000007,TRAILING_LOCK,69.20783904418946,69.76150175654297,541.517017828294,38,547.2143334670332
UNIUSDT,2024-04,23.221425133328406,4.370726153283511,TRAILING_LOCK,8.728745636558532,9.110255204949189,541.2003540603041,299,1111.8525928022898
CKBUSDT,2024-04,34.76076179428952,6.499999999999995,TAKE_PROFIT,0.028442687167972325,0.030291461833890525,541.4448877615192,41,1688.2748203132032
CKBUSDT,2024-04,-12.81805774574599,-2.200000000000002,STOP_LOSS,0.025471093861386178,0.02491072979643568,562.1955151642967,3,1675.4567625674572
ANKRUSDT,2024-04,-12.72073792411713,-2.199999999999991,STOP_LOSS,0.04423884518444538,0.043265590590387586,557.9271019349633,2,1662.73602464334
CKBUSDT,2024-04,-12.622475455790596,-2.200000000000002,STOP_LOSS,0.02027505372092128,0.01982900253906101,553.6173445522177,31,1096.2009765428347
NEARUSDT,2024-04,6.498152346648526,1.2627422734653226,TRAILING_LOCK,7.008401369476318,7.0968994162628185,549.4140602254394,83,1102.6991288894833
HBARUSDT,2024-04,2.316627368818811,0.49999999999998934,TRAILING_LOCK,0.16333265267908573,0.16414931594248114,551.5779449568734,1,1105.015756258302
HBARUSDT,2024-04,-12.593565906651706,-2.199999999999991,STOP_LOSS,0.16163231370449066,0.15807640280299187,552.34938187069,1,1092.4221903516504
HBARUSDT,2024-04,2.3022540425797704,0.49999999999998934,TRAILING_LOCK,0.13462691859304904,0.13530005318601426,548.1557244237749,3,1094.7244443942302
ALGOUSDT,2024-04,-12.515430150454998,-2.200000000000013,STOP_LOSS,0.22874573706686496,0.22371333085139392,548.9223750199541,7,1082.209014243775
HBARUSDT,2024-04,-12.420407998580652,-2.200000000000002,STOP_LOSS,0.12652529558837414,0.1237417390854299,544.7547367798525,5,1069.7886062451944
ORDIUSDT,2024-04,-12.326107292892264,-2.200000000000013,STOP_LOSS,45.849168152618404,44.840486453260795,540.6187409163251,1,1057.462498952302
ALGOUSDT,2024-04,34.44420824945623,6.499999999999995,TAKE_PROFIT,0.19573914469778536,0.2084621891031414,536.5141471877919,69,571.1729610961232
TRXUSDT,2024-04,35.54696837644011,6.499999999999995,TAKE_PROFIT,0.11096218990534544,0.1181747322491929,553.6910962062323,1537,1160.6325021172781
PYTHUSDT,2024-04,3.7477838584171943,0.8000000000000007,TRAILING_LOCK,0.590218010365963,0.5949397544488907,520.5255358912784,107,1685.1140320813302
NEARUSDT,2024-05,36.02537884625387,6.499999999999995,TAKE_PROFIT,6.010201624488831,6.400864730080604,561.1429726830829,94,1721.1394109275839
DOGEUSDT,2024-05,-6.827460388098903,-1.111239008192566,STALL_EXIT,0.1586617245644331,0.15689861359000207,573.1394238388855,94,1141.0196436391875
TRXUSDT,2024-05,-6.631266492887749,-1.0771616991257837,STALL_EXIT,0.12242448069155216,0.12110577107518912,573.0630816676301,60,1707.680684046597
UNIUSDT,2024-05,-12.965394825555384,-2.200000000000002,STOP_LOSS,7.740547643566131,7.5702555954076765,568.6576677875169,25,1694.7152892210415
SEIUSDT,2024-05,4.921896013616635,0.9522667237417126,TRAILING_LOCK,0.538607710969448,0.543736692972517,564.2650211971243,106,570.6557208067877
ROSEUSDT,2024-05,-7.515790254799959,-1.2521384826369775,STALL_EXIT,0.0956791330397129,0.09448109779506922,564.1898610963009,181,1127.5554675927272
FETUSDT,2024-05,-5.696917011380257,-0.929482772820045,STALL_EXIT,2.3716743247032164,2.349630020427704,564.3401913106069,224,1686.424477968478
CKBUSDT,2024-05,-6.59240577666043,-1.0939045894408306,STALL_EXIT,0.015463092373497784,0.015293940896354616,561.5793511635032,130,1679.8320721918176
RENDERUSDT,2024-05,-12.752258197833465,-2.200000000000002,STOP_LOSS,10.71014178314209,10.474518663912963,559.309570080414,1,1107.4719803220933
ICPUSDT,2024-05,-7.170332740079632,-1.2018263865443801,STALL_EXIT,11.70334041366577,11.562686580467224,559.3840800398752,293,1659.9094812539047
CKBUSDT,2024-05,35.486540835934704,6.499999999999995,TAKE_PROFIT,0.014289856990613043,0.01521869769500289,552.7498572575503,221,1695.3960220898393
TRXUSDT,2024-05,-6.118606389486659,-1.0037699937016975,STALL_EXIT,0.12448488881886005,0.12323534685820342,564.5668753559165,63,1689.2774157003528
PYTHUSDT,2024-05,-12.825669850963404,-2.200000000000013,STOP_LOSS,0.4070814052462578,0.3981256143308401,562.5293794282175,17,1676.4517458493895
PYTHUSDT,2024-05,-12.726596826661153,-2.199999999999991,STOP_LOSS,0.3728745525598526,0.36467131240353584,558.1840713447885,10,1105.2434142823345
ORDIUSDT,2024-05,8.879792028210659,1.670623899123802,TRAILING_LOCK,39.437886305236816,40.09674505916138,558.2584313678467,107,1672.604941050939
ROSEUSDT,2024-05,35.753189033546136,6.499999999999995,TAKE_PROFIT,0.08662731885462999,0.09225809458018093,556.9032559742395,134,1151.1578937363747
DOTUSDT,2024-05,35.7579519927516,6.499999999999995,TAKE_PROFIT,6.895378853416442,7.343578478888511,556.9774453699628,151,1744.116082077237
GALAUSDT,2024-05,-13.242026941563228,-2.200000000000002,STOP_LOSS,0.04336867061331868,0.042414559859825667,580.7906553317199,1,1730.8740551356736
RENDERUSDT,2024-05,-3.654101478119967,-0.5539732044346768,STALL_EXIT,10.504100255012512,10.445910354232788,576.3810603601794,104,1727.2199536575538
CKBUSDT,2024-05,-13.11374477614963,-2.200000000000002,STOP_LOSS,0.015320063848793506,0.014983022444120048,575.1642445679654,10,1714.1062088814042
JASMYUSDT,2024-05,36.64030985775112,6.499999999999995,TAKE_PROFIT,0.022870572689920664,0.024357159914765506,570.721337348149,41,1179.7208322346246
TRXUSDT,2024-05,-4.158457109991329,-0.6485347386561591,STALL_EXIT,0.11336266582757235,0.11262746955901384,570.7973675575076,427,1746.5880616291638
JASMYUSDT,2024-05,-13.260795199113247,-2.200000000000002,STOP_LOSS,0.026860370363295076,0.026269442215302585,581.6138245225115,6,1733.3272664300507
ENSUSDT,2024-05,7.849200805952736,1.4398801592728994,TRAILING_LOCK,25.56511146583557,25.93321843352814,577.1979797212069,90,1741.1764672360036
TIAUSDT,2024-05,-13.219708209842654,-2.200000000000002,STOP_LOSS,11.282255732917786,11.034046106793594,579.8117635895892,16,1727.9567590261609
JASMYUSDT,2024-05,-13.119338897230234,-2.200000000000002,STOP_LOSS,0.024722943222150205,0.0241790384712629,575.4096007557116,1,1139.2743307495607
CKBUSDT,2024-05,4.142397284617651,0.8000000000000007,TRAILING_LOCK,0.01609821838773787,0.016227004134839774,575.3329561968909,45,1718.979817413548
BONKUSDT,2024-05,-13.051182365730599,-2.199999999999991,STOP_LOSS,3.5407080342702104e-05,3.462812457516266e-05,572.4202791987116,2,1705.9286350478174
JASMYUSDT,2024-05,2.3859117889778294,0.49999999999998934,TRAILING_LOCK,0.02468193447701633,0.024805344149401408,568.0742354709232,9,1708.3145468367952
TIAUSDT,2024-05,-12.966752332282098,-2.200000000000002,STOP_LOSS,11.182236305236817,10.936227106521606,568.7172075562313,11,557.2310149419706
FETUSDT,2024-05,36.51650872407208,6.499999999999995,TAKE_PROFIT,2.142428359937668,2.2816862033336163,568.7929707799392,74,1162.768011634294
CKBUSDT,2024-05,36.52137337100503,6.499999999999995,TAKE_PROFIT,0.015548109322227537,0.016558736428172325,568.8687440966528,100,1768.3856765995906
JASMYUSDT,2024-05,-13.426291411014763,-2.200000000000002,STOP_LOSS,0.03001000109128654,0.029349781067278233,588.8724303076638,4,1754.9593851885759
ORDIUSDT,2024-05,37.51857471219243,6.499999999999995,TAKE_PROFIT,47.06941337356567,50.12892524284744,584.4014752677958,32,1792.4779599007684
ORDIUSDT,2024-05,-13.607396916023557,-2.200000000000002,STOP_LOSS,49.179832168579104,48.09787586087036,596.8156542115577,35,1181.73664427353
JASMYUSDT,2024-05,-3.922600626029674,-0.5771674365357748,STALL_EXIT,0.03015203010700643,0.02997800240777433,596.8951606469559,104,1774.947962358715
JASMYUSDT,2024-06,14.434447752369522,2.522463971603739,TRAILING_LOCK,0.034789954863488674,0.03566751894065738,590.9789425836129,59,1198.0883155770462
CKBUSDT,2024-06,-11.018283022362658,-1.784163778645187,STALL_EXIT,0.015305060035921633,0.015031992698460818,591.0576714654521,347,1182.3401991580959
BONKUSDT,2024-06,-13.583911992021424,-2.199999999999991,STOP_LOSS,3.178635642689187e-05,3.108705658550025e-05,595.7856136851519,8,1764.7802150967004
JASMYUSDT,2024-06,-13.397132569315213,-2.200000000000013,STOP_LOSS,0.034884976217150684,0.034117506740373366,587.5935337418925,20,1163.476202175533
JASMYUSDT,2024-06,-13.221234569306553,-2.200000000000002,STOP_LOSS,0.04016202968135476,0.039278465028364955,579.8787091801121,23,566.8894260944776
OPUSDT,2024-06,37.72853030646629,6.499999999999995,TAKE_PROFIT,2.3504699046134947,2.5032504484133717,587.6718116272012,623,1192.524836752796
JASMYUSDT,2024-06,4.257315523737068,0.8000000000000007,TRAILING_LOCK,0.038940788058936596,0.03925231436340809,591.2938227412525,45,1196.782152276533
TIAUSDT,2024-06,-5.111432394601851,-0.7965476538618455,STALL_EXIT,10.572113694763184,10.48790177116394,583.1322885963104,191,1775.0362613936802
TIAUSDT,2024-06,4.255826940317519,0.8000000000000007,TRAILING_LOCK,10.5021,10.586116800000001,591.0870750440955,147,596.8813509689135
ROSEUSDT,2024-06,4.264897185206375,0.8000000000000007,TRAILING_LOCK,0.11636326445639134,0.11729417057204247,592.3468312786589,77,601.1462481541198
ORDIUSDT,2024-06,37.942735572173866,6.499999999999995,TAKE_PROFIT,56.15122738952637,59.80105716984558,591.0083422456996,477,1230.3337293088916
GALAUSDT,2024-06,4.366661006145954,0.8000000000000007,TRAILING_LOCK,0.04449889637008309,0.044854887541043754,606.4806952980537,50,628.0579182807699
ROSEUSDT,2024-06,7.555342178219664,1.3259339171794782,TRAILING_LOCK,0.11469293497055769,0.11621368749594091,606.3999120694399,64,1242.2557324932573
TRXUSDT,2024-06,4.254693263528499,0.8000000000000007,TRAILING_LOCK,0.1140928122639656,0.11500555476207733,590.9296199345125,669,1837.676417539272
CKBUSDT,2024-06,-6.25378577070757,-0.9419501796034235,STALL_EXIT,0.015962192014977335,0.015811836118623614,611.9462470405776,95,1831.4226317685643
RENDERUSDT,2024-06,-13.904893189439681,-2.200000000000002,STOP_LOSS,9.010801624488831,8.812563988750076,609.863736378932,4,1817.5177385791244
BONKUSDT,2024-06,-13.79748360874061,-2.200000000000002,STOP_LOSS,2.6295257368474268e-05,2.5716761706367833e-05,605.1527898570432,31,1198.2447546607566
SEIUSDT,2024-06,-5.734640009061983,-0.8675088359697214,STALL_EXIT,0.4711942225277424,0.4671065710127354,605.2334069468485,60,1797.985614961322
ORDIUSDT,2024-06,38.43841526801212,6.499999999999995,TAKE_PROFIT,48.97979522094727,52.16348191030884,598.7292097821203,113,1836.4240302293342
ROSEUSDT,2024-06,-5.368917220691413,-0.7979494425695011,STALL_EXIT,0.12135426646023989,0.1203859207674861,611.5292020663684,72,607.7519394759886
NEARUSDT,2024-06,-13.939151675039845,-2.200000000000002,STOP_LOSS,5.792158089351654,5.6647306113859175,611.3663015368357,5,1205.4236358583992
JASMYUSDT,2024-06,-13.794414282481405,-2.200000000000002,STOP_LOSS,0.03454090666025877,0.033781006713733075,605.0181702842725,8,1191.6292215759177
ENSUSDT,2024-06,4.323057338363084,0.8000000000000007,TRAILING_LOCK,22.874574839401244,23.057571438116454,600.424630328206,39,1195.9522789142807
ORDIUSDT,2024-06,4.3334223006375385,0.8000000000000007,TRAILING_LOCK,43.23864554214477,43.58455470648193,601.8642084218809,56,1200.2857012149182
CKBUSDT,2024-06,-13.755405027494271,-2.200000000000002,STOP_LOSS,0.012092418324016035,0.011826385120887682,603.3072380479933,5,589.7931559157182
ORDIUSDT,2024-06,4.294789494158594,0.8000000000000007,TRAILING_LOCK,41.838367831420896,42.17307477407226,596.4985408553634,16,1190.8250856815826
BONKUSDT,2024-06,-13.683576250118948,-2.200000000000002,STOP_LOSS,2.2474493748813982e-05,2.1980054886340074e-05,600.1568530753924,4,586.7133395665036
FILUSDT,2024-06,2.4788067907164764,0.49999999999998934,TRAILING_LOCK,4.891977993965149,4.916437883934974,590.1920930277489,4,1179.62031622218
ENSUSDT,2024-06,38.290527683075425,6.499999999999995,TAKE_PROFIT,22.324463694763182,23.77555383492279,596.4256648454115,14,634.954762794425
LINKUSDT,2024-06,-3.768246605567529,-0.5666617342813263,STALL_EXIT,14.047809076309203,13.96820551776886,582.7229919140648,108,604.8001659215907
ROSEUSDT,2024-06,-13.887452454438856,-2.200000000000002,STOP_LOSS,0.09896978861689568,0.09679245326732397,609.0987918613527,8,1200.255144845249
TRXUSDT,2024-06,4.402423773911909,0.8000000000000007,TRAILING_LOCK,0.11595318445712327,0.11688080993278026,611.4477463766531,1046,1816.3498940943648
ORDIUSDT,2024-06,-13.790454935922032,-2.199999999999991,STOP_LOSS,38.0076,37.1714328,604.8445147334235,6,1802.5594391584427
ENSUSDT,2024-06,38.531064204522124,6.499999999999995,TAKE_PROFIT,25.96519108428955,27.65292850476837,600.1723396343019,207,1240.5981092059073
FETUSDT,2024-06,-9.893082785874222,-1.5338713539931104,STALL_EXIT,1.5393078343391418,1.5156968324184419,613.0031840144078,360,617.5383258169401
ORDIUSDT,2024-06,39.349562353777,6.499999999999995,TAKE_PROFIT,40.49809967880249,43.13047615792465,612.921531990297,254,1270.0545887738103
ORDIUSDT,2024-06,6.783008845698399,1.1690937807542268,TRAILING_LOCK,41.438286305236815,41.92273873328247,622.8121917105194,77,1276.8375976195089
XRPUSDT,2024-06,-9.405294722186675,-1.4868902606640866,STALL_EXIT,0.48369671060442926,0.47650467132329943,600.2522932397615,1507,1867.9246970543795
FETUSDT,2024-06,39.93361492844674,6.499999999999995,TAKE_PROFIT,1.6843368152618408,1.7938187082538604,622.0189241191084,84,1907.8583119828263
ENSUSDT,2024-06,4.775202326575238,0.8316253610965996,TRAILING_LOCK,27.295458915710448,27.5224548744812,635.3168178902812,33,1912.6335143094016
ENSUSDT,2024-06,4.5857301139082685,0.8000000000000007,TRAILING_LOCK,26.435286305236815,26.64676859567871,636.9069602650308,68,1917.2192444233099
ETHUSDT,2024-06,6.90363449276132,1.1613387761311156,MONTH_END,3398.689611767578,3438.159912109375,638.4340083929623,105,1285.5185703454335
XRPUSDT,2024-06,3.544533027210469,0.6352657244605986,MONTH_END,0.47309458998441695,0.47609999775886536,638.3489689830443,105,1927.6674119432814
FETUSDT,2024-07,-14.635622058438155,-2.200000000000002,STOP_LOSS,1.3102619427680968,1.2814361800271987,641.9132481771128,18,1913.0317898848434
BONKUSDT,2024-07,4.586685019427875,0.8000000000000007,TRAILING_LOCK,2.53650711991213e-05,2.556799176871427e-05,637.0395860316529,73,1917.6184749042714
RENDERUSDT,2024-07,-7.3264655192210535,-1.0673292651040556,STALL_EXIT,5.839167420673371,5.776844277954102,638.5669521431224,139,1910.2920093850503
RENDERUSDT,2024-08,-14.503701052055074,-2.200000000000002,STOP_LOSS,5.442088184738159,5.322362244673919,636.1272391252218,6,1259.4913843532343
CKBUSDT,2024-08,-14.501769159074916,-2.200000000000002,STOP_LOSS,0.010444088282436132,0.010214318340222538,636.0425069769703,6,1881.2865391739206
ORDIUSDT,2024-08,-14.283479920024067,-2.200000000000002,STOP_LOSS,30.146027389526367,29.482814786956787,626.4684175449156,2,1867.0030592538965
TIAUSDT,2024-08,-14.17125804951132,-2.200000000000002,STOP_LOSS,4.672934331321716,4.570129776032639,621.5464056803213,51,608.9932392920163
XRPUSDT,2024-08,39.913911602565314,6.499999999999995,TAKE_PROFIT,0.5883176131010055,0.6265582579525708,621.7120187315476,203,1270.8678544336217
XLMUSDT,2024-08,-6.366435468175074,-0.9441532089632387,STALL_EXIT,0.09951990047693253,0.09858028014302254,621.6292066906525,476,1886.3792773387754
ORDIUSDT,2024-08,-3.880835829693182,-0.5378058564750265,STALL_EXIT,30.126024839401243,29.96400531349182,628.1642993538122,285,1882.498441509082
ORDIUSDT,2024-08,40.245181181646025,6.499999999999995,TAKE_PROFIT,26.56531146583557,28.29205671111488,626.8719810225243,294,668.7487501771334
GALAUSDT,2024-08,40.239820523512606,6.499999999999995,TAKE_PROFIT,0.015543108051270247,0.01655341007460281,626.7884816746522,400,1336.027767767968
NEARUSDT,2024-08,-7.20529260293861,-1.0697104184995143,STALL_EXIT,3.8837764969825743,3.8422313351631163,626.7049934488931,833,1955.7781506113022
OPUSDT,2024-08,41.81179877065873,6.499999999999995,TAKE_PROFIT,1.3282655494451523,1.414602810159087,651.2741241535637,610,1997.5899493819607
CKBUSDT,2024-08,42.705676491857126,6.499999999999995,TAKE_PROFIT,0.009463892270810901,0.010079045268413609,665.1974531441929,36,2040.2956258738177
FETUSDT,2024-08,-6.261487517824868,-0.8415951639969221,STALL_EXIT,1.2472493790149688,1.2367525885581971,679.4184434159813,88,1354.4344622987228
JASMYUSDT,2024-08,-15.488677143248474,-2.200000000000002,STOP_LOSS,0.02346469275355339,0.022948469512975214,679.3279448793184,9,2018.5454612127444
CKBUSDT,2024-08,-3.3108657165075526,-0.41255961187212087,STALL_EXIT,0.00992898531910032,0.009888022335805,672.1756385838439,102,2015.234595496237
SEIUSDT,2024-08,15.620716420283166,2.407721964678644,TRAILING_LOCK,0.3445689052462578,0.35286516646132465,671.073120300247,58,2030.8553119165201
FETUSDT,2024-08,43.41684337133844,6.499999999999995,TAKE_PROFIT,1.1632325875997542,1.2388427057937381,676.2748188682012,112,2074.2721552878584
ORDIUSDT,2024-09,-15.748703911807583,-2.200000000000002,STOP_LOSS,31.09621815261841,30.4121013532608,690.7326277108568,23,2058.5234513760506
CKBUSDT,2024-09,44.00834945758805,6.499999999999995,TAKE_PROFIT,0.00878775751143694,0.009358961749680341,685.4883093082249,7,2102.531800833639
CKBUSDT,2024-09,44.949186357301976,6.499999999999995,TAKE_PROFIT,0.01280255967658013,0.013634726055557838,700.1430896776018,59,2147.480987190941
CKBUSDT,2024-09,45.910137032760225,6.499999999999995,TAKE_PROFIT,0.01370774128139019,0.014598744464680551,715.1111687345834,159,2193.3911242237014
CKBUSDT,2024-09,3.0672682117859043,0.49999999999998934,TRAILING_LOCK,0.016391278520599007,0.016473234913202,730.301955187143,11,1465.766988371248
CKBUSDT,2024-09,-16.674172505437976,-2.199999999999991,STOP_LOSS,0.018576713764294983,0.018168026061480495,731.3233555016677,7,1449.0928158658103
CKBUSDT,2024-09,-16.5475755181078,-2.200000000000013,STOP_LOSS,0.017302459973841906,0.016921805854417382,725.7708560573568,2,1432.5452403477025
TRXUSDT,2024-09,41.8759710479936,5.813298791172006,MONTH_END,0.14742948665320874,0.15600000321865082,730.3992443664926,1085,2205.112615459935
APTUSDT,2024-10,47.14222056087179,6.499999999999995,TAKE_PROFIT,8.611721656608582,9.17148356428814,734.3025009481585,81,2252.254836020807
LTCUSDT,2024-10,-8.023850826198254,-0.9898455495068514,STALL_EXIT,66.31326305236816,65.65686416931152,750.0008603949287,61,2244.230985194609
TIAUSDT,2024-10,47.978516540081465,6.499999999999995,TAKE_PROFIT,6.000199872493744,6.390212864205838,747.3289180698048,102,2292.20950173469
GALAUSDT,2024-10,24.674224575475673,3.3125479167959604,TRAILING_LOCK,0.022724543775245548,0.023477305176673832,763.3057640776518,45,1553.374352923589
APTUSDT,2024-10,48.99770269034207,6.499999999999995,TAKE_PROFIT,10.032005732917785,10.68408610555744,763.2040917498767,58,2365.8814290005075
JASMYUSDT,2024-10,6.01189241025095,0.8430868876358577,TRAILING_LOCK,0.018903779558837413,0.019063154845565557,787.838515857169,38,2371.8933214107583
RENDERUSDT,2024-10,50.70775856111203,6.499999999999995,TAKE_PROFIT,5.117023375511169,5.449629894919395,789.8404760297825,299,2422.6010799718706
PYTHUSDT,2024-10,-9.227318855623441,-1.063950520019763,STALL_EXIT,0.36127224481701853,0.35742848688960077,806.6187037061701,153,1606.3249110217619
TIAUSDT,2024-10,5.785531246996201,0.8000000000000007,TRAILING_LOCK,5.0790156686782835,5.11964779402771,803.5460065272474,96,1612.110442268758
TRXUSDT,2024-10,51.79181944828662,6.499999999999995,TAKE_PROFIT,0.15703140524625778,0.16723844658726453,806.726159630633,2973,2470.9511118115297
TIAUSDT,2024-10,28.769275072553302,3.576395336359317,TRAILING_LOCK,4.836967165660858,5.009956233794784,822.8267202332395,27,2499.720386884083
ETHUSDT,2024-11,-9.021192202767873,-1.0037479030743923,STALL_EXIT,2510.502,2485.3028888183594,832.4068888323997,70,2490.699194681315
SEIUSDT,2024-11,-18.910384565698436,-2.200000000000002,STOP_LOSS,0.3407681405246258,0.333271241433084,829.402831828878,11,2471.788810115617
FLUXUSDT,2024-11,52.84338425593769,6.499999999999995,TAKE_PROFIT,0.4729945831954479,0.503739231103152,823.1056737685004,220,2524.6321943715543
DOGEUSDT,2024-11,3.530950587047995,0.49999999999998934,TRAILING_LOCK,0.1994498884052038,0.2004471378472298,840.7025207257276,3,2528.1631449586025
DOGEUSDT,2024-11,54.04138933880898,6.499999999999995,TAKE_PROFIT,0.19383876233696937,0.20643828188887237,841.7661890780223,71,897.9987282473227
TIAUSDT,2024-11,54.04858861081198,6.499999999999995,TAKE_PROFIT,5.107021146583557,5.438977521111489,841.8783272712146,91,1794.2623954602577
BONKUSDT,2024-11,-8.789078392131257,-0.9642625716482667,STALL_EXIT,2.1634325537161203e-05,2.1425713833377813e-05,841.6540658216371,134,2627.464044516092
ENSUSDT,2024-11,-19.94875801158405,-2.200000000000013,STOP_LOSS,19.683936305236816,19.250889706521605,874.9455268238587,21,1732.3363708311904
GALAUSDT,2024-11,-19.946100837016864,-2.200000000000002,STOP_LOSS,0.025945187148079276,0.02537439303082153,874.8289840796859,5,2587.569185667491
DOGEUSDT,2024-11,-19.645860285261858,-2.200000000000002,STOP_LOSS,0.28332665541172025,0.2770934689926624,861.6605388272746,2,1706.0329414324692
ANKRUSDT,2024-11,-19.643243456671858,-2.200000000000002,STOP_LOSS,0.02875575052164495,0.02812312401016876,861.5457656435028,5,2548.2800819255576
RENDERUSDT,2024-11,54.478660559453644,6.499999999999995,TAKE_PROFIT,6.026205095386505,6.417908426586627,848.5772672812108,57,2602.758742485011
NEARUSDT,2024-11,55.64333805208995,6.499999999999995,TAKE_PROFIT,5.295058948802948,5.639237780475139,866.7186612475087,78,1791.452224929542
BONKUSDT,2024-11,55.63592635946147,6.499999999999995,TAKE_PROFIT,2.5295058849224004e-05,2.6939237674423563e-05,866.6032143218306,25,2714.038006896563
APTUSDT,2024-11,-20.606062163561518,-2.200000000000002,STOP_LOSS,12.55251019077301,12.276354966576003,903.7746562965555,1,2693.4319447330013
CFXUSDT,2024-11,-20.44688880877954,-2.199999999999991,STOP_LOSS,0.1677335326552391,0.16404339493682385,896.7933688061216,2,878.6808676973253
ANKRUSDT,2024-11,-20.449612697190837,-2.200000000000002,STOP_LOSS,0.030796157291159032,0.030118641830753533,896.9128375960895,3,1755.5028577312623
HBARUSDT,2024-11,-20.444165283190227,-2.200000000000002,STOP_LOSS,0.05723144477382302,0.055972352988798914,896.6739159293967,3,2632.0912779438404
FETUSDT,2024-11,3.6812428613321493,0.49999999999998934,TRAILING_LOCK,1.3102619427680968,1.3168132524819371,876.4863955552989,8,2635.7725208051725
APTUSDT,2024-11,3.6863914475980426,0.49999999999998934,TRAILING_LOCK,11.882376114463806,11.941787995036124,877.7122494281225,2,2639.4589122527705
DOGEUSDT,2024-11,3.6915472346766554,0.49999999999998934,TRAILING_LOCK,0.3956291225910187,0.39760726820397374,878.9398177801726,4,2643.150459487447
DOGEUSDT,2024-11,-20.06785554861248,-2.200000000000002,STOP_LOSS,0.39228844871520996,0.38365810284347535,880.1691030093199,2,2623.0826039388344
JASMYUSDT,2024-11,56.077833756566754,6.499999999999995,TAKE_PROFIT,0.021454289883747698,0.022848818726191298,873.4865071116319,18,931.8378035889668
POLUSDT,2024-11,56.0628956166003,6.499999999999995,TAKE_PROFIT,0.36647328343391417,0.39029404685711855,873.2538258037445,25,1861.5038265396329
ANKRUSDT,2024-11,6.288265142703959,0.8000000000000007,TRAILING_LOCK,0.0292358464512974,0.02946973322290778,873.3701587088846,43,2741.5115984547047
ORDIUSDT,2024-11,-20.814652660107456,-2.199999999999991,STOP_LOSS,41.858368473815915,40.93748436739197,912.9233622854167,1,2720.696945794597
XLMUSDT,2024-11,58.16469172536431,6.499999999999995,TAKE_PROFIT,0.1483296669870615,0.15797109534122047,905.9920829496009,37,2778.8616375199613
HBARUSDT,2024-11,-21.09822909670661,-2.200000000000002,STOP_LOSS,0.0829765941247344,0.08115110905399024,925.3609252941471,2,2757.7634084232545
XLMUSDT,2024-11,58.95712080331732,6.499999999999995,TAKE_PROFIT,0.154230842551589,0.16425584731744228,918.3352150049438,16,2816.7205292265717
HBARUSDT,2024-11,-21.38282037499619,-2.200000000000002,STOP_LOSS,0.08806761036962271,0.08613012294149101,937.8429989033423,7,1856.9945854446341
RENDERUSDT,2024-11,3.909034582817451,0.49999999999998934,TRAILING_LOCK,6.914382706832885,6.948954620367049,930.7225197184687,2,935.0038433091734
XRPUSDT,2024-11,33.75867222290838,3.679128596922765,TRAILING_LOCK,1.106321183180809,1.1470241622050286,937.9679362324484,34,974.8319308634415
FETUSDT,2024-11,-21.10207407954502,-2.200000000000013,STOP_LOSS,1.2962592038154601,1.2677415013315199,925.5295648923212,6,936.108982475102
ROSEUSDT,2024-11,-21.24734160748023,-2.199999999999991,STOP_LOSS,0.08253650463670492,0.08072070153469742,931.9009476965031,4,1847.1353489432036
JASMYUSDT,2024-11,-21.50366937566702,-2.200000000000002,STOP_LOSS,0.022154430557414888,0.02166703308515176,943.1433936696046,3,2769.152330594609
ATOMUSDT,2024-11,-21.024512154806594,-2.200000000000013,STOP_LOSS,5.97219439458847,5.8408061179075235,922.1277260880048,34,2748.1278184398025
HBARUSDT,2024-11,58.751125379297086,6.499999999999995,TAKE_PROFIT,0.08787757511436939,0.09358961749680339,915.1265635404543,12,2806.8789438190997
HBARUSDT,2024-11,-21.310947693052196,-2.200000000000002,STOP_LOSS,0.11245248481482267,0.10997853014889657,934.6906882917602,11,2785.5679961260475
RENDERUSDT,2024-11,9.016372399017271,1.0522759583488916,TRAILING_LOCK,7.569513439750671,7.649165609841155,927.3470480879539,106,938.7776127529738
POLUSDT,2024-11,-10.42757807041359,-1.0441530740965321,STALL_EXIT,0.4380875935614109,0.4335132884860039,927.5941427099739,154,925.5935751527527
BONKUSDT,2024-11,59.72843790621617,6.499999999999995,TAKE_PROFIT,4.8249647159536834e-05,5.1385874224906723e-05,930.3495000968267,71,1916.0436529558342
UNIUSDT,2024-11,59.54361169632452,6.499999999999995,TAKE_PROFIT,8.878775255012512,9.455895646588324,927.470587170165,182,2903.428840057192
XRPUSDT,2024-11,-11.566502383548304,-1.116317984888271,STALL_EXIT,1.0775154124975204,1.0654869141578676,966.841803739045,74,2891.8623376736437
ROSEUSDT,2024-11,-13.479246485288332,-1.31972837386517,STALL_EXIT,0.07812562398165464,0.07709457795470953,962.9901584453233,64,2878.383091188355
BONKUSDT,2024-11,11.763776309500512,1.3073090295809386,TRAILING_LOCK,4.9459888186538594e-05,5.010648177082185e-05,958.5015693657223,26,2890.146867497856
ORDIUSDT,2024-11,-21.943151076790798,-2.200000000000013,STOP_LOSS,34.886977068328854,34.119463572825616,962.4189068767861,2,2868.203716421065
ENSUSDT,2024-11,61.310012390306994,6.499999999999995,TAKE_PROFIT,16.893377389526368,17.99144691984558,954.9846166714507,26,1018.7804908225316
TIAUSDT,2024-11,61.31817997187932,6.499999999999995,TAKE_PROFIT,4.872974617481232,5.189717967617511,955.1118375682147,121,2035.5925530976529
RENDERUSDT,2024-11,61.3018458966567,6.499999999999995,TAKE_PROFIT,7.087417165660858,7.548099281428813,954.8574127205101,119,3052.1337546799077
RENDERUSDT,2024-11,-13.850514129343589,-1.282755988651496,STALL_EXIT,7.240447643566132,7.147570367813111,1016.3605403084093,151,1005.1553535887491
ALGOUSDT,2024-11,-23.16993367272522,-2.200000000000002,STOP_LOSS,0.23754749701917172,0.23232145208474994,1016.2251610844402,4,993.4617174761487
HBARUSDT,2024-11,-23.166847437560026,-2.200000000000002,STOP_LOSS,0.13368673554360866,0.13074562736164927,1016.0897998929838,4,1986.7911058515297
RENDERUSDT,2024-11,-22.908378710339317,-2.200000000000002,STOP_LOSS,7.152430222892761,6.99507675798912,1004.753452207866,1,2969.0380807299393
HBARUSDT,2024-11,-22.536119902055212,-2.199999999999991,STOP_LOSS,0.15089016867578028,0.14757058496491313,988.4263114936522,1,968.4633934599178
ADAUSDT,2024-11,18.401549529118924,1.9412057842743025,TRAILING_LOCK,1.0692138057231904,1.0899694459661484,988.6896808830699,19,1975.9500997444597
XRPUSDT,2024-11,10.962348836571957,1.1889231968282399,TRAILING_LOCK,1.5401080078840255,1.558418709245968,988.5579874175761,19,2975.8658591935746
VETUSDT,2024-11,63.61984585735566,6.499999999999995,TAKE_PROFIT,0.0423584716334939,0.045111772289671,990.9633311114604,30,3039.48570505093
SEIUSDT,2024-11,-23.073917411791946,-2.200000000000002,STOP_LOSS,0.526805359840393,0.5152156419239043,1012.0139215698208,3,991.5743153972716
ANKRUSDT,2024-11,-23.076991267028717,-2.200000000000002,STOP_LOSS,0.03888777775391936,0.038032246643333135,1012.1487397819598,8,1981.0509234081155
CFXUSDT,2024-11,64.96263958845294,6.499999999999995,TAKE_PROFIT,0.1702340451747179,0.18129925811107456,1011.8791213154677,33,3058.2974359605623
DOTUSDT,2024-11,65.38211756442634,6.499999999999995,TAKE_PROFIT,8.398679712867736,8.944593894204138,1018.4130461748673,8,3123.6795535249885
DOTUSDT,2024-11,-23.71622464218318,-2.200000000000002,STOP_LOSS,9.145828853416443,8.94462061864128,1040.1852913238213,13,1019.1764038451345
BONKUSDT,2024-11,-23.709907060717452,-2.200000000000002,STOP_LOSS,4.7629524259536995e-05,4.658167472582718e-05,1039.9082044174297,12,2035.7906644836137
POLUSDT,2024-11,-23.713065641060783,-2.200000000000002,STOP_LOSS,0.5766152985692025,0.56392976200068,1040.046738643017,56,3052.540356181027
XLMUSDT,2024-11,4.268714273666751,0.49999999999998934,TRAILING_LOCK,0.4743948570907116,0.4767668313761651,1016.3605413492594,2,2039.9065334709685
XLMUSDT,2024-11,-23.205430129014495,-2.200000000000002,STOP_LOSS,0.46879373170137406,0.45848026960394384,1017.7820232023904,1,2016.701103341954
ATOMUSDT,2024-11,-23.17610740026885,-2.200000000000002,STOP_LOSS,8.314662325286864,8.131739754130553,1016.4959386082821,19,3010.4275329254106
XLMUSDT,2024-11,17.24252473758368,1.8000000000000016,TRAILING_LOCK,0.5260051862955093,0.5354732796488285,1002.4723684641617,4,3027.670057662994
DOTUSDT,2024-11,4.234499342647338,0.49999999999998934,TRAILING_LOCK,8.631726114463806,8.674884745036124,1008.2141292017772,6,1015.0727529225692
ALGOUSDT,2024-11,-22.981158741682794,-2.200000000000002,STOP_LOSS,0.2758551496982574,0.26978633640489574,1007.9455588457348,10,2000.4403312501595
XLMUSDT,2024-11,46.873932946908795,4.729823487759743,TRAILING_LOCK,0.5227045151352883,0.5474275160637379,1008.0798350797675,15,2053.559380936847
FILUSDT,2024-11,-22.841888510843415,-2.200000000000013,STOP_LOSS,5.522104108428955,5.400617818043518,1001.8372153878656,3,3032.9554427000244
BONKUSDT,2024-11,-13.954144528840711,-1.302001953631804,STALL_EXIT,4.594918783623143e-05,4.535092851292575e-05,1009.7051232214438,135,998.3795763728898
JASMYUSDT,2024-11,-7.982177554263945,-0.7103348274915211,STALL_EXIT,0.02535507070943713,0.0251749648116529,1009.9741624191082,143,1002.395974529812
ICPUSDT,2024-11,12.239799718604548,1.3064569436583406,TRAILING_LOCK,12.151429967880249,12.3101831684494,997.9803842192022,18,2013.0153506213064
ROSEUSDT,2024-11,-15.825547932368963,-1.4871347609785368,STALL_EXIT,0.09326864898651838,0.09188161848634481,1009.839633860674,162,3007.4333724031558
HBARUSDT,2024-11,-22.833637136633833,-2.200000000000013,STOP_LOSS,0.1365973206102848,0.1335921795568585,1001.4753130102509,7,2984.5997352665217
UNIUSDT,2024-11,-22.66027503003753,-2.200000000000002,STOP_LOSS,12.801559586334228,12.519925275434876,993.8717118437518,19,2961.9394602364846
ENSUSDT,2024-11,-22.485233725775718,-2.200000000000002,STOP_LOSS,42.29845891571045,41.367892819564815,986.194461656827,1,1952.733855915856
XRPUSDT,2024-11,59.232464024838265,6.085364718955288,MONTH_END,1.8393677866458893,1.951300024986267,986.3258402587494,134,2998.6866905355473
HBARUSDT,2024-12,64.10772328228327,6.499999999999995,TAKE_PROFIT,0.1914982904881239,0.20394567936985195,998.5626679483373,74,3062.794413817831
LTCUSDT,2024-12,-23.250862879957555,-2.200000000000002,STOP_LOSS,122.72453694763183,120.02459713478393,1019.7746877174362,19,2019.2250469206151
TIAUSDT,2024-12,18.223265724269968,1.8667513878050102,TRAILING_LOCK,7.807561432743072,7.953309194142532,1019.9105398013378,37,3057.7668166621434
DOGEUSDT,2024-12,-23.212696435760375,-2.200000000000002,STOP_LOSS,0.44402880164980885,0.434260168013513,1018.1007208666807,3,2015.91047573791
BONKUSDT,2024-12,-23.215788778825683,-2.200000000000002,STOP_LOSS,4.418883625912713e-05,4.321668186142633e-05,1018.2363499484937,5,995.4278557096475
GALAUSDT,2024-12,64.50389333289016,6.499999999999995,TAKE_PROFIT,0.04355870959460735,0.046390025718256823,1004.7335410107519,31,2065.0671834696936
ANKRUSDT,2024-12,7.548760445075024,0.8271276634868263,TRAILING_LOCK,0.04249849976822734,0.04285001661637723,1010.3708929535725,49,3083.390985225523
GRTUSDT,2024-12,65.90102297590306,6.499999999999995,TAKE_PROFIT,0.27475492597818374,0.29261399616676564,1026.4956849829161,54,1095.0690170462105
PYTHUSDT,2024-12,65.90980216155114,6.499999999999995,TAKE_PROFIT,0.4741948137044906,0.5050174765952825,1026.632432422915,59,2188.0219046036455
POLUSDT,2024-12,65.9185825167424,6.499999999999995,TAKE_PROFIT,0.6108221512556076,0.6505255910872221,1026.7691980800992,73,3281.120392879719
HBARUSDT,2024-12,4.588974981481469,0.49999999999998934,TRAILING_LOCK,0.3509701743721962,0.35272502524405713,1092.6130908289465,10,3285.7093678612
ALGOUSDT,2024-12,-24.939774520918913,-2.200000000000013,STOP_LOSS,0.5531105732917786,0.5409421406793594,1093.8497596894217,10,1071.7576392754047
FILUSDT,2024-12,7.876767455188883,0.8000000000000007,TRAILING_LOCK,7.286456847381592,7.344748502160645,1093.9954798873425,46,2174.067484809891
JASMYUSDT,2024-12,-24.813547766585586,-2.200000000000002,STOP_LOSS,0.03930785843208432,0.038443085546578465,1088.3134985344545,1,2149.253937043305
ICPUSDT,2024-12,-27.09392072021376,-2.396272736772509,STALL_EXIT,13.747748885536193,13.418315327072143,1094.1412194977797,82,1067.4849552653648
PYTHUSDT,2024-12,-24.625153386522545,-2.200000000000002,STOP_LOSS,0.512502451479435,0.5012273975468874,1080.0505871281814,3,2123.342409241875
DOTUSDT,2024-12,-24.358243019502492,-2.200000000000013,STOP_LOSS,9.81896378917694,9.602946585815047,1068.3439920834392,3,3167.7554959026447
ALGOUSDT,2024-12,4.430422836569305,0.49999999999998934,TRAILING_LOCK,0.5110022006034851,0.5135572116065025,1054.8625801355809,7,1062.0385413770896
XLMUSDT,2024-12,7.592987400911081,0.8000000000000007,TRAILING_LOCK,0.5078015660405159,0.51186397856884,1054.5815834598577,39,1068.1555703973725
TRXUSDT,2024-12,4.446057923910252,0.49999999999998934,TRAILING_LOCK,0.3885777050077915,0.3905205935328304,1058.5852199786473,2,1072.6016283212828
TRXUSDT,2024-12,-24.16949926569465,-2.200000000000002,STOP_LOSS,0.38137626233696936,0.37298598456555604,1060.0657572673094,3,1048.4321290555881
JASMYUSDT,2024-12,67.79885629870286,6.499999999999995,TAKE_PROFIT,0.03896779063716531,0.04150069702858105,1056.0569516931926,151,1124.2782307725724
XRPUSDT,2024-12,-10.924593094882603,-0.955779318584904,STALL_EXIT,2.5219042548179624,2.4978004155158997,1054.7220724399067,196,1093.4723561609183
TRXUSDT,2024-12,18.483040959529404,1.8000000000000016,TRAILING_LOCK,0.3517703479170799,0.3581022141795873,1074.5954046238048,23,2186.9806399061017
HBARUSDT,2024-12,-24.561365133735467,-2.200000000000002,STOP_LOSS,0.290418075710535,0.28402887804490323,1077.2528567427812,4,1084.8790643634381
BONKUSDT,2024-12,-24.558093559899632,-2.200000000000002,STOP_LOSS,4.145828911641729e-05,4.054620675585611e-05,1077.109366662263,6,2137.8611812124664
ICPUSDT,2024-12,-23.016784146967314,-2.1162309454754613,STALL_EXIT,14.638926879501343,14.32913337879181,1048.0129238860338,60,3163.276526121087
ALGOUSDT,2024-12,7.58427179902794,0.8000000000000007,TRAILING_LOCK,0.48429684076309204,0.4881712154891968,1053.3710831983221,23,1063.6970114159542
RENDERUSDT,2024-12,7.582251483582675,0.8000000000000007,TRAILING_LOCK,8.68473621082306,8.754214100509644,1053.0904838309207,28,2124.7909829239898
NEARUSDT,2024-12,14.928832730715072,1.4974322567130827,TRAILING_LOCK,7.433486560249328,7.544797985800933,1053.2307741700401,41,1076.1037863607728
ORDIUSDT,2024-12,-24.128812388560686,-2.200000000000002,STOP_LOSS,46.49929967880249,45.47631508586883,1058.281245112312,20,1047.1433578074661
ICPUSDT,2024-12,-24.238929190396227,-2.200000000000002,STOP_LOSS,14.423883726882934,14.10655828489151,1063.1109294033415,9,1039.2972445847063
APTUSDT,2024-12,-23.86532242903863,-2.200000000000002,STOP_LOSS,13.502699999999999,13.205640599999999,1046.7246679402901,1,2062.5752799631337
XRPUSDT,2024-12,35.05670545322308,3.3930489452013157,TRAILING_LOCK,2.2891578437805173,2.3668300898529053,1058.1402820504632,22,3156.1955235796404
RENDERUSDT,2024-12,-13.484718506644397,-1.20302096202759,STALL_EXIT,9.88597662448883,9.767046253395081,1051.0131093520204,65,3142.7108050729958
HBARUSDT,2024-12,-15.00872312487593,-1.3541517056704255,STALL_EXIT,0.32105419419407843,0.3167066333472729,1046.5226980893076,350,3127.7020819481204
POLUSDT,2024-12,-23.746765286983017,-2.200000000000013,STOP_LOSS,0.6500299991726876,0.6357293391908884,1041.5247932887241,9,3103.9553166611377
ANKRUSDT,2024-12,10.454165585962327,1.0916851709732,TRAILING_LOCK,0.04325864824131131,0.04373089648932516,1033.3417831859545,32,1046.4860805259873
UNIUSDT,2024-12,23.451438740481255,2.3488709655189455,TRAILING_LOCK,15.523104457855224,15.887722151412962,1033.6171204481589,33,2103.9680865628065
ALGOUSDT,2024-12,27.43871701839512,2.7349843070026303,TRAILING_LOCK,0.4070814052462578,0.41821501779646875,1033.4794426477151,37,1075.0629865629603
DOTUSDT,2024-12,-23.82075662077788,-2.199999999999991,STOP_LOSS,8.213642293167114,8.032942162717438,1044.7700272271038,3,2096.430165180177
ANKRUSDT,2024-12,-23.8175836959961,-2.200000000000002,STOP_LOSS,0.042188437736034395,0.04126029210584164,1044.6308638594771,3,3117.661297689202
CKBUSDT,2024-12,4.360361090948047,0.49999999999998934,TRAILING_LOCK,0.013107621369324625,0.013173159476171247,1038.1812121305043,7,1045.243694277661
DOTUSDT,2024-12,4.359780290850692,0.49999999999998934,TRAILING_LOCK,8.182635955810547,8.223549135589598,1038.0429263930484,7,2088.0616181321175
JASMYUSDT,2024-12,66.82878265390534,6.499999999999995,TAKE_PROFIT,0.03857771572172641,0.041085267243638625,1040.9467703100545,86,1113.6659613392937
HBARUSDT,2024-12,66.81988106005583,6.499999999999995,TAKE_PROFIT,0.2754550927340984,0.29335967376181477,1040.808116200249,118,2221.710281846079
APTUSDT,2024-12,66.63347911263114,6.499999999999995,TAKE_PROFIT,11.332265923690796,12.068863208730697,1037.904659075253,142,3326.663581897593
ENSUSDT,2024-12,71.11941005195587,6.499999999999995,TAKE_PROFIT,39.01780032119751,41.55395734207535,1107.7789727718985,36,3397.782991949548
JASMYUSDT,2024-12,8.14543938443473,0.8000000000000007,TRAILING_LOCK,0.04267853434458375,0.04301996261934042,1131.3110256159218,18,2274.014110320256
POLUSDT,2024-12,-12.878688851101634,-1.0582345896201328,STALL_EXIT,0.6382276480436325,0.6314737023115158,1131.4617363191996,111,3393.049742482882
LINKUSDT,2024-12,-25.761390864827067,-2.200000000000002,STOP_LOSS,29.46589108428955,28.817641480435178,1129.8855642467997,30,3367.288351618055
TIAUSDT,2024-12,-17.681197650152036,-1.49683821804516,STALL_EXIT,6.931385828304291,6.827634196186066,1121.3070210888125,171,3349.607153967903
PYTHUSDT,2024-12,-25.431557355785877,-2.200000000000002,STOP_LOSS,0.4388877671062946,0.42923223622995615,1115.4191822713117,8,3324.175596612117
BONKUSDT,2024-12,71.04728962948842,6.499999999999995,TAKE_PROFIT,3.499699813110055e-05,3.7271803009622084e-05,1106.6556017054295,35,1180.5838833004118
GALAUSDT,2024-12,71.05675438917322,6.499999999999995,TAKE_PROFIT,0.04880975905805826,0.05198239339683205,1106.8030278687418,42,2358.8863867694745
UNIUSDT,2024-12,-10.546383683199357,-0.8338001339000423,STALL_EXIT,16.87737534942627,16.73665177116394,1154.1236745269562,60,2348.3400030862754
TIAUSDT,2024-12,-12.636090036638763,-1.0615226188687488,STALL_EXIT,6.655330605411529,6.584682765674591,1106.950473671835,148,3443.0971669109404
ENSUSDT,2024-12,-26.141370930054617,-2.200000000000002,STOP_LOSS,46.04920891571045,45.03612631956482,1146.5513565813433,6,3416.955795980886
UNIUSDT,2024-12,-11.442051621109943,-0.9255885247074103,STALL_EXIT,16.031205477905274,15.882822479629517,1137.846280061635,162,2267.36394753507
CKBUSDT,2024-12,-11.724700052407089,-0.9505664478570042,STALL_EXIT,0.012297459255158901,0.012180563733540475,1137.6947189371308,60,1126.4250967722985
GALAUSDT,2024-12,-18.60498799994448,-1.5608185675271447,STALL_EXIT,0.04338867569714785,0.042711457190662626,1133.8845359352429,87,2242.158198521971
TIAUSDT,2024-12,-16.51302579836764,-1.3780100617452162,STALL_EXIT,6.127225127506256,6.042791348743439,1132.5728286539916,88,3358.6710305090564
APTUSDT,2024-12,-25.500373932036933,-2.200000000000002,STOP_LOSS,10.262052228927612,10.036287079891204,1118.4374531595158,8,1095.848086821262
RENDERUSDT,2024-12,-25.493581084855187,-2.200000000000002,STOP_LOSS,7.402480222892761,7.23962565798912,1118.1395212655796,8,2188.9412828104923
SOLUSDT,2024-12,-25.4969772822293,-2.200000000000013,STOP_LOSS,187.38747610473632,183.2649516304321,1118.2884772907548,10,3282.180098209934
APTUSDT,2024-12,4.5904570853563325,0.49999999999998934,TRAILING_LOCK,9.35187038154602,9.398629733453749,1092.9659727039082,5,3286.7705552952903
JASMYUSDT,2024-12,18.172279866988298,1.7403352772543679,TRAILING_LOCK,0.03276655371934176,0.03333680161285996,1094.4945949133316,102,3304.9428351622787
OPUSDT,2024-12,-25.092447981686046,-2.200000000000002,STOP_LOSS,1.8283655494451523,1.788141507357359,1100.5459641090388,38,3279.8503871805924
VETUSDT,2025-01,7.863769288304252,0.8000000000000007,TRAILING_LOCK,0.051700339040905235,0.05211394175323248,1092.1901789311373,92,3287.7141564688964
BONKUSDT,2025-01,-11.360921123029897,-0.9578464671583964,STALL_EXIT,3.485696979259956e-05,3.4523093538882675e-05,1094.6629855701037,199,1086.1515143850718
ROSEUSDT,2025-01,8.814077672222448,0.8850791662135871,TRAILING_LOCK,0.08930785849839448,0.09009830374775528,1094.8088141041426,200,2190.2123296870786
NEARUSDT,2025-01,-9.66656207846898,-0.8031804823501965,STALL_EXIT,5.764152611446381,5.717856062698364,1094.5171764604258,199,3275.5007509396196
ALGOUSDT,2025-01,8.756325969631028,0.8827863579189188,TRAILING_LOCK,0.40898177270293234,0.4125922079987288,1090.7417500628933,37,3284.257076909251
JASMYUSDT,2025-01,-24.93539343072586,-2.200000000000002,STOP_LOSS,0.028635725607722998,0.02800573964435309,1093.6576066107805,1,3259.3216834785253
XRPUSDT,2025-01,69.67973454241402,6.499999999999995,TAKE_PROFIT,2.9386877195835113,3.1297024213564395,1085.354120598349,76,3329.001418020939
XLMUSDT,2025-01,-15.565679536062357,-1.3241382541184454,STALL_EXIT,0.4904980665028095,0.4840031939685345,1108.5574722009728,93,1095.877085186728
ANKRUSDT,2025-01,-13.542343936692323,-1.141781311014678,STALL_EXIT,0.03629725912436843,0.03588282380327582,1108.4098123456756,93,2191.1879175206495
POLUSDT,2025-01,71.15043145258652,6.4999999999999725,TAKE_PROFIT,0.47319462658166883,0.5039522773094772,1108.262172158671,213,3371.0438260007704
HBARUSDT,2025-01,9.719138859484188,0.9458031365987773,TRAILING_LOCK,0.35091017029881477,0.3542290896961451,1122.5575940582567,25,2257.905932245772
VETUSDT,2025-01,8.081338099584524,0.8000000000000007,TRAILING_LOCK,0.05168033395707607,0.052093776628732685,1122.4080693867281,26,3388.8443029598393
JASMYUSDT,2025-01,8.124010838375519,0.8000000000000007,TRAILING_LOCK,0.03085617067962885,0.03110302004506588,1128.334838663262,30,2268.0317668514335
HBARUSDT,2025-01,72.44874681525715,6.499999999999995,TAKE_PROFIT,0.34492895949482916,0.36734934186199303,1128.4851528856266,113,3469.417060613471
BONKUSDT,2025-01,74.17127957203115,6.499999999999995,TAKE_PROFIT,3.220644144239486e-05,3.429986013615053e-05,1155.315881184286,18,3543.5883401855026
SOLUSDT,2025-01,-26.90434011402441,-2.200000000000002,STOP_LOSS,273.4646856628418,267.4484625782593,1180.0149172817723,5,3516.684000071478
LINKUSDT,2025-01,-26.7000716021427,-2.200000000000002,STOP_LOSS,25.75515,25.1885367,1171.055772023802,4,3489.9839284693353
BONKUSDT,2025-01,4.881091522357036,0.49999999999998934,TRAILING_LOCK,3.370673831159365e-05,3.3875272003151614e-05,1162.1646481802886,11,3494.865019991693
FETUSDT,2025-01,-10.329897323406447,-0.8076083197907313,STALL_EXIT,1.1722344505548477,1.1627673876047135,1163.7900516572338,438,3484.535122668287
RENDERUSDT,2025-01,-26.455984465346724,-2.200000000000002,STOP_LOSS,5.66813321685791,5.543434286087036,1160.3501958485397,15,3458.0791382029406
FETUSDT,2025-01,-26.255120048892007,-2.200000000000002,STOP_LOSS,0.9901980095386504,0.9684136533288001,1151.5403530215792,47,3431.8240181540486
FETUSDT,2025-02,73.3675929545081,6.499999999999995,TAKE_PROFIT,0.6991398009538651,0.7445838880158663,1142.7973980452982,223,3505.1916111085566
NEARUSDT,2025-02,-26.612816788180616,-2.200000000000002,STOP_LOSS,3.130626114463806,3.061752339945602,1167.2288064991494,2,2311.0386333656033
RENDERUSDT,2025-02,74.92610789014034,6.499999999999995,TAKE_PROFIT,4.1028206365585325,4.369503977934837,1167.0733316221238,90,1242.466268844913
HBARUSDT,2025-02,74.3571644546865,6.499999999999995,TAKE_PROFIT,0.22742546860277651,0.24220812406195696,1158.2112843409132,146,2475.4980021542488
ORDIUSDT,2025-02,-11.074506773721922,-0.8814094119754756,STALL_EXIT,11.882376114463806,11.777643733024597,1151.903303189678,413,3616.7875598914807
ROSEUSDT,2025-02,8.671609853595738,0.8000000000000007,TRAILING_LOCK,0.044398878403007984,0.044754069430232045,1204.3902574438632,36,1216.1965881308802
OPUSDT,2025-02,11.248399250571712,1.0141985584334767,TRAILING_LOCK,1.074214800953865,1.0851094719796182,1204.069429247861,58,2431.996044401012
ORDIUSDT,2025-02,-10.073990989192106,-0.7565505251540539,STALL_EXIT,11.162231847381591,11.077783923721313,1204.2298326615717,63,3626.6335780064564
GALAUSDT,2025-02,77.53234861076872,6.499999999999995,TAKE_PROFIT,0.022024403101578355,0.023455989303180946,1207.66898147615,109,1288.344584603228
FETUSDT,2025-02,-13.987503766121621,-1.0785319318762698,STALL_EXIT,0.7701539809226989,0.7618476243138314,1207.3472798862376,136,2482.1872996352986
PYTHUSDT,2025-02,-9.530347821680383,-0.7092574521100903,STALL_EXIT,0.209141813108325,0.20765845921337606,1207.5081199678175,140,3680.6480750294227
BONKUSDT,2025-02,-27.944952444853357,-2.200000000000002,STOP_LOSS,1.594318859424675e-05,1.559243844517332e-05,1225.6558089847979,8,3652.703122584569
APTUSDT,2025-02,8.757721006708694,0.8000000000000007,TRAILING_LOCK,5.591118152618408,5.635847097839355,1216.3501398206615,102,2444.7862463604474
ORDIUSDT,2025-02,14.825917315450752,1.29904802780747,TRAILING_LOCK,11.512302228927613,11.661852563987733,1216.1881219820375,93,3676.2867609067284
ORDIUSDT,2025-02,-27.91183960350823,-2.200000000000002,STOP_LOSS,11.382276114463806,11.131866039945603,1224.2034913819407,11,3648.37492130322
JASMYUSDT,2025-02,8.747343711316544,0.8000000000000007,TRAILING_LOCK,0.022174433778226376,0.022351829248452186,1214.9088487939723,9,3657.1222650145364
ORDIUSDT,2025-02,-27.766335084896433,-2.200000000000002,STOP_LOSS,12.912581847381592,12.628505046739196,1217.8217142498406,4,3629.3559299296403
ORDIUSDT,2025-02,-27.55185156687248,-2.200000000000002,STOP_LOSS,13.182636305236816,12.892618306521605,1208.4145424066846,20,2392.7451234863306
ANKRUSDT,2025-02,-15.712745606237249,-1.2201045681917266,STALL_EXIT,0.022874574451893566,0.022595480724051594,1208.5755246665703,307,2386.37186101128
APTUSDT,2025-02,-27.34266688903614,-2.200000000000002,STOP_LOSS,5.95118980922699,5.820263633423996,1199.2397758349161,26,3558.7486658674943
ORDIUSDT,2025-02,-27.019443370732365,-2.200000000000002,STOP_LOSS,12.122423885536193,11.855730560054397,1185.0633057338757,5,3531.7292224967623
HBARUSDT,2025-02,4.939476490583825,0.49999999999998934,TRAILING_LOCK,0.21542307408750055,0.21650018945793803,1176.0658310914218,8,3536.668698987346
BONKUSDT,2025-02,18.45010688469701,1.6468164626854742,TRAILING_LOCK,1.3952789811264665e-05,1.4182566650880473e-05,1177.5538057006413,27,1199.0691305226158
SOLUSDT,2025-02,18.725930954017365,1.6704517899427396,TRAILING_LOCK,148.41967738952636,150.89895654710693,1177.3969555337221,27,2395.6629757925684
PYTHUSDT,2025-02,34.319323527366514,2.994070849871311,TRAILING_LOCK,0.21594318391084671,0.22240867583260537,1177.7106767627863,29,3608.164060353426
ORDIUSDT,2025-03,77.13749618067173,6.499999999999995,TAKE_PROFIT,11.05221019077301,11.770603853173256,1201.518632097691,196,3685.3015565340984
TIAUSDT,2025-03,78.78658785651977,6.499999999999995,TAKE_PROFIT,4.106821146583557,4.373764521111488,1227.205418325855,6,2536.555373044659
HBARUSDT,2025-03,78.7760934830172,6.499999999999995,TAKE_PROFIT,0.24439887121617793,0.26028479784522945,1227.041954564134,8,3842.864237873636
ADAUSDT,2025-03,-29.17656243963182,-2.200000000000002,STOP_LOSS,1.0168033327817916,0.9944336594605921,1279.6737912119208,4,3813.6876754340046
FETUSDT,2025-03,-28.955042306965183,-2.200000000000002,STOP_LOSS,0.6971394267082214,0.6818023593206405,1269.9579959195237,13,3784.7326331270397
FETUSDT,2025-03,80.91228507056972,6.499999999999995,TAKE_PROFIT,0.5751149880766868,0.6124974623016715,1260.3159668313042,134,3865.6449181976095
TIAUSDT,2025-03,28.747157830956056,2.313205664797935,TRAILING_LOCK,3.1416282324314118,3.2143005546709063,1287.259757759804,38,3894.3920760285655
FETUSDT,2025-03,-29.56778239803924,-2.200000000000002,STOP_LOSS,0.5731146138310432,0.5605060923267603,1296.8325613175123,1,3864.8242936305264
XRPUSDT,2025-03,-29.343291966960543,-2.200000000000013,STOP_LOSS,2.2696539266109466,2.2197215402255055,1286.9864897789653,40,3835.4810016635656
FETUSDT,2025-03,5.364303728926454,0.49999999999998934,TRAILING_LOCK,0.4680935947537422,0.4704340627275108,1277.2151735539674,5,3840.8453053924923
ORDIUSDT,2025-03,-29.161233896662058,-2.200000000000002,STOP_LOSS,8.441687580299376,8.25597045353279,1279.0014866957,2,3811.68407149583
SEIUSDT,2025-03,81.48846909088076,6.499999999999995,TAKE_PROFIT,0.17933585530221463,0.19099268589685858,1269.2907958081114,68,3893.1725405867105
ORDIUSDT,2025-03,22.470170291673142,1.8132391041090212,TRAILING_LOCK,8.571713694763183,8.727139359368897,1296.4264560153747,45,3915.6427108783837
LINKUSDT,2025-03,-29.729125718073064,-2.200000000000002,STOP_LOSS,14.112821656608581,13.802339580163192,1303.9090227225017,2,3885.9135851603105
FETUSDT,2025-03,-14.0865308072764,-1.0085958575530296,STALL_EXIT,0.5161031728148461,0.5108977775931358,1294.0092238583834,335,3871.8270543530343
JASMYUSDT,2025-03,-11.671200215761841,-0.8252224906889261,STALL_EXIT,0.012732545609213412,0.012627473779208958,1289.3184090995605,124,1281.0029760472555
BONKUSDT,2025-03,82.75219227475966,6.499999999999995,TAKE_PROFIT,1.1982395726408868e-05,1.2761251448625444e-05,1288.974957550773,107,2653.245715855808
TIAUSDT,2025-03,82.76321633517549,6.499999999999995,TAKE_PROFIT,3.318663678216934,3.534376817301035,1289.1466718874683,563,4025.671262747207
ANKRUSDT,2025-03,9.651949419562664,0.8000000000000007,TRAILING_LOCK,0.021214241918921472,0.021383955854272843,1340.54853049482,27,4035.3232121667697
CKBUSDT,2025-03,13.424260773596934,1.0790053657823595,TRAILING_LOCK,0.005698139240406453,0.005759622468560189,1343.7626296515343,52,4048.7474729403666
ICPUSDT,2025-03,-30.735615784138687,-2.200000000000002,STOP_LOSS,5.890177738952636,5.760593828695678,1348.0533238657315,12,1320.8267428354327
ROSEUSDT,2025-03,-30.739710313552525,-2.200000000000002,STOP_LOSS,0.03134626728817821,0.030656649407838285,1348.2329084891421,29,2638.859234174418
RENDERUSDT,2025-03,-30.73152180011629,-2.200000000000002,STOP_LOSS,3.859771767568588,3.774856788682079,1347.8737631629924,29,3956.5406250425594
ROSEUSDT,2025-04,-30.039639041573235,-2.200000000000013,STOP_LOSS,0.02799559832252562,0.027379695159430055,1317.5280281391724,48,2608.6215115817995
BONKUSDT,2025-04,21.963658570467473,1.747257473873276,TRAILING_LOCK,1.2132425959134708e-05,1.234441067846783e-05,1317.3525334058243,44,3948.4646445714534
BONKUSDT,2025-04,54.78953916548477,4.247015927907816,TRAILING_LOCK,1.207241368410905e-05,1.2585131016156085e-05,1314.838726642294,40,4003.254183736938
JASMYUSDT,2025-04,-30.394307064604313,-2.200000000000002,STOP_LOSS,0.00968193613383919,0.009468933538894728,1333.0836431844004,26,3972.859876672334
FILUSDT,2025-04,-30.163541327647017,-2.200000000000002,STOP_LOSS,2.7855570858478544,2.7242748299592017,1322.9623389318872,15,3942.696335344687
ROSEUSDT,2025-04,14.17201309545836,1.1594287529257175,TRAILING_LOCK,0.02269453801251948,0.022957665011580287,1312.9178796697809,44,3956.8683484401454
ETHUSDT,2025-04,-12.764500230861545,-0.8887416701700679,STALL_EXIT,1589.077761767578,1574.9549655273438,1317.6371600305686,71,3944.103848209284
JASMYUSDT,2025-04,84.31941852932685,6.499999999999995,TAKE_PROFIT,0.013722744162753224,0.014614722533332182,1313.3865814536916,21,4028.4232667386113
JASMYUSDT,2025-04,27.57891768876684,2.1358806052669266,TRAILING_LOCK,0.015793158558011056,0.016130481568610668,1341.4649478239576,20,4056.0021844273783
CKBUSDT,2025-04,-30.790689118887173,-2.200000000000002,STOP_LOSS,0.004449889916460961,0.00435199233829882,1350.4688210038253,23,1323.193454270918
PYTHUSDT,2025-04,-30.79479098504634,-2.199999999999991,STOP_LOSS,0.13252649284601212,0.12961091000339986,1350.6487274143171,39,2643.5876501911544
ADAUSDT,2025-04,-16.195018861256603,-1.119374326398992,STALL_EXIT,0.6391277985692024,0.6319735660791397,1350.2889385568676,241,3978.2216854621884
JASMYUSDT,2025-04,-16.810447567079155,-1.1889545358983233,STALL_EXIT,0.01566313110217452,0.015476903594471514,1324.7478212589087,94,3961.4112378951095
ORDIUSDT,2025-04,9.497879583977337,0.8000000000000007,TRAILING_LOCK,6.381276114463806,6.432326323379517,1319.1499422190716,46,3970.9091174790865
RENDERUSDT,2025-04,84.89247765893828,6.499999999999995,TAKE_PROFIT,3.6457289809226987,3.882701364682674,1322.3127361205359,151,4055.801595138025
GALAUSDT,2025-04,86.68426267950136,6.499999999999995,TAKE_PROFIT,0.015863172625377772,0.016894278846027327,1350.2221601168444,49,1440.4214993828953
ROSEUSDT,2025-04,9.722894642407612,0.8000000000000007,TRAILING_LOCK,0.026195237654820083,0.026404799556058643,1350.402033667729,90,2801.086588506499
TIAUSDT,2025-04,88.75686061499026,6.499999999999995,TAKE_PROFIT,2.5115021179676056,2.6747497556354998,1382.5056170559246,120,2889.8434491214894
JASMYUSDT,2025-04,10.16548966820666,0.8000000000000007,TRAILING_LOCK,0.015833166862651706,0.01595983219755292,1411.8735650287178,45,1487.3824624883234
ENSUSDT,2025-04,-16.088757343000808,-1.0593806583662158,STALL_EXIT,16.673334076309203,16.4967,1412.0616516407163,214,2883.920181446695
GALAUSDT,2025-04,-12.277651235855862,-0.7907003220319453,STALL_EXIT,0.017313461093232035,0.017176563500612974,1410.08920350501,221,2871.642530210839
BONKUSDT,2025-04,10.123205368632988,0.8000000000000007,TRAILING_LOCK,1.8233645113650708e-05,1.8379514274559913e-05,1406.0007456434698,21,2881.7657355794718
GALAUSDT,2025-04,-32.13367642511192,-2.200000000000002,STOP_LOSS,0.017383475160598755,0.017001038707065583,1409.3717730312244,41,1439.8843408254186
ROSEUSDT,2025-04,-15.190613293557577,-0.997972274137715,STALL_EXIT,0.030266052377969026,0.029964005566760897,1409.184044711057,118,2834.4414458608026
PYTHUSDT,2025-04,-31.77013914156978,-2.200000000000002,STOP_LOSS,0.1501300127506256,0.14682715247011183,1393.427155332005,14,1408.501077050503
ORDIUSDT,2025-04,-31.528927537151308,-2.200000000000002,STOP_LOSS,7.991597771072388,7.815782620108795,1382.8476989978624,1,1376.9721495133517
POLUSDT,2025-04,-9.985391777462164,-0.6365112065652601,STALL_EXIT,0.23464691263139248,0.23315335873663426,1393.6127845549079,738,2761.156987404619
TRXUSDT,2025-04,24.90711699766224,1.924176678410272,MONTH_END,0.24174833360910414,0.24639999866485596,1350.5819311809623,3378,4137.186268355716
GALAUSDT,2025-05,9.919317797009716,0.8000000000000007,TRAILING_LOCK,0.01570313940681517,0.01582876452206969,1377.6830273624535,94,1391.1881028995576
ANKRUSDT,2025-05,-15.23906113808635,-1.0264316923774164,STALL_EXIT,0.01824364718981087,0.01805638861320913,1377.316037047147,174,2753.816005223437
TIAUSDT,2025-05,-9.661831727743234,-0.6214036366314679,STALL_EXIT,2.4074814648628236,2.3925212874889374,1377.4995199832088,247,4122.204693286896
ROSEUSDT,2025-05,9.883397972624644,0.8000000000000007,TRAILING_LOCK,0.027975593238696455,0.028199397984606026,1372.6941628645366,60,4132.088091259521
RENDERUSDT,2025-05,-16.989258419904512,-1.1546976377799334,STALL_EXIT,4.125825,4.078184196186066,1375.9853343894206,115,4115.098832839616
TRXUSDT,2025-05,-14.979355981631288,-1.0131220080770054,STALL_EXIT,0.25685135589838026,0.2542491382837296,1370.3279113355923,61,4100.119476857984
TIAUSDT,2025-05,87.65481424795598,6.499999999999995,TAKE_PROFIT,2.8635725160598753,3.049704729603767,1365.3397857937089,88,1456.5482314703265
OPUSDT,2025-05,87.64313862669832,6.499999999999995,TAKE_PROFIT,0.7291457723379134,0.7765402475398778,1365.1579225342412,115,2909.8953558002795
PYTHUSDT,2025-05,-32.456533915735626,-2.200000000000002,STOP_LOSS,0.18843768033385278,0.184292051366508,1423.5321892866466,40,2877.4388218845434
ETHUSDT,2025-05,87.63146456063303,6.499999999999995,TAKE_PROFIT,2291.2782323730466,2440.2113174772944,1364.9760834989595,277,4330.592360377535
ROSEUSDT,2025-05,-32.879589436930516,-2.200000000000013,STOP_LOSS,0.03941788080409169,0.03855068742640167,1442.0872560057194,1,4297.712770940605
HBARUSDT,2025-05,6.010781081437426,0.49999999999998934,TRAILING_LOCK,0.21329264630377293,0.21435910953529178,1431.1383527232215,28,1440.8740221305661
DOGEUSDT,2025-05,20.05028747418513,1.47941823994715,TRAILING_LOCK,0.23634726651012897,0.2398438310804963,1432.7587637375927,46,1460.9243096047512
RENDERUSDT,2025-05,-22.29010384440938,-1.4777161522748994,STALL_EXIT,5.285056719875335,5.206958583068848,1430.9477250946388,78,2870.154309945018
FETUSDT,2025-05,20.63597347804137,1.5223114271711635,TRAILING_LOCK,0.875175,0.8884978890327453,1430.757122857656,78,4322.119709129858
FETUSDT,2025-05,6.044916625188904,0.49999999999998934,TRAILING_LOCK,0.8571713933229447,0.8614572502895593,1439.2658631402428,6,4328.164625755047
UNIUSDT,2025-05,10.375825262670467,0.8000000000000007,TRAILING_LOCK,6.8043605732917785,6.858795457878113,1441.0868420375568,22,1455.2138718872313
DOGEUSDT,2025-05,-7.105596279884303,-0.4130063620881086,STALL_EXIT,0.2278255553752184,0.22688462133705617,1441.2788203764308,98,2889.9636075119283
DOGEUSDT,2025-05,92.5876914593063,6.499999999999995,TAKE_PROFIT,0.22344467675685883,0.23796858074605465,1442.175879428448,106,2982.551298971235
ROSEUSDT,2025-05,92.50545189114648,6.499999999999995,TAKE_PROFIT,0.03681736149564385,0.0392104899928607,1440.8948892701974,169,3042.931214371616
PYTHUSDT,2025-05,94.56708667993816,6.499999999999995,TAKE_PROFIT,0.1820363963037729,0.19386876206351814,1473.0075806843972,69,4611.095084768225
GALAUSDT,2025-05,11.055561575240299,0.8000000000000007,TRAILING_LOCK,0.022064411406219005,0.022240926697468758,1535.494663227819,49,1550.5467260041257
ALGOUSDT,2025-05,11.05408897443845,0.8000000000000007,TRAILING_LOCK,0.24314862240850926,0.24509381138777733,1535.2901353386771,49,3097.505066371377
NEARUSDT,2025-05,13.634131754874169,0.9681675032809478,TRAILING_LOCK,3.1076215125560758,3.1377084941656115,1535.0856346926503,56,4646.838867072778
ROSEUSDT,2025-05,17.82773536414633,1.2321110235741672,TRAILING_LOCK,0.03955790893882513,0.040045306295555826,1547.3973427352353,53,4664.666602436925
ORDIUSDT,2025-05,-35.41601471234209,-2.200000000000002,STOP_LOSS,11.382276114463806,11.131866039945603,1553.3339786114961,13,3075.5022623692275
FETUSDT,2025-05,-15.886201929980714,-0.9428526815704164,STALL_EXIT,0.7751549761533737,0.7678464066743851,1553.1270745255451,78,1537.8621234253746
ROSEUSDT,2025-05,98.41468278319591,6.499999999999995,TAKE_PROFIT,0.035527102520316836,0.03783636418413743,1532.9389841619293,37,3169.828965964165
ORDIUSDT,2025-05,-31.724884614241706,-1.9782750709177677,STALL_EXIT,10.832165923690795,10.61787588558197,1541.3335691859593,60,4680.054183963557
ORDIUSDT,2025-05,-35.52811041158591,-2.200000000000002,STOP_LOSS,10.542107961845398,10.310181586684799,1558.2504566485024,19,1526.7785322280508
APTUSDT,2025-05,11.217908863351372,0.8000000000000007,TRAILING_LOCK,5.3500697771072385,5.392870335324097,1558.0428976876767,17,3096.662555938154
ADAUSDT,2025-05,11.22089791147095,0.8000000000000007,TRAILING_LOCK,0.766253209412098,0.7723832350873947,1558.4580432598646,31,3116.1896587300403
RENDERUSDT,2025-05,11.161117148637112,0.8000000000000007,TRAILING_LOCK,4.734947006034851,4.7728265820831295,1550.1551595329404,26,4678.125997475431
ENSUSDT,2025-05,99.98514308468393,6.499999999999995,TAKE_PROFIT,22.174434076309204,23.6157722912693,1557.400982627476,131,1661.4405575616777
OPUSDT,2025-05,-16.799065514624687,-0.9985165841336796,STALL_EXIT,0.730146019077301,0.7228553899884224,1557.608456073825,254,1611.5406778145218
ROSEUSDT,2025-05,-14.966415148669418,-0.8807306357267453,STALL_EXIT,0.034486897777765986,0.034183161103725435,1557.8159571593187,282,3155.013346208035
TRXUSDT,2025-05,-17.085400488982696,-0.9940833012783923,STALL_EXIT,0.2724544717490673,0.26974604734182356,1590.6960352746758,104,3148.3069068844816
RENDERUSDT,2025-05,11.91455414982972,0.8339324264353021,TRAILING_LOCK,4.527905350399017,4.5656650213542935,1580.3212240337427,158,3165.91179269486
ROSEUSDT,2025-05,11.365930596792682,0.8000000000000007,TRAILING_LOCK,0.032786555077135564,0.033048847517752646,1578.6014717767796,26,3177.2777232916524
POLUSDT,2025-05,101.09144935964831,6.499999999999995,TAKE_PROFIT,0.22744548486471175,0.242229441380918,1574.6331675957688,434,4853.632193514108
DOGEUSDT,2025-05,-36.84580855052333,-2.200000000000002,STOP_LOSS,0.2284756889283657,0.22344922377194165,1616.0442346720754,19,1583.4050515441613
XLMUSDT,2025-05,11.637068547169354,0.8000000000000007,TRAILING_LOCK,0.28775753742456434,0.29005959772396084,1616.259520440198,21,3211.948144339705
SOLUSDT,2025-05,-36.840900688824384,-2.200000000000002,STOP_LOSS,170.41408088378907,166.6649711043457,1615.828977580017,21,4791.582552821929
LTCUSDT,2025-05,-17.2522670684279,-1.0012421416925599,STALL_EXIT,93.6087143371582,92.67146444091797,1595.5969900897026,60,4774.330285753502
ORDIUSDT,2025-05,-36.24862526155488,-2.200000000000002,STOP_LOSS,9.947989299201964,9.729133534619521,1589.8519851559163,50,4738.081660491947
TIAUSDT,2025-05,101.29355258699296,6.499999999999995,TAKE_PROFIT,2.440488057231903,2.5991197809519764,1577.7811929438185,114,4839.375213078941
RENDERUSDT,2025-05,-17.608647035227882,-1.0126786536968302,STALL_EXIT,4.419883948802948,4.375124727535248,1611.5119459552873,177,3209.824754562602
JASMYUSDT,2025-05,-16.22905130046687,-0.9272040321399166,STALL_EXIT,0.016903379230946303,0.016746650417149067,1611.297292564086,286,4805.537514743247
CKBUSDT,2025-05,-36.485563026936674,-2.200000000000002,STOP_LOSS,0.004302860561292619,0.004208197628944181,1600.2439924095013,18,4769.05195171631
ROSEUSDT,2025-05,-36.20855003821092,-2.200000000000002,STOP_LOSS,0.02846569171026349,0.027839446492637695,1588.0942999215315,1,4732.843401678099
CKBUSDT,2025-06,101.18156594711526,6.499999999999995,TAKE_PROFIT,0.00406081218123436,0.0043247649730145925,1576.036852758807,171,4834.024967625214
UNIUSDT,2025-06,-36.69696247762271,-2.200000000000002,STOP_LOSS,6.530305605411529,6.386638882092475,1609.5158981413424,1,3186.9537988027078
FETUSDT,2025-06,20.235980432789965,1.346889971832943,TRAILING_LOCK,0.7791557842612267,0.7896501553843974,1597.295809636294,34,3207.1897792354976
CFXUSDT,2025-06,-36.571984117545306,-2.199999999999991,STOP_LOSS,0.07481495959460735,0.07316903048352599,1604.034391120413,35,1568.1040207593155
GALAUSDT,2025-06,-36.522704973387604,-2.200000000000002,STOP_LOSS,0.01589317838810384,0.015543528463565557,1601.8730251485772,35,3134.0950901445644
TIAUSDT,2025-06,101.41634578973114,6.499999999999995,TAKE_PROFIT,1.9023803503990173,2.0260350731749535,1579.6938596531324,103,3235.5114359342956
TRXUSDT,2025-06,103.34468617287234,6.499999999999995,TAKE_PROFIT,0.2684536934494972,0.2859031835237145,1609.7303142191963,1063,4949.230328452052
ETHUSDT,2025-06,11.866274635496675,0.8000000000000007,TRAILING_LOCK,2514.3028088378906,2534.4172313085937,1648.0936993745336,266,4961.096603087548
ROSEUSDT,2025-06,11.894725215562703,0.8000000000000007,TRAILING_LOCK,0.029675934076309203,0.029913341548919677,1652.0451688281535,18,4972.991328303111
TIAUSDT,2025-06,-20.05679936942447,-1.1311549118176778,STALL_EXIT,2.107421512556076,2.0835833106040953,1656.006112324936,60,4952.934528933686
RENDERUSDT,2025-06,-37.604660117476186,-2.200000000000002,STOP_LOSS,3.6747348248004914,3.5938906586548804,1649.3271981349176,11,4915.32986881621
FETUSDT,2025-06,105.08287113347424,6.499999999999995,TAKE_PROFIT,0.6541307842612266,0.6966492852382064,1636.8048463157982,242,5020.412739949685
SOLUSDT,2025-06,-38.11698168679406,-2.200000000000002,STOP_LOSS,130.97618694763185,128.09471083478394,1671.797442403245,1,4982.295758262891
SEIUSDT,2025-06,-16.813011357140734,-0.9333786921678189,STALL_EXIT,0.30216042276620864,0.29934012176394464,1659.1044875015427,64,3305.935698724029
TRXUSDT,2025-06,-18.35454674587666,-1.0264397713034557,STALL_EXIT,0.2736547320663929,0.27084583106040955,1658.8834947838075,71,1641.1925014358442
SEIUSDT,2025-06,6.943796124039725,0.49999999999998934,TRAILING_LOCK,0.2892578479170799,0.29070413715666527,1653.2847914381098,10,3302.082402914569
UNIUSDT,2025-06,11.889569244561564,0.8000000000000007,TRAILING_LOCK,6.951389809226989,7.007000927700806,1651.3290617446462,14,4965.961565528474
TIAUSDT,2025-06,-37.703566590118385,-2.200000000000002,STOP_LOSS,1.514302858185768,1.4809881953056812,1653.665201320982,16,4928.257998938356
SEIUSDT,2025-06,105.3592564561033,6.499999999999995,TAKE_PROFIT,0.24924984135925768,0.2654510810476094,1641.1099136464725,89,5033.617255394459
ETHUSDT,2025-06,40.03523330201607,2.4684598238579936,MONTH_END,2425.5951294433594,2485.469970703125,1676.1945460463548,694,1720.5924864791225
APTUSDT,2025-06,46.96477701548976,2.882242357126752,MONTH_END,4.75495098695755,4.892000198364258,1675.9712769328216,572,3444.1989289382072
TRXUSDT,2025-06,22.00716114968619,1.3932738727086225,MONTH_END,0.27595518629550936,0.2797999978065491,1675.7480375587343,342,5142.624426861651
UNIUSDT,2025-07,-39.04486169850444,-2.200000000000002,STOP_LOSS,6.705340796184539,6.557823298668479,1712.4939341449299,26,5103.579565163147
JASMYUSDT,2025-07,-38.74841749054467,-2.200000000000002,STOP_LOSS,0.012322463746927678,0.01205136954449527,1699.4919951993281,7,5064.831147672602
ORDIUSDT,2025-07,26.400278647863054,1.6455147282518512,TRAILING_LOCK,7.991597771072388,8.123100689418031,1686.364118550523,35,3403.9680186366186
RENDERUSDT,2025-07,25.113572993790502,1.5690157819208572,TRAILING_LOCK,3.298659697294235,3.350416188536644,1686.5887721749766,41,5116.344999314256
BONKUSDT,2025-07,15.288805088639105,0.9773657483939102,TRAILING_LOCK,1.6383275578846224e-05,1.654340010281885e-05,1703.7428847716474,53,3427.4364518050115
UNIUSDT,2025-07,-38.840163573802194,-2.200000000000002,STOP_LOSS,7.000399872493744,6.8463910752988815,1703.5159462193956,24,5092.7936408290925
BONKUSDT,2025-07,12.21048203325192,0.8000000000000007,TRAILING_LOCK,2.2204439875713432e-05,2.238207539471914e-05,1695.900282396088,21,5105.004122862345
UNIUSDT,2025-07,109.12330398058488,6.499999999999995,TAKE_PROFIT,8.03460659236908,8.55685602087307,1699.7399373922888,86,3513.4810673806032
ROSEUSDT,2025-07,-18.015026412760502,-0.957685313533152,STALL_EXIT,0.029415882890671492,0.02913417130038142,1736.0779976178235,110,1758.9249502384905
RENDERUSDT,2025-07,12.454904009052061,0.8000000000000007,TRAILING_LOCK,3.7677533599376676,3.797895386817169,1729.8477790350041,60,1771.3798542475427
OPUSDT,2025-07,-30.275845617853292,-1.6641542914126672,STALL_EXIT,0.6771353861689567,0.6658668085813523,1735.8467520285408,178,3477.6450993590415
TRXUSDT,2025-07,109.13784114102485,6.499999999999995,TAKE_PROFIT,0.2863572635293007,0.3049704856587052,1699.966372913161,1238,3562.595021847643
LTCUSDT,2025-07,12.413841265919839,0.8000000000000007,TRAILING_LOCK,93.74874935760498,94.49873935246582,1724.1446202666434,85,3538.654646683926
DOTUSDT,2025-07,12.675486965933203,0.8000000000000007,TRAILING_LOCK,3.9457889332294465,3.977355244695282,1760.4843008240573,97,5312.518628194246
XLMUSDT,2025-07,-40.33476643270203,-2.200000000000002,STOP_LOSS,0.3852770338475704,0.37680093910292384,1769.0687031886841,11,5272.183861761544
HBARUSDT,2025-07,17.5189661680579,1.077869372382012,TRAILING_LOCK,0.24065812547206877,0.2432521056986809,1755.6372259665943,28,5289.702827929602
ORDIUSDT,2025-07,113.07137776325082,6.499999999999995,TAKE_PROFIT,9.378875255012511,9.988502146588324,1761.2364137578027,84,3640.5985755756146
XRPUSDT,2025-07,113.08644087717573,6.499999999999995,TAKE_PROFIT,2.794758783531189,2.9764181044607163,1761.4710417005576,96,5515.860646570029
ROSEUSDT,2025-07,13.224827486216407,0.8000000000000007,TRAILING_LOCK,0.02904580747000873,0.0292781739297688,1836.7815953078195,31,3691.8139232825206
ALGOUSDT,2025-07,13.254774020214105,0.8000000000000007,TRAILING_LOCK,0.2767553300321102,0.2789693726723671,1840.9408361408546,19,3705.068697302735
XLMUSDT,2025-07,49.587472332484055,2.780053092343704,TRAILING_LOCK,0.4699939920186996,0.4830600745276451,1836.5369359993247,53,1899.9879844523857
HBARUSDT,2025-07,13.284783897456723,0.8000000000000007,TRAILING_LOCK,0.24158830784261226,0.24352101430535317,1845.1088746467574,53,3759.1196865464585
ALGOUSDT,2025-07,118.47177019211132,6.499999999999995,TAKE_PROFIT,0.273854745644331,0.2916553041112125,1845.354675889586,82,3856.647795822232
PYTHUSDT,2025-07,-42.5514111493595,-2.200000000000002,STOP_LOSS,0.11952389630377293,0.11689437058508992,1866.2899626912028,53,5681.132863349152
UNIUSDT,2025-07,-22.892894817223727,-1.1301007587248502,STALL_EXIT,8.804761050224304,8.70525837879181,1891.8172434952678,136,3765.918088992119
BONKUSDT,2025-07,-43.127687778396336,-2.200000000000002,STOP_LOSS,3.67673525121063e-05,3.595847075683996e-05,1891.5652534384342,3,5615.112280753532
UNIUSDT,2025-07,13.462793204334725,0.8000000000000007,TRAILING_LOCK,8.853770636558533,8.924600801651001,1869.8323894909263,19,5628.575073957867
BONKUSDT,2025-07,-42.73439339151773,-2.200000000000002,STOP_LOSS,3.64872958351043e-05,3.568457532673201e-05,1874.3154996279698,3,5585.840680566349
GALAUSDT,2025-07,119.41745357355562,6.499999999999995,TAKE_PROFIT,0.01788357617408037,0.019046008625395593,1860.0849466285943,98,1984.3437271707892
ORDIUSDT,2025-07,119.38564288265667,6.499999999999995,TAKE_PROFIT,9.947989299201964,10.59460860365009,1859.5894530008861,111,3964.062658835532
TIAUSDT,2025-07,119.40154716873977,6.499999999999995,TAKE_PROFIT,1.9023803503990173,2.0260350731749535,1859.8371833137032,139,5944.0453241913
JASMYUSDT,2025-07,52.97092966871223,2.75615491119503,TRAILING_LOCK,0.017353469397872686,0.01783175789694488,1979.3670929557031,84,2037.4898106141695
BONKUSDT,2025-07,-45.1175480027164,-2.200000000000002,STOP_LOSS,3.415683173880097e-05,3.340538144054735e-05,1978.8398246805457,4,3972.003623221871
LTCUSDT,2025-07,-45.12355846070334,-2.200000000000002,STOP_LOSS,105.74114522094726,103.41484002608642,1979.1034412589213,25,3924.2638074634997
UNIUSDT,2025-07,-45.18318527636412,-2.200000000000002,STOP_LOSS,10.284055987930298,10.05780675619583,1981.718652472104,52,5861.591962120228
TIAUSDT,2025-07,125.29593827907803,6.499999999999995,TAKE_PROFIT,1.889377858185768,2.012187418967843,1951.6501289576013,34,2082.0262877358277
GALAUSDT,2025-07,125.31262992138329,6.499999999999995,TAKE_PROFIT,0.018113621596992015,0.019291007000796494,1951.910123386036,36,4160.029805092601
ORDIUSDT,2025-07,125.27924886009906,6.499999999999995,TAKE_PROFIT,10.0100019739151,10.660652102219581,1951.3901691604242,292,6237.479779180789
CKBUSDT,2025-07,92.87685625041273,4.551509136757459,TRAILING_LOCK,0.006168233559653163,0.006448981273697316,2077.080766467203,37,6330.356635431202
CKBUSDT,2025-07,135.3341623662294,6.499999999999995,TAKE_PROFIT,0.005799159510992467,0.006176104879206977,2108.0087595985906,6,4357.119733776486
CFXUSDT,2025-07,135.31613585580223,6.499999999999995,TAKE_PROFIT,0.20844167616069317,0.22199038511113822,2107.727972831812,4,6601.006933653233
CKBUSDT,2025-07,9.232168297407286,0.49999999999998934,TRAILING_LOCK,0.00606421243334189,0.0060945334955085995,2198.135308906527,6,6610.239101950641
CKBUSDT,2025-07,-14.863276818872595,-0.5952322303798052,STALL_EXIT,0.005942188035696745,0.0059068182173185055,2201.2096209495635,69,6595.375825131769
ICPUSDT,2025-07,18.01218863868264,0.9002392682726734,TRAILING_LOCK,6.0842167831420895,6.138989291790771,2195.96760791693,37,2219.6959848680967
FETUSDT,2025-07,18.108334539745,0.9047274151921858,TRAILING_LOCK,0.8471694028615951,0.8548339767024039,2195.675105031555,37,4434.35769448141
APTUSDT,2025-07,22.04933016368598,1.0839489249944378,TRAILING_LOCK,5.382076241970062,5.440415199537278,2196.2601497688793,38,6653.5456784738835
CKBUSDT,2025-07,-50.51638020924529,-2.200000000000013,STOP_LOSS,0.005864172773156315,0.005735160972146876,2215.630710931803,9,6603.029298264638
BONKUSDT,2025-07,141.14471917472923,6.499999999999995,TAKE_PROFIT,3.318663617319544e-05,3.534376752445314e-05,2198.5158749957823,15,4544.485737614714
GALAUSDT,2025-07,60.94203606676946,2.8515932953034673,TRAILING_LOCK,0.019893977180868386,0.02046127250032723,2198.8087563221247,44,4558.700780198577
ENSUSDT,2025-07,145.46465165702318,6.499999999999995,TAKE_PROFIT,26.34526815261841,28.057710582538604,2265.8045429442886,115,4704.165431855601
DOGEUSDT,2025-07,-18.023964775489482,-0.7226643415244927,STALL_EXIT,0.25922182978391645,0.2573485260546208,2245.5170664809675,346,6932.556740387672
JASMYUSDT,2025-07,-52.63474379571941,-2.200000000000002,STOP_LOSS,0.01930386074222624,0.018879175805897264,2308.541394549095,6,4570.764806197878
TIAUSDT,2025-07,-52.627732847845856,-2.200000000000002,STOP_LOSS,2.0594118152618406,2.01410475532608,2308.233896835341,11,6827.294263744107
UNIUSDT,2025-07,16.369120726752847,0.8000000000000007,TRAILING_LOCK,9.875974395561219,9.954982190725708,2273.488989826788,9,2295.775422867316
CFXUSDT,2025-07,146.26906659039446,6.499999999999995,TAKE_PROFIT,0.1664332804530859,0.17725144368253645,2278.3343705668963,4,2442.0444894577104
POLUSDT,2025-07,-21.727087657525416,-0.8759262001088564,STALL_EXIT,0.22724544147849082,0.22525493911802769,2272.8833726966855,110,4694.10992784595
ENSUSDT,2025-07,-34.391290220522166,-1.4329112964501234,STALL_EXIT,27.275454457855226,26.88462138977051,2273.1861610933433,112,6933.814073183208
TIAUSDT,2025-07,23.023579823367125,1.0771406590905253,TRAILING_LOCK,1.8283655494451523,1.84805961817503,2308.9600863700084,30,6956.837653006574
CKBUSDT,2025-07,16.67971395684843,0.8000000000000007,TRAILING_LOCK,0.006686336912959814,0.006739827608263492,2316.6269384511893,17,6973.517366963422
CKBUSDT,2025-07,149.08403838136428,6.499999999999995,TAKE_PROFIT,0.006321264160517603,0.006732146330951247,2322.18128319882,69,7122.601405344785
CKBUSDT,2025-07,152.27124640430378,6.499999999999995,TAKE_PROFIT,0.006243248432222754,0.006649059580317232,2371.8262679798136,1,7274.872651749089
CKBUSDT,2025-07,-29.312628412817055,-1.1299993410666342,STALL_EXIT,0.006237247186526656,0.006166766334418207,2422.5325930324466,78,7245.560023336271
AVAXUSDT,2025-07,-55.003862430680954,-2.200000000000002,STOP_LOSS,26.35527038154602,25.775454433152007,2412.4501066088073,35,4776.819564539503
ROSEUSDT,2025-07,20.092046649340027,0.9192198664074835,TRAILING_LOCK,0.02664532782174647,0.026890256968553364,2394.1338204193903,25,4796.911611188843
CKBUSDT,2025-07,154.13293109942228,6.499999999999995,TAKE_PROFIT,0.0056381272491998966,0.006004605520397889,2400.824471953621,30,2555.9177328418245
TRXUSDT,2025-07,154.8999295148965,6.499999999999995,TAKE_PROFIT,0.3225644904613495,0.34353118234133717,2412.7714877709786,288,5124.554258722808
BONKUSDT,2025-07,-29.104158660864456,-1.1356266720198405,STALL_EXIT,3.102620518839103e-05,3.0673863326956056e-05,2394.169141789725,134,7490.576909508385
PYTHUSDT,2025-07,-56.86388084979526,-2.200000000000002,STOP_LOSS,0.12752549761533738,0.12471993666779996,2494.0298618331253,29,2443.6580368296004
RENDERUSDT,2025-07,-56.85630658086601,-2.200000000000002,STOP_LOSS,3.978795525598526,3.8912620240353584,2493.6976570555285,29,4881.496866367085
VETUSDT,2025-07,17.959407198237148,0.8000000000000007,TRAILING_LOCK,0.02487497477978468,0.025073974578022955,2494.3621108662924,71,7394.816129275961
JASMYUSDT,2025-07,17.72981115155194,0.8000000000000007,TRAILING_LOCK,0.015133026188984513,0.015254090398496388,2462.4737710488953,29,7412.545940427514
OPUSDT,2025-08,-30.196406510293226,-1.1436559761238807,STALL_EXIT,0.6341268033385277,0.6268745742559433,2467.7202661114834,193,2443.948154791851
GALAUSDT,2025-08,-28.118407362122014,-1.0592969606949443,STALL_EXIT,0.014712941784784198,0.014557088039629162,2468.0490102396475,207,4884.865977273472
FILUSDT,2025-08,-21.55473772945502,-0.7932349539645833,STALL_EXIT,2.2564512419700624,2.238552281999588,2468.3777981623625,239,7332.676388825645
LTCUSDT,2025-08,-55.67261221451986,-2.200000000000002,STOP_LOSS,125.80515477905273,123.03744137391357,2441.7812374789396,17,2392.4639594000737
ORDIUSDT,2025-08,17.5761416900155,0.8000000000000007,TRAILING_LOCK,9.102820032119752,9.17564259237671,2441.130790279944,18,4852.147343686145
TIAUSDT,2025-08,-55.66519662257281,-2.200000000000002,STOP_LOSS,1.6863371895074843,1.6492377713383197,2441.4559922181074,19,7238.914721678567
ORDIUSDT,2025-08,-54.946095567893074,-2.200000000000002,STOP_LOSS,8.960791433715821,8.763654022174073,2409.9164722760142,15,2361.2441894312838
PYTHUSDT,2025-08,-30.711945953532407,-1.1940592957992213,STALL_EXIT,0.11262251871228218,0.11127773905843497,2410.558602318963,60,4742.055069237642
JASMYUSDT,2025-08,-27.66182719688598,-1.067680550744643,STALL_EXIT,0.014592917802371085,0.014437112057209016,2410.237515913134,60,7125.594852960255
CFXUSDT,2025-08,152.33524212349613,6.499999999999995,TAKE_PROFIT,0.21224244088232516,0.2260381995396763,2372.823086035765,73,7277.930095083751
LINKUSDT,2025-08,155.57123148217403,6.499999999999995,TAKE_PROFIT,18.15362961845398,19.333615543653487,2423.227904706764,83,5008.981184614371
POLUSDT,2025-08,155.59195633075743,6.499999999999995,TAKE_PROFIT,0.23334666042923927,0.2485141933571398,2423.5507216628894,166,7589.093282896683
BONKUSDT,2025-08,-29.185089696361967,-1.0748535343293897,STALL_EXIT,2.6085216680075973e-05,2.5804838806652696e-05,2527.168063204596,63,7559.908193200321
RENDERUSDT,2025-08,18.12563588401703,0.8000000000000007,TRAILING_LOCK,3.859771767568588,3.8906499417091367,2517.449428335707,34,7578.033829084337
ORDIUSDT,2025-08,18.16909390861284,0.8000000000000007,TRAILING_LOCK,9.66893321685791,9.746284682592774,2523.4852650850844,93,7596.20292299295
UNIUSDT,2025-08,-57.67341107253168,-2.200000000000002,STOP_LOSS,11.642328343391418,11.386197119836806,2529.5355733566525,59,7538.529511920418
ADAUSDT,2025-08,18.07437835778035,0.8000000000000007,TRAILING_LOCK,0.9668933574557305,0.9746285043153763,2510.3303274694995,21,7556.603890278198
CKBUSDT,2025-08,-57.37275937654806,-2.199999999999991,STOP_LOSS,0.005335066903196275,0.005217695431325957,2516.34909546264,7,7499.23113090165
PYTHUSDT,2025-08,-56.93716243825768,-2.200000000000002,STOP_LOSS,0.21354269308447837,0.20884475383661985,2497.24396659025,1,7442.293968463392
TRXUSDT,2025-09,159.08463293819005,6.499999999999995,TAKE_PROFIT,0.3050610071539879,0.32488997261899705,2477.953784083962,49,5122.103396346674
PYTHUSDT,2025-09,-30.923099896350934,-1.1418082886304304,STALL_EXIT,0.16333265267908573,0.16146770691275597,2530.9289668523797,60,5091.180296450324
XRPUSDT,2025-09,159.1058258341913,6.499999999999995,TAKE_PROFIT,2.802760518980026,2.9849399527137277,2478.28389149831,518,7729.561327339425
ROSEUSDT,2025-09,-58.68592142169198,-2.200000000000002,STOP_LOSS,0.02825564950816333,0.027634025218983737,2573.9439220040285,28,7670.875405917733
RENDERUSDT,2025-09,-35.24590820818273,-1.2999946268519968,STALL_EXIT,3.8087616877555845,3.7592479904651643,2554.0612638894504,70,5080.206226934877
DOTUSDT,2025-09,163.9925769529525,6.499999999999995,TAKE_PROFIT,4.07981579618454,4.345003822936534,2554.401510170605,989,5256.280768455794
DOGEUSDT,2025-09,-59.21012970222916,-2.199999999999991,STOP_LOSS,0.28963790352344515,0.28326586964592937,2596.9355132556693,1,5197.070638753565
UNIUSDT,2025-09,18.555973488466968,0.8000000000000007,TRAILING_LOCK,9.589917897605895,9.666637240786743,2577.2185400648273,91,5215.626612242031
BONKUSDT,2025-09,-58.90146708659189,-2.200000000000002,STOP_LOSS,2.371474136816687e-05,2.3193017058067198e-05,2583.3976792364865,5,5156.725145155439
DOGEUSDT,2025-09,164.594900102725,6.499999999999995,TAKE_PROFIT,0.2608621497809887,0.27781818951675297,2563.7834906966514,386,5321.320045258164
ROSEUSDT,2025-09,-59.70393390742354,-2.200000000000002,STOP_LOSS,0.030216041531413794,0.02955128861772269,2618.5935924308587,60,5261.6161113507405
AVAXUSDT,2025-09,-59.24274557467546,-2.200000000000002,STOP_LOSS,32.306459236907955,31.595717133695977,2598.3660339769854,5,2602.6216984634025
DOGEUSDT,2025-09,-59.25063775962498,-2.200000000000002,STOP_LOSS,0.250880160677433,0.24536079714252948,2598.712182439687,23,5143.12272801644
NEARUSDT,2025-09,18.426627977683324,0.8000000000000007,TRAILING_LOCK,3.0326064648628233,3.0568673165817257,2559.2538857893646,60,5161.549355994124
SOLUSDT,2025-09,-29.3882510129284,-1.0655666215437898,STALL_EXIT,208.62171783142088,206.39871444091798,2565.3899529059336,287,5132.161104981195
TRXUSDT,2025-09,-26.413569471084866,-0.9589535543023109,STALL_EXIT,0.33726742597818377,0.33403318800926207,2542.3243764561257,4229,7649.088841716819
ETHUSDT,2025-09,18.874428383639074,0.8210028343102804,TRAILING_LOCK,3943.1783705566404,3975.5519767408205,2547.146584291701,56,2572.650585950453
DOGEUSDT,2025-09,-33.321617457231326,-1.228368222444598,STALL_EXIT,0.22715542046427725,0.22436511546373367,2546.807304366673,60,5087.154995781641
ICPUSDT,2025-09,-30.46626917263216,-1.116412770139863,STALL_EXIT,4.086817165660858,4.041191416931152,2546.4680696337314,61,7604.175383470594
LTCUSDT,2025-09,18.229342427525385,0.8000000000000007,TRAILING_LOCK,103.82076305236816,104.65132915678711,2531.853114934069,356,5089.201447041332
TRXUSDT,2025-09,-24.749018614788984,-0.8973758951318134,STALL_EXIT,0.3381676063120365,0.33513297172784806,2532.190402695708,473,7597.655707283329
TRXUSDT,2025-10,-27.15627775729722,-0.993362452807256,STALL_EXIT,0.34606918593049046,0.3426314645767212,2530.0193505253487,203,7570.499429526031
SEIUSDT,2025-10,10.588100502134823,0.49999999999998934,TRAILING_LOCK,0.22834566519856453,0.22948739352455733,2520.9763100321684,18,7581.087530028166
RENDERUSDT,2025-10,18.176415461995745,0.8000000000000007,TRAILING_LOCK,2.8225644267082215,2.8451449421218875,2524.5021474993796,17,7599.263945490162
RENDERUSDT,2025-10,18.21756833234193,0.8000000000000007,TRAILING_LOCK,2.576515175199509,2.597127296601105,2530.217823936364,97,2555.021646774957
APTUSDT,2025-10,18.219995235707348,0.8000000000000007,TRAILING_LOCK,3.25065,3.2766552,2530.554893848224,118,5104.808757816428
GALAUSDT,2025-10,22.97251967203622,0.9880475128244415,TRAILING_LOCK,0.011322263582982123,0.011434132926709206,2529.880798922215,118,7658.674028730247
UNIUSDT,2025-10,-58.14771669573166,-2.200000000000002,STOP_LOSS,6.206240923690796,6.069703623369598,2550.3384515671723,1,7600.526312034515
ROSEUSDT,2025-11,-57.706235971490926,-2.200000000000002,STOP_LOSS,0.01751350261643529,0.01712820555887371,2530.975261907494,1,7542.820076063024
ICPUSDT,2025-11,161.254933278121,6.499999999999995,TAKE_PROFIT,5.642127993965149,6.0088663135728835,2511.759085328987,45,7704.075009341145
ICPUSDT,2025-11,164.70233799470043,6.499999999999995,TAKE_PROFIT,5.762152356433869,6.13669225960207,2565.4569781106015,20,7868.777347335847
ICPUSDT,2025-11,168.22344339775412,6.499999999999995,TAKE_PROFIT,6.541307961845398,6.9664929793653485,2620.3028566628373,25,8037.000790733601
FILUSDT,2025-11,171.81982510477698,6.499999999999995,TAKE_PROFIT,2.0124024839401247,2.1432086453962325,2676.3212633142894,6,8208.820615838376
ICPUSDT,2025-11,175.49309241776226,6.499999999999995,TAKE_PROFIT,7.440487929725647,7.9241196451578135,2733.5372650741797,39,8384.313708256139
FETUSDT,2025-11,179.2448890433245,6.499999999999995,TAKE_PROFIT,0.35037007402181625,0.3731441288332343,2791.976464849294,6,5770.837381885853
FILUSDT,2025-11,49.042242544150255,1.8000000000000016,TRAILING_LOCK,3.0566111942768095,3.111630195773792,2851.2931711715196,3,5819.879624430003
GALAUSDT,2025-11,25.79258675045165,1.0039341056579554,TRAILING_LOCK,0.010342067571356892,0.010445895114935936,2791.6045735841763,20,5769.622138960167
FILUSDT,2025-11,-65.38183262500279,-2.200000000000002,STOP_LOSS,3.0116021179676054,2.945346871372318,2867.6242379387218,1,8573.011593969062
TIAUSDT,2025-11,11.990214015324547,0.49999999999998934,TRAILING_LOCK,1.008201616215706,1.0132426242967842,2854.812860791698,15,8585.001807984387
ORDIUSDT,2025-11,-65.18076772694067,-2.200000000000002,STOP_LOSS,6.321264171695709,6.182196359918404,2858.805602058801,2,2801.0655765863635
FILUSDT,2025-11,-63.83875964231219,-2.200000000000002,STOP_LOSS,3.185636942768097,3.115552930027199,2799.9455983470248,2,2737.2268169440513
NEARUSDT,2025-11,183.4864290993473,6.499999999999995,TAKE_PROFIT,2.6405281049251554,2.8121624317452905,2858.044066968028,38,5779.900530638213
ROSEUSDT,2025-11,183.5108727475971,6.499999999999995,TAKE_PROFIT,0.02267453479170799,0.024148379553169008,2858.4248091526065,68,5945.266619376475
ICPUSDT,2025-11,184.67530210925165,6.499999999999995,TAKE_PROFIT,8.289657706832886,8.828485457777022,2876.562338150343,30,9007.65488457133
ORDIUSDT,2025-11,-68.3715011378789,-2.199999999999991,STOP_LOSS,5.38907761144638,5.27051790399456,2998.750049906976,6,2938.1852908006686
ROSEUSDT,2025-11,-68.38060943505585,-2.200000000000002,STOP_LOSS,0.023324664618819952,0.022811521997205913,2999.1495366252548,7,2931.9685870048484
FLUXUSDT,2025-11,-66.96383909461741,-2.200000000000002,STOP_LOSS,0.24264851394295692,0.23731024663621186,2937.0104866060265,2,5803.1900387109
NEARUSDT,2025-11,-68.3897189456194,-2.200000000000002,STOP_LOSS,2.894578853416443,2.830898118641281,2999.549076562253,17,8735.549215958159
FILUSDT,2025-11,186.7538124682828,6.499999999999995,TAKE_PROFIT,2.772554474401474,2.9527705152375696,2908.937888914067,11,8922.303028426442
FILUSDT,2025-11,12.478733015556994,0.49999999999998934,TRAILING_LOCK,2.8295657961845397,2.8437136251654622,2971.1269084660053,10,5962.862314618457
FETUSDT,2025-11,-67.73267031944903,-2.200000000000002,STOP_LOSS,0.3317663371860981,0.32446747776800394,2970.731154361798,11,5890.972511302058
ICPUSDT,2025-11,-67.82741505388584,-2.200000000000002,STOP_LOSS,8.625724395561218,8.43595845885887,2974.8866251704253,1,8799.221676068666
ICPUSDT,2025-11,-66.79831193292466,-2.200000000000002,STOP_LOSS,7.522504108428955,7.357009018043518,2929.750523373891,1,5801.110489677622
NEARUSDT,2025-11,188.1150405240014,6.499999999999995,TAKE_PROFIT,2.688537563753128,2.863292505397081,2930.140818130866,77,8920.538404659743
FLUXUSDT,2025-11,-67.72829578353873,-2.200000000000002,STOP_LOSS,0.18493698069155215,0.180868367116338,2970.5392887516946,7,8852.810108876205
FILUSDT,2025-11,31.929668332494884,1.1631011702287974,TRAILING_LOCK,2.72754539809227,2.759269510536003,2947.9857662557765,12,8884.7397772087
FILUSDT,2025-11,-67.45649828447942,-2.200000000000002,STOP_LOSS,2.688537563753128,2.629389737350559,2958.6183458104974,9,8817.283278924222
ICPUSDT,2025-11,21.14031838954869,0.8000000000000007,TRAILING_LOCK,7.266452866458892,7.324584489390563,2936.155331881766,16,8838.423597313771
NEARUSDT,2025-11,-67.10484732024533,-2.200000000000013,STOP_LOSS,2.923584697294235,2.8592658339537618,2943.195057905486,1,8771.318749993525
FILUSDT,2025-11,21.030113834984736,0.8000000000000007,TRAILING_LOCK,2.5735145542144773,2.5941026706481933,2920.8491437478438,16,5870.720593151956
FETUSDT,2025-11,21.077734797873557,0.8000000000000007,TRAILING_LOCK,0.3412682340860367,0.34399837995872495,2927.4631663713526,18,5891.798327949829
UNIUSDT,2025-11,187.49353756240973,6.499999999999995,TAKE_PROFIT,6.923384331321716,7.373404312857628,2920.460086641897,87,9000.920136188794
UNIUSDT,2025-11,12.587010089378014,0.49999999999998934,TRAILING_LOCK,9.145828853416443,9.191557997683525,2996.907164137676,11,3017.295239071309
FILUSDT,2025-11,-68.32038185515768,-2.199999999999991,STOP_LOSS,2.435486942768097,2.381906230027199,2996.507976103412,3,5946.681436510005
ROSEUSDT,2025-11,-18.826331584669354,-0.5481083425791899,STALL_EXIT,0.021644328865036366,0.021525694492831825,2997.3064053508683,121,8926.360432838344
UNIUSDT,2025-11,-67.77249895028186,-2.200000000000002,STOP_LOSS,8.186637419700622,8.006531396467208,2972.4780241351687,7,2912.442127778235
JASMYUSDT,2025-11,12.481082076656945,0.49999999999998934,TRAILING_LOCK,0.00946189232133329,0.009509201782939954,2971.6862087279574,12,5897.798093066341
ADAUSDT,2025-11,-67.76347165342165,-2.200000000000002,STOP_LOSS,0.5672134084582329,0.5547347134721518,2972.082090062354,15,8803.305544311297
ICPUSDT,2025-11,-66.83821701462928,-2.200000000000002,STOP_LOSS,6.235247006034851,6.098071571902084,2931.5007462556623,23,8736.467327296668
ICPUSDT,2025-11,-66.33075453576747,-2.200000000000013,STOP_LOSS,5.347069394588471,5.229433867907524,2909.2436199897907,7,8670.1365727609
FILUSDT,2025-11,-65.82714491503013,-2.200000000000013,STOP_LOSS,2.0574113217830656,2.012148272703838,2887.1554787293803,43,8604.30942784587
FILUSDT,2025-11,-65.32735889997696,-2.200000000000002,STOP_LOSS,1.9443888057231902,1.90161225199728,2865.235039472675,17,8538.982068945894
FETUSDT,2025-11,20.47306340850462,0.8000000000000007,TRAILING_LOCK,0.2721544215738773,0.2743316569464683,2843.4810289589827,22,5715.215614157558
DOGEUSDT,2025-11,182.52716620175653,6.499999999999995,TAKE_PROFIT,0.13592718569934367,0.14476245276980101,2843.1022772859255,335,3040.242408137309
ORDIUSDT,2025-11,182.96485487401367,6.499999999999995,TAKE_PROFIT,3.7577513694763183,4.002005208492279,2849.91985785068,452,6074.267088805143
OPUSDT,2025-11,182.94048395534426,6.499999999999995,TAKE_PROFIT,0.296659333974123,0.31594219068244095,2849.5402485256145,584,9107.887637385513
FETUSDT,2025-11,-69.15072609808584,-2.200000000000002,STOP_LOSS,0.25935185351371765,0.25364611273641585,3032.926583249376,5,9038.736911287426
TIAUSDT,2025-11,-22.89818793405873,-0.6807625689761454,STALL_EXIT,0.6241248128771781,0.6198760047674179,3009.899391458713,62,9015.838723353367
APTUSDT,2025-11,-35.736892671952084,-1.110327370584907,STALL_EXIT,2.14842960190773,2.124575,3002.2742948766713,65,8980.101830681415
TIAUSDT,2025-11,191.98200499740534,6.499999999999995,TAKE_PROFIT,0.6131225756764411,0.6529755430954097,2990.3739096169115,212,6180.912253629946
ICPUSDT,2025-11,-28.5699283899874,-0.8755237998672727,STALL_EXIT,3.9487895542144775,3.914216961860657,2989.9755918121505,397,9143.513907288834
ICPUSDT,2025-12,25.345039838418387,0.912406791499798,TRAILING_LOCK,3.7047407961845398,3.7385431028163914,3044.790131127182,64,9168.858947127252
ORDIUSDT,2025-12,108.09981883039406,3.620978524501517,TRAILING_LOCK,3.986797261047363,4.131158333685303,3052.8233391534595,92,3168.8697747865954
CKBUSDT,2025-12,195.96515233803635,6.499999999999995,TAKE_PROFIT,0.0026015202146954836,0.0027706190286506897,3052.4167030846847,595,6418.47259689055
ANKRUSDT,2025-12,196.01736788705463,6.499999999999995,TAKE_PROFIT,0.0075014998323284085,0.007989097321429755,3053.230029393375,598,9668.941286182737
BONKUSDT,2025-12,23.18225362775203,0.8000000000000007,TRAILING_LOCK,9.951990276204015e-06,1.0031606198413648e-05,3219.7574482988516,49,9692.12353981049
PYTHUSDT,2025-12,207.2040323081926,6.499999999999995,TAKE_PROFIT,0.06341268033385276,0.0675345045555532,3227.477138756893,150,6670.9895144211505
LTCUSDT,2025-12,26.686850419228275,0.9069742722804142,TRAILING_LOCK,82.74654935760498,83.49703927147827,3227.0472388020107,128,9926.01442253791
ORDIUSDT,2025-12,212.20429193366863,6.499999999999995,TAKE_PROFIT,4.358871401596069,4.642198042699813,3305.362802705124,158,10138.218714471579
TRXUSDT,2025-12,-39.96440917813225,-1.1037704842948526,STALL_EXIT,0.28195636864900586,0.27884421747326854,3376.026831919036,60,10098.254305293447
TRXUSDT,2025-12,-36.37894368758789,-1.001831312988799,STALL_EXIT,0.2806561313509941,0.2778444303452969,3362.718683662718,393,10061.875361605858
CKBUSDT,2025-12,-59.60207068421525,-1.6990822766226432,STALL_EXIT,0.002410481957299635,0.00236952588558197,3350.158194895962,153,6650.328553708726
UNIUSDT,2025-12,23.978237078578235,0.8000000000000007,TRAILING_LOCK,6.1432285984039305,6.192374427191162,3330.3107053581175,32,6674.306790787304
HBARUSDT,2025-12,214.00059987802513,6.499999999999995,TAKE_PROFIT,0.11010201228708029,0.11725864308574051,3333.342677227806,152,3548.676614176722
VETUSDT,2025-12,214.31856842319894,6.499999999999995,TAKE_PROFIT,0.010452089943364263,0.011131475789682939,3338.2954583052847,529,7102.625959088527
UNIUSDT,2025-12,-33.75424811830093,-0.8896917034838525,STALL_EXIT,6.236247133541107,6.180763760185242,3480.925741349592,60,7068.871710970227
FILUSDT,2025-12,-20.25764810539785,-0.5038467969916693,STALL_EXIT,1.293258582830429,1.286742540884018,3469.6855767261977,481,7048.614062864828
TRXUSDT,2025-12,57.79736828663016,1.8049833087051992,MONTH_END,0.27945587103366853,0.28450000286102295,3350.604495414751,3292,10458.356168364375
AVAXUSDT,2026-01,223.5850131809947,6.499999999999995,TAKE_PROFIT,13.142628343391419,13.996899185711861,3482.632604065337,123,10681.94118154537
RENDERUSDT,2026-01,228.36494774378562,6.499999999999995,TAKE_PROFIT,1.7653529856920243,1.8801009297620057,3557.086413454608,77,10910.306129289154
RENDERUSDT,2026-01,233.24707061562077,6.499999999999995,TAKE_PROFIT,2.1044208915710447,2.2412082495231624,3633.1319410532888,42,11143.553199904774
RENDERUSDT,2026-01,183.8061891409711,5.033932200330371,TRAILING_LOCK,2.414482834339142,2.5360262632083894,3710.3089365799765,55,7615.071852191228
RENDERUSDT,2026-01,242.1313527236032,6.499999999999995,TAKE_PROFIT,2.1374274839401246,2.2763602703962325,3771.51639756392,61,7857.20320491483
POLUSDT,2026-01,28.211119488744348,0.8123481113631481,TRAILING_LOCK,0.17713542276620864,0.17857437902760506,3852.146138020879,25,7885.414324403575
POLUSDT,2026-01,-88.04312205048268,-2.200000000000002,STOP_LOSS,0.17463492515087128,0.1707929567975521,3861.5404408106315,27,7797.371202353092
JASMYUSDT,2026-01,-87.37466345062649,-2.200000000000002,STOP_LOSS,0.009121823594905435,0.008921143475817515,3832.2220811678203,52,7709.9965389024655
POLUSDT,2026-01,-86.71128005584373,-2.200000000000002,STOP_LOSS,0.1562312466055155,0.15279415918019415,3803.126318238762,13,7623.285258846621
POLUSDT,2026-01,27.174610526257204,0.8000000000000007,TRAILING_LOCK,0.1512302364706993,0.1524400783624649,3774.251461980166,41,7650.4598693728785
RENDERUSDT,2026-01,-66.27003961419847,-1.6716461548570538,STALL_EXIT,2.328465668678284,2.2895419618606567,3783.3006072854096,60,7584.1898297586795
ICPUSDT,2026-01,15.797177273193592,0.49999999999998934,TRAILING_LOCK,4.483896401596069,4.5063158836040484,3761.2326840938813,4,7599.987007031873
ICPUSDT,2026-01,241.80885985287992,6.499999999999995,TAKE_PROFIT,4.370873885536194,4.654980688096047,3766.493144125854,28,4074.2980230668004
ICPUSDT,2026-01,-49.78691635573253,-1.214338669010595,STALL_EXIT,4.256851241970062,4.2051586512565615,3846.5138643960913,86,4024.511106711068
LTCUSDT,2026-01,107.03495357669108,2.9221454237545075,TRAILING_LOCK,73.87477261047363,76.03350089761963,3765.991447239057,146,7899.043904105712
AVAXUSDT,2026-01,27.835769454130173,0.8000000000000007,TRAILING_LOCK,13.842768152618408,13.953510297839355,3866.0790908514427,34,7926.879673559843
TRXUSDT,2026-01,238.2335664394839,6.499999999999995,TAKE_PROFIT,0.29245848248004913,0.3114682838412523,3710.80321556829,2897,11877.400776853843
JASMYUSDT,2026-01,-90.17797765818537,-2.200000000000002,STOP_LOSS,0.007971593685820698,0.007796218624732642,3955.17445869233,3,3875.290791951098
RENDERUSDT,2026-01,-90.1659659515611,-2.200000000000002,STOP_LOSS,2.1404281049251557,2.0933386866168022,3954.6476294544323,3,7741.35431450575
GALAUSDT,2026-01,-90.15395584489633,-2.200000000000002,STOP_LOSS,0.007371473773755133,0.00720930135073252,3954.1208703901884,3,11606.902877399198
ROSEUSDT,2026-01,248.10628169549645,6.499999999999995,TAKE_PROFIT,0.01674334787540138,0.017831665487302466,3864.583827032664,18,7988.364461457491
ORDIUSDT,2026-01,-43.645738986678005,-1.049227035236877,STALL_EXIT,4.457891178703308,4.411117779254913,3865.098658173933,102,11811.363420108017
ROSEUSDT,2026-01,16.519372879362876,0.49999999999998934,TRAILING_LOCK,0.018213641427084804,0.018304709634220227,3933.18401889597,1,11827.88279298738
ROSEUSDT,2026-01,-89.80201731747748,-2.200000000000002,STOP_LOSS,0.017173434821516276,0.016795619255442918,3938.684970064798,3,11738.080775669903
ROSEUSDT,2026-01,-89.12020448119594,-2.199999999999991,STOP_LOSS,0.017493497532606126,0.017108640586888792,3908.780898298078,2,11648.960571188707
ROSEUSDT,2026-01,-88.44356824069322,-2.200000000000002,STOP_LOSS,0.0202240442968905,0.019779115322358907,3879.1038702058395,10,11560.517002948014
ROSEUSDT,2026-01,-87.77206929318261,-2.200000000000002,STOP_LOSS,0.01853370600119233,0.0181259644691661,3849.652161981689,1,11472.74493365483
ATOMUSDT,2026-01,27.50705325293102,0.8000000000000007,TRAILING_LOCK,2.312462436246872,2.330962135736847,3820.4240629070587,178,7678.808838412913
ETHUSDT,2026-01,-35.06175740037546,-0.8378674322853885,STALL_EXIT,2955.9909823242187,2931.223696582031,3819.9151824218798,130,7634.583500529824
ENSUSDT,2026-01,-87.0366815505997,-2.200000000000013,STOP_LOSS,8.821763694763183,8.627684893478392,3817.3983136227807,30,3731.88859139763
SOLUSDT,2026-01,-86.96222269978061,-2.200000000000002,STOP_LOSS,123.04460064239501,120.33761942826231,3814.1325745517734,39,7460.584596279444
ROSEUSDT,2026-01,241.3571187601754,6.499999999999995,TAKE_PROFIT,0.018583716847747563,0.019791658442851155,3759.4566785074044,10,7701.941715039619
TRXUSDT,2026-01,27.56934071235377,0.8000000000000007,TRAILING_LOCK,0.29585916042923927,0.2982260337126732,3829.0750989379867,671,11560.117784729535
ROSEUSDT,2026-01,247.13913407261884,6.499999999999995,TAKE_PROFIT,0.02045408971980214,0.02178360555158928,3849.519222314935,15,11807.256918802153
ROSEUSDT,2026-01,-89.64541743031356,-2.200000000000002,STOP_LOSS,0.02143428666293621,0.020962732356351613,3931.8165539611173,9,11717.61150137184
ROSEUSDT,2026-01,250.50612924322778,6.499999999999995,TAKE_PROFIT,0.018793757186830042,0.020015351403973994,3901.964629956823,56,11968.117630615068
ROSEUSDT,2026-01,-90.86673629868208,-2.200000000000002,STOP_LOSS,0.019153830065578224,0.0187324458041355,3985.383170994818,9,11877.250894316387
ROSEUSDT,2026-01,253.9189959692324,6.499999999999995,TAKE_PROFIT,0.01849369769655168,0.01969578804682754,3955.124547807357,70,8174.990325977941
ICPUSDT,2026-01,-90.16482813496114,-2.200000000000002,STOP_LOSS,2.8435685351371767,2.7810100273641587,3954.5977252175894,28,8000.236579974125
ORDIUSDT,2026-01,-92.09268431989695,-2.200000000000002,STOP_LOSS,3.331666289663315,3.258369631290722,4039.152821048112,1,11948.912377830758
ROSEUSDT,2026-02,-90.72092233744215,-2.200000000000002,STOP_LOSS,0.0173334661770612,0.016952129921165855,3978.9878218176427,1,11858.191455493317
ROSEUSDT,2026-02,253.51153185040965,6.499999999999995,TAKE_PROFIT,0.016373274317756294,0.017437537148410454,3948.777754679275,37,12111.702987343728
OPUSDT,2026-02,-39.26066505481562,-0.8934377996447473,STALL_EXIT,0.18743747830688953,0.18576284102499485,4033.1970947854616,200,12072.442322288913
ICPUSDT,2026-02,-91.65881108774617,-2.199999999999991,STOP_LOSS,2.375475,2.32321455,4020.123293322208,1,11980.783511201165
APTUSDT,2026-02,-35.4259000882898,-0.8080742774253635,STALL_EXIT,0.9111822133541106,0.903819184267521,3989.069494388879,261,3964.027295926835
ICPUSDT,2026-02,-23.329709604732468,-0.5049188029651708,STALL_EXIT,2.3654730095386505,2.3535292915344237,3988.5381503322265,266,7930.831151914462
ENSUSDT,2026-02,28.580427909800008,0.8000000000000007,TRAILING_LOCK,6.881376114463806,6.9364271233795165,3969.503876361102,23,7959.411579824262
OPUSDT,2026-02,85.41394652815222,2.227585644144514,TRAILING_LOCK,0.14212842634320258,0.14529445876467226,3977.207929333921,54,4064.2127590338073
OPUSDT,2026-02,48.63891963240859,1.2938687501116375,TRAILING_LOCK,0.13922784195542334,0.14102926749393938,4006.933997430581,19,4112.851678666216
DOGEUSDT,2026-02,28.64895234375674,0.8000000000000007,TRAILING_LOCK,0.09708941506594419,0.09786613038647175,3979.0211588550656,127,8122.11339832858
OPUSDT,2026-02,-45.03194821638131,-1.036531254708306,STALL_EXIT,0.13042608200311662,0.12907417489886283,4033.2008644170032,62,8077.081450112199
ATOMUSDT,2026-02,-91.6150791450696,-2.200000000000002,STOP_LOSS,2.009401862955093,1.9651950219700811,4018.2052256609486,22,7985.466370967129
TRXUSDT,2026-02,49.060609908018954,1.3097122199495326,MONTH_END,0.27825564052462576,0.28189998865127563,3989.6009092299882,4481,12025.723730468828
LINKUSDT,2026-03,28.829034677193235,0.8000000000000007,TRAILING_LOCK,8.821763694763183,8.892337804321288,4004.032594054621,28,8048.384936499003
NEARUSDT,2026-03,28.83287521617177,0.8000000000000007,TRAILING_LOCK,1.1412282324314118,1.150358058290863,4004.5660022461198,31,12083.385640362192
DOGEUSDT,2026-03,-91.72967711518766,-2.200000000000002,STOP_LOSS,0.0999499892860651,0.09775108952177167,4023.231452420501,21,7966.279038039098
TRXUSDT,2026-03,-45.41371133581767,-1.0486365889327387,STALL_EXIT,0.28745748724937437,0.28444310286045077,4023.7674182406104,93,11946.242251911186
ANKRUSDT,2026-03,-90.7006496734108,-2.200000000000013,STOP_LOSS,0.0046309258648194376,0.00452904549579341,3978.0986698864253,20,11855.541602237776
ADAUSDT,2026-03,28.42484654552538,0.8000000000000007,TRAILING_LOCK,0.2527505410015583,0.2547725453295708,3947.8953535451797,176,11883.9664487833
ICPUSDT,2026-03,-90.22782686574273,-2.200000000000013,STOP_LOSS,2.6525303503990174,2.5941746826902388,3957.360827444839,17,11793.738621917557
ICPUSDT,2026-03,-89.54278111304716,-2.200000000000013,STOP_LOSS,2.608521640062332,2.5511341639809606,3927.3149610985465,56,11704.19584080451
FETUSDT,2026-03,-88.86293650172404,-2.200000000000002,STOP_LOSS,0.1840368003576994,0.17998799074983002,3897.497214987902,9,11615.332904302786
FETUSDT,2026-03,16.245204599957486,0.49999999999998934,TRAILING_LOCK,0.23934785768687725,0.2405445969753116,3867.905857132828,4,11631.578108902744
FETUSDT,2026-03,-88.31159363403304,-2.199999999999991,STOP_LOSS,0.23264652348160744,0.2275282999650121,3873.315510264614,4,11543.266515268711
ANKRUSDT,2026-03,-87.64109669052635,-2.200000000000002,STOP_LOSS,0.005601119800284504,0.005477895164678245,3843.9077495844813,10,11455.625418578185
FETUSDT,2026-03,58.95601124863277,1.625485928141468,TRAILING_LOCK,0.2319463865339756,0.23571664240791798,3814.723264386536,26,11514.58142982682
ANKRUSDT,2026-03,-87.42330804781749,-2.200000000000013,STOP_LOSS,0.005791157850064337,0.0056637523773629215,3834.3556161323313,6,11427.158121779
ANKRUSDT,2026-03,244.29664262226407,6.499999999999995,TAKE_PROFIT,0.005481095817871391,0.005837367046033031,3805.2436545524074,56,7865.196073585204
APTUSDT,2026-03,34.56219723451927,0.9883991636417067,TRAILING_LOCK,0.996199191892147,1.0060456163730145,3804.736796097621,161,11706.016961635783
ANKRUSDT,2026-03,-88.87676317952385,-2.200000000000013,STOP_LOSS,0.005221044166479259,0.005106181194816715,3898.103648224716,48,11617.14019845626
FETUSDT,2026-03,248.32511213534985,6.499999999999995,TAKE_PROFIT,0.22744548486471175,0.242229441380918,3867.9924008621483,51,7995.410221431241
APTUSDT,2026-03,248.35819344671685,6.499999999999995,TAKE_PROFIT,1.0342068391084671,1.1014302836505174,3868.507686085935,287,12113.823504038326
FILUSDT,2026-03,258.97658716343346,6.499999999999995,TAKE_PROFIT,0.8001600119233131,0.8521704126983284,4033.9032268447627,108,12372.80009120176
FETUSDT,2026-03,-93.93924741244015,-2.200000000000002,STOP_LOSS,0.23774754040539264,0.232517094516474,4120.142430370186,34,12278.86084378932
FETUSDT,2026-03,-40.790711240209795,-0.9176058032365098,STALL_EXIT,0.22784555673301218,0.22575483268201352,4088.860660981844,144,12238.07013254911
ALGOUSDT,2026-04,261.6328061357145,6.499999999999995,TAKE_PROFIT,0.11752349970191717,0.12516252718254178,4075.2773541388538,118,12499.702938684826
VETUSDT,2026-04,29.969287765790646,0.8000000000000007,TRAILING_LOCK,0.007474494459573179,0.007534290415249764,4162.401078582047,86,12529.672226450617
LTCUSDT,2026-04,30.041142130137857,0.8000000000000007,TRAILING_LOCK,54.77095032119751,55.20911792376709,4172.380851408056,266,12559.713368580757
ROSEUSDT,2026-04,268.5090882215403,6.499999999999995,TAKE_PROFIT,0.011232246294803917,0.01196234230396617,4182.384551737392,40,12828.222456802298
ORDIUSDT,2026-04,274.24943661499293,6.499999999999995,TAKE_PROFIT,8.204640668678284,8.737942312142371,4271.7980781151655,5,13102.471893417289
ORDIUSDT,2026-04,-99.47920760358143,-2.200000000000002,STOP_LOSS,8.166632961845398,7.986967036684799,4363.123140507957,1,13002.992685813708
ORDIUSDT,2026-04,18.185985570378683,0.49999999999998934,TRAILING_LOCK,8.395678853416443,8.437657247683525,4329.996564375965,3,13021.178671384085
ORDIUSDT,2026-04,18.211420489796932,0.49999999999998934,TRAILING_LOCK,8.064612325286864,8.104935386913297,4336.0524975709,3,13039.39009187388
ORDIUSDT,2026-04,18.236890982494387,0.49999999999998934,TRAILING_LOCK,7.815562929725647,7.854640744374274,4342.116900594002,2,13057.626982856375
ORDIUSDT,2026-04,279.15378421569284,6.499999999999995,TAKE_PROFIT,7.590518025112152,8.08390169674444,4348.189785291173,3,13336.780767072067
ORDIUSDT,2026-04,285.12170130692664,6.499999999999995,TAKE_PROFIT,7.378475255012512,7.858076146588325,4441.147995434999,8,13621.902468378992
ORDIUSDT,2026-04,218.39895982503063,4.894692615291829,TRAILING_LOCK,7.179435573291778,7.530846876117326,4536.093521970205,14,13840.301428204024
ORDIUSDT,2026-04,-105.06710776036826,-2.200000000000002,STOP_LOSS,6.916382961845398,6.764222536684799,4608.206480717911,1,9124.570416701477
ORDIUSDT,2026-04,19.207520362101302,0.49999999999998934,TRAILING_LOCK,6.5923182801246645,6.625279871525287,4573.219133833708,3,9143.77793706358
ORDIUSDT,2026-04,19.2343840000795,0.49999999999998934,TRAILING_LOCK,6.385276624488831,6.417203007611274,4579.615238114288,3,9163.01232106366
ORDIUSDT,2026-04,-104.56126256608803,-2.200000000000002,STOP_LOSS,6.340268025112152,6.200782128559685,4586.0202879863145,5,9058.451058497572
ORDIUSDT,2026-04,292.18712908082614,6.499999999999995,TAKE_PROFIT,6.1862369427680965,6.588342344048023,4551.201387551808,16,9350.638187578399
ORDIUSDT,2026-04,298.4336808385931,6.499999999999995,TAKE_PROFIT,5.791157961845398,6.1675832293653485,4648.499701535723,1,9649.071868416991
ORDIUSDT,2026-04,82.81662005031741,1.8242869847341137,TRAILING_LOCK,5.814162802219391,5.920229817491531,4747.878117254974,34,9731.88848846731
ORDIUSDT,2026-04,20.0569154172725,0.49999999999998934,TRAILING_LOCK,5.7311460190773005,5.759801749172686,4775.45605173173,4,9751.945403884583
ORDIUSDT,2026-04,-109.01815495137424,-2.200000000000002,STOP_LOSS,5.452090413665771,5.332144424565124,4781.498024183074,3,4858.8793903657
NEARUSDT,2026-04,-65.75216367275198,-1.3466592818624834,STALL_EXIT,1.3772753742456436,1.3587281675815583,4608.82037559194,374,9403.791130435126
ORDIUSDT,2026-04,19.840436292411994,0.49999999999998934,TRAILING_LOCK,5.147029108428955,5.172764253971099,4723.91340295527,21,9423.631566727538
CKBUSDT,2026-04,-107.85586211588655,-2.200000000000002,STOP_LOSS,0.001588317584618926,0.0015533745977573097,4730.5202682406425,17,9315.775704611651
ORDIUSDT,2026-04,-107.0369772683578,-2.199999999999991,STOP_LOSS,4.454890796184539,4.35688319866848,4694.604266156052,1,9208.738727343294
ORDIUSDT,2026-04,299.10529316498923,6.499999999999995,TAKE_PROFIT,4.353870764064789,4.636872363729,4658.96095272569,36,9507.844020508284
ORDIUSDT,2026-04,305.4997455854461,6.499999999999995,TAKE_PROFIT,4.733946401596069,5.041652917699813,4758.563015349631,31,9813.34376609373
ORDIUSDT,2026-04,-109.49375782380122,-2.1728214985036964,STALL_EXIT,4.593918535137177,4.49410088558197,4860.294430629585,261,9703.850008269928
ORDIUSDT,2026-04,34.731597666774235,0.8000000000000007,TRAILING_LOCK,4.49689901304245,4.532874205146789,4823.833009274259,43,9738.581605936703
TRXUSDT,2026-04,70.683807162176,1.5580805455030378,TRAILING_LOCK,0.3275654856920242,0.33266921979837416,4782.135004565683,1823,14593.313271666388
GALAUSDT,2026-04,-46.08769359638154,-0.8683897158579423,STALL_EXIT,0.0036207240904681383,0.003589282094826922,4859.573319464907,80,14547.225578070003
TRXUSDT,2026-04,34.021380747647676,0.7823078593454325,MONTH_END,0.32406480095386503,0.32659998536109924,4844.226117497311,1380,14581.24695881765
ORDIUSDT,2026-05,114.626763233288,2.4410489006861713,TRAILING_LOCK,5.654130477905273,5.792150567779541,4854.90847732867,46,9838.376262669746
ORDIUSDT,2026-05,-42.067497251668954,-0.7797346501578595,STALL_EXIT,5.271053980922699,5.229953746604919,4893.0791894853555,65,9796.308765418078
ORDIUSDT,2026-05,313.23633976821515,6.499999999999995,TAKE_PROFIT,4.955990923690796,5.278130333730697,4879.0707129005505,96,10109.545105186295
ORDIUSDT,2026-05,-43.87203106794769,-0.8003672413139373,STALL_EXIT,5.1280252550125125,5.086982220745087,4983.378414043366,149,10065.673074118347
FILUSDT,2026-05,-43.341558354243055,-0.7922795950594863,STALL_EXIT,1.063212563753128,1.0547889475584031,4968.769027697741,146,5052.237085225787
ORDIUSDT,2026-05,-113.27284387872255,-2.200000000000013,STOP_LOSS,5.337067165660858,5.219651688016318,4968.107187663251,23,9909.058671885381
TRXUSDT,2026-05,311.7266462337785,6.499999999999995,TAKE_PROFIT,0.3265652985692024,0.34779204297620053,4855.555237286278,1703,15078.282777500352
GALAUSDT,2026-05,322.3525761870687,6.499999999999995,TAKE_PROFIT,0.0036607319293543695,0.0038986795047624033,5021.068164907618,242,15400.63535368742
FILUSDT,2026-05,329.24402297234116,6.499999999999995,TAKE_PROFIT,1.077215421938896,1.1472344243649242,5128.411572777911,29,15729.879376659763
OPUSDT,2026-05,37.713958793479364,0.8000000000000007,TRAILING_LOCK,0.1656331218123436,0.16695818678684235,5238.049832427701,71,5289.397099722909
FILUSDT,2026-05,37.7089352941682,0.8000000000000007,TRAILING_LOCK,1.2212441561222076,1.2310141093711853,5237.352124190022,65,10566.553100056775
JASMYUSDT,2026-05,22.102366161868098,0.49999999999998934,TRAILING_LOCK,0.00725144979134202,0.007287707040298729,5262.468133778304,6,10588.655466218643
PYTHUSDT,2026-05,-60.434099573496255,-1.074059323007348,STALL_EXIT,0.05801159833073616,0.05738851935043931,5236.65450888708,189,15766.970537335781
ORDIUSDT,2026-05,-119.70914710766795,-2.199999999999991,STOP_LOSS,5.273054235935211,5.157047042744637,5250.401188932816,2,10395.459673999467
FILUSDT,2026-05,-119.69320184927348,-2.200000000000002,STOP_LOSS,1.1442288534164429,1.1190558186412811,5249.701835494449,1,15527.568188378842
JASMYUSDT,2026-05,-36.29844393450717,-0.6220052001526089,STALL_EXIT,0.006871374157536775,0.006828633852954954,5170.680206730155,231,15491.269744444337
ALGOUSDT,2026-05,-48.98276452604979,-0.8695373290486419,STALL_EXIT,0.12052409833073616,0.11947609630525112,5158.592824899964,253,15442.286979918286
PYTHUSDT,2026-05,70.40763434922191,1.4493729721873683,TRAILING_LOCK,0.04120824079290032,0.041805501897266506,5141.596612408423,22,10368.356137328994
PYTHUSDT,2026-05,-117.76296568594492,-2.200000000000002,STOP_LOSS,0.040208038765937086,0.03932346191308647,5165.042354646714,2,10250.59317164305
ROSEUSDT,2026-05,-116.86886214527095,-2.199999999999991,STOP_LOSS,0.009881975794024766,0.009664572326556221,5125.827287073295,10,5011.008755842854
ORDIUSDT,2026-05,-116.75121413767768,-2.200000000000013,STOP_LOSS,4.174834586334228,4.082988225434875,5120.667286740229,10,10016.973095360103
RENDERUSDT,2026-05,324.0836416672827,6.499999999999995,TAKE_PROFIT,1.915382961845398,2.0398828543653487,5048.0318016710735,238,5374.134656059025
FILUSDT,2026-05,318.748898038953,6.499999999999995,TAKE_PROFIT,0.9341868152618408,0.9949089582538604,4964.936106525751,219,5502.453194079505
ETHUSDT,2026-05,37.11809033897017,0.8000000000000007,TRAILING_LOCK,2117.7335206054686,2134.6753887703126,5155.29032485689,144,10696.923725405308
TRXUSDT,2026-05,330.1344764288809,6.499999999999995,TAKE_PROFIT,0.3514702679336071,0.3743158353492915,5142.28156431279,2741,16171.396678772704
NEARUSDT,2026-05,68.24835210221708,1.347530030721611,TRAILING_LOCK,2.6095217675685882,2.6446858570447924,5384.357802028786,62,5466.621844994214
NEARUSDT,2026-05,22.70674308987056,0.49999999999998934,TRAILING_LOCK,2.5355070858478546,2.5481846212770938,5406.367402350162,24,5489.328588084086
RENDERUSDT,2026-05,-65.28653328929816,-1.132683722270711,STALL_EXIT,2.287457340860367,2.261547683906555,5383.640605569556,114,5393.741797308363
ICPUSDT,2026-05,345.7218210368098,6.499999999999995,TAKE_PROFIT,2.6415282324314115,2.813227567539453,5385.075094031311,136,5732.950945105733
RENDERUSDT,2026-05,-122.9281417219417,-2.200000000000002,STOP_LOSS,2.2624524839401245,2.212678529293442,5391.585163243066,39,11003.764600692153
NEARUSDT,2026-05,-47.940779579281276,-0.8055081367439598,STALL_EXIT,2.481496146583557,2.461507493209839,5413.928747799089,92,16371.918140411082
GALAUSDT,2026-05,-124.26903940155269,-2.200000000000013,STOP_LOSS,0.0031606320802588014,0.0030910981744931075,5450.396464980362,20,5340.3166172299125
SEIUSDT,2026-05,-124.3021512892573,-2.200000000000002,STOP_LOSS,0.06763352573364972,0.06614558816750943,5451.848740756891,27,5329.727328963937
OPUSDT,2026-05,-124.28559424270567,-2.200000000000002,STOP_LOSS,0.12482495661377907,0.12207880756827592,5451.122554504622,42,10658.744738247655
UNIUSDT,2026-05,-121.71053465897867,-2.200000000000002,STOP_LOSS,3.100619904613495,3.0324062667119978,5338.181344692036,52,15877.350820818589
XLMUSDT,2026-05,339.43553225795216,6.499999999999995,TAKE_PROFIT,0.19663932503163814,0.20942088115869462,5287.15782333259,31,16216.786353076543
NEARUSDT,2026-05,38.88136696013589,0.8000000000000007,TRAILING_LOCK,2.435486942768097,2.4549708383102415,5400.189855574489,30,16255.66772003668
XLMUSDT,2026-05,22.735176873242345,0.49999999999998934,TRAILING_LOCK,0.2589517667412758,0.2602465255749821,5413.137350772215,8,16278.40289690992
NEARUSDT,2026-05,-123.5921461544989,-2.200000000000002,STOP_LOSS,2.3434685351371765,2.2919122273641586,5420.708164671004,22,10732.656629961413
XLMUSDT,2026-05,-44.328133918585756,-0.7378643429202136,STALL_EXIT,0.2435486942768097,0.24175163530409335,5419.986126343469,60,16110.482616836834
XLMUSDT,2026-05,-122.30093556527338,-2.200000000000002,STOP_LOSS,0.23444688414931297,0.22928905269802807,5364.076121283906,6,10621.245053580331
XLMUSDT,2026-05,339.85222371933594,6.499999999999995,TAKE_PROFIT,0.23284656686782837,0.2479815937142372,5293.648344537949,34,5635.618027595099
FETUSDT,2026-05,38.32811935013254,0.8000000000000007,TRAILING_LOCK,0.26915383039712903,0.27130706104030605,5323.349909740671,51,10999.4253966498
ORDIUSDT,2026-05,80.70179351528105,1.584285961122256,TRAILING_LOCK,3.3876774839401245,3.4413479827262874,5364.790711406667,194,16447.06381785631
TIAUSDT,2026-05,39.43348020969228,0.8000000000000007,TRAILING_LOCK,0.3937787436246872,0.3969289735736847,5476.872251346152,25,5530.5606339366705
ICPUSDT,2026-05,39.422975830202645,0.8000000000000007,TRAILING_LOCK,2.6535307163715363,2.6747589621025085,5475.4133097503745,25,11047.587084841147
BONKUSDT,2026-05,126.33076532961341,2.3869297407510315,MONTH_END,5.401080191040819e-06,5.530000180442585e-06,5476.142731962272,116,16652.25103922582
RENDERUSDT,2026-06,39.9254370916476,0.8000000000000007,TRAILING_LOCK,2.1824363217830656,2.19989581235733,5545.199596062198,16,16692.176476317465
ICPUSDT,2026-06,121.71497118471942,2.270294452806554,TRAILING_LOCK,2.6645328343391417,2.7250255754703523,5557.014082228038,22,5693.195806120975
FILUSDT,2026-06,119.13012732653458,2.2234939237335327,TRAILING_LOCK,0.8421684076309204,0.8608939710021973,5557.754375110803,23,11372.303410308357
NEARUSDT,2026-06,-9.223606443297156,-0.0859371256171304,STALL_EXIT,2.176435318279266,2.174564952325821,5558.494766613716,60,16923.79796838542
APTUSDT,2026-06,-128.47512852830934,-2.200000000000002,STOP_LOSS,0.6541307842612266,0.6397399070074796,5634.874058259179,26,11157.443866495378
FILUSDT,2026-06,-51.353936386925476,-0.8312376871553728,STALL_EXIT,0.7581516162157058,0.7518495742559433,5635.624723472345,179,16743.968903470188
ORDIUSDT,2026-06,-127.10997619836132,-2.200000000000002,STOP_LOSS,3.183636687755585,3.113596680624962,5574.998956068479,8,11038.88698575831
ADAUSDT,2026-06,59.0907869070506,1.1397834453389821,TRAILING_LOCK,0.1610321984499693,0.16286761678956746,5575.741644855573,52,11141.065311650855
NEARUSDT,2026-06,356.41366562791137,6.499999999999995,TAKE_PROFIT,1.9443888057231902,2.0707740780951975,5551.614729406719,97,5942.903732557688
ATOMUSDT,2026-06,355.1974996424415,6.499999999999995,TAKE_PROFIT,1.75035,1.86412275,5532.671333994424,116,11832.985634728151
ROSEUSDT,2026-06,356.46114625259196,6.499999999999995,TAKE_PROFIT,0.00602120420448482,0.006412582477776333,5552.354302999878,243,6161.525618254557
PYTHUSDT,2026-06,379.24334185855827,6.499999999999995,TAKE_PROFIT,0.03730746183022857,0.03973244684919342,5907.217162905897,36,6540.768960113116
OPUSDT,2026-06,371.674228392712,6.499999999999995,TAKE_PROFIT,0.09261852288544178,0.09863872687299549,5789.3181992634345,251,12704.077115048967
APTUSDT,2026-06,371.6247213854903,6.499999999999995,TAKE_PROFIT,0.6241248128771781,0.6646929257141947,5788.547062079293,258,18866.564317338583
PYTHUSDT,2026-06,-57.37987723561172,-0.8333191436033172,STALL_EXIT,0.037807559117674826,0.0374925014898181,6282.565917673749,76,18809.18444010297
ICPUSDT,2026-06,-142.76881073139404,-2.200000000000002,STOP_LOSS,2.5085014969825745,2.4533144640489577,6261.789944359368,26,6135.3226519065665
ETHUSDT,2026-06,-74.05108860698387,-1.1024290763486544,STALL_EXIT,1676.9352955810546,1658.4482732910158,6262.6241258929385,208,6191.078086936312
ORDIUSDT,2026-06,393.73022216353576,6.499999999999995,TAKE_PROFIT,3.2446487580299377,3.4555509273018834,6132.869504104925,302,6529.052874070103
SOLUSDT,2026-06,402.1140304711846,6.499999999999995,TAKE_PROFIT,67.44348630523682,71.8273129150772,6263.45841855429,583,13197.130706462998
ROSEUSDT,2026-06,46.47304325156627,0.8000000000000007,TRAILING_LOCK,0.006911381996423006,0.0069666730523943905,6454.589340495257,66,6785.572363702494
VETUSDT,2026-06,46.479234285572964,0.8000000000000007,TRAILING_LOCK,0.005266052810568363,0.00530818123305291,6455.449206329539,85,6817.430094156551
NEARUSDT,2026-06,415.3781642622536,6.499999999999995,TAKE_PROFIT,2.3644728820323944,2.5181636193645,6470.064863898028,87,13705.461148262391
FILUSDT,2026-06,61.97149812864727,1.015582537627524,TRAILING_LOCK,0.8051610071539879,0.8133380817424296,6623.84083031271,15,7140.059513644921
NEARUSDT,2026-06,-57.47619067808664,-0.7876013859888453,STALL_EXIT,2.27345460190773,2.2555488419532774,6624.723243448737,146,13709.95645571295
ATOMUSDT,2026-06,-66.72927027768924,-0.9270487918699555,STALL_EXIT,1.8033605732917786,1.786642540884018,6626.220180829774,67,13643.22718543526
AVAXUSDT,2026-06,27.736797202073625,0.49999999999998934,TRAILING_LOCK,5.820163567256928,5.849264385093211,6603.999333827303,5,13670.963982637335
ENSUSDT,2026-06,-150.76168953808684,-2.200000000000002,STOP_LOSS,4.960992038154602,4.851850213315201,6612.3548043020455,2,6904.321311528737
AVAXUSDT,2026-06,424.5697311243772,6.499999999999995,TAKE_PROFIT,5.743148503017426,6.116453155713558,6613.235687295593,145,13944.772024223625
FETUSDT,2026-06,-58.299095791385646,-0.7895629153212735,STALL_EXIT,0.18673734135925768,0.18526293256282808,6704.413765143828,230,7180.270782907036
NEARUSDT,2026-06,67.65739361185402,1.0922128656468466,TRAILING_LOCK,2.162432340860367,2.186050705098152,6684.107257283097,100,7247.92817651889
UNIUSDT,2026-06,-111.75737438283505,-1.587144456824785,STALL_EXIT,2.972594283628464,2.925414918231964,6703.52073723031,776,13842.372947661257
NEARUSDT,2026-06,48.02626708306931,0.8000000000000007,TRAILING_LOCK,1.855371019077301,1.8702139872299193,6670.31487264856,130,13890.399214744326
ORDIUSDT,2026-06,28.082492002265724,0.49999999999998934,TRAILING_LOCK,3.873774506521225,3.893143379053831,6686.307619587222,14,13918.481706746592
ORDIUSDT,2026-06,129.07280734952548,2.0077087681091843,TRAILING_LOCK,3.8107619427680968,3.8872709444248197,6695.659089423976,46,14047.554514096119
ORDIUSDT,2026-06,28.302289403938907,0.49999999999998934,TRAILING_LOCK,3.6717342038154603,3.690092874834537,6738.640334271368,10,14075.856803500057
PYTHUSDT,2026-06,-153.85588192345807,-2.200000000000002,STOP_LOSS,0.03606721370145678,0.03527373500002473,6748.06499664288,10,13922.000921576599
TRXUSDT,2026-06,-75.36229986802479,-1.137759552202322,STALL_EXIT,0.31876372573971745,0.3151369610011578,6188.602645877961,4568,20037.716708644886
PYTHUSDT,2026-07,96.63485400352465,1.528242636558197,TRAILING_LOCK,0.039297857753187414,0.039898424370625615,6672.559663978747,26,20134.351562648408
PYTHUSDT,2026-07,-65.13566249586495,-0.8914869111580348,STALL_EXIT,0.03874774961918592,0.03840231850296259,6704.73907036192,195,20069.215900152543
ORDIUSDT,2026-07,-81.8463407146046,-1.1446856487746349,STALL_EXIT,3.3486696496009825,3.3103379086971283,6683.048894750797,60,19987.36955943794
ORDIUSDT,2026-07,47.92171725570826,0.8000000000000007,TRAILING_LOCK,3.2556511144638063,3.2816963233795167,6655.794063292834,119,20035.291276693646
BONKUSDT,2026-07,-152.1159454891694,-2.200000000000013,STOP_LOSS,4.600920011125708e-06,4.499699770880942e-06,6671.751995138984,1,19883.17533120448
NEARUSDT,2026-07,-150.96102038463675,-2.200000000000002,STOP_LOSS,2.0274053503990173,1.982802432690239,6621.097385291092,36,13109.350769518423
AVAXUSDT,2026-07,47.30360798019147,0.8000000000000007,TRAILING_LOCK,6.392277993965148,6.4434162179168695,6569.945552804385,74,13156.654377498617
TRXUSDT,2026-07,-73.78047334851101,-1.0344723891343555,STALL_EXIT,0.3317663371860981,0.3283343060314655,6620.21545511937,148,19705.737445451523
UNIUSDT,2026-07,421.28107855132936,6.499999999999995,TAKE_PROFIT,3.149629729413986,3.354355661825895,6562.010569335357,100,20127.01852400285
ANKRUSDT,2026-07,115.26415606717403,1.8000000000000016,TRAILING_LOCK,0.0038607720552943647,0.003930265952289663,6701.404422510106,54,13537.30459270968
TIAUSDT,2026-07,-74.17020875723472,-1.020482915915344,STALL_EXIT,0.3976795151352882,0.3936212636232376,6739.787386480476,304,6721.549181293128
ANKRUSDT,2026-07,-153.64668394705407,-2.200000000000002,STOP_LOSS,0.0036507300860714165,0.003570414024177845,6738.889646800597,34,13309.48770000539
HBARUSDT,2026-07,-71.76249748427549,-0.9907149456402253,STALL_EXIT,0.06730345861762761,0.06663667319416999,6702.29716849295,594,19942.70328988146
PYTHUSDT,2026-07,47.80825649971569,0.8000000000000007,TRAILING_LOCK,0.047479493641108275,0.04785932959023714,6640.035624960483,76,13346.93498277244
BONKUSDT,2026-07,-45.364698962107425,-0.6015655106477613,STALL_EXIT,3.5607120956228754e-06,3.539292079722145e-06,6655.955774374889,63,13301.570283810332
UNIUSDT,2026-07,49.169884284864324,0.8204155981306416,TRAILING_LOCK,3.626725127506256,3.656479346153641,6640.849329620506,94,13350.740168095197
TIAUSDT,2026-07,-87.19237109732236,-1.2329561646592935,STALL_EXIT,0.40228045340180396,0.39732051175236704,6640.920195530527,509,19907.124360606613
BONKUSDT,2026-07,425.47308017654643,6.499999999999995,TAKE_PROFIT,2.7205441113892447e-06,2.8973794786295457e-06,6627.306544806017,225,7070.032704331756
ROSEUSDT,2026-07,-57.59084795154736,-0.7887617870425356,STALL_EXIT,0.005341068148892372,0.005298939844314009,6629.072412082002,474,13644.165897427043
AVAXUSDT,2026-07,48.60499910819244,0.8000000000000007,TRAILING_LOCK,6.25125,6.30126,6750.694320582232,227,13692.770896535236
ORDIUSDT,2026-07,-154.26430836127105,-2.200000000000002,STOP_LOSS,3.876775127506256,3.7914860747011185,6765.97843689786,52,6768.920050974592
ORDIUSDT,2026-07,62.374790972643446,1.008941600917379,TRAILING_LOCK,3.7237446496009827,3.761315058482742,6714.608422213557,112,6831.294841947235
OPUSDT,2026-07,-153.56664638945034,-2.200000000000013,STOP_LOSS,0.09331865983307361,0.09126564931674598,6735.379227607446,2,6677.728195557785
XRPUSDT,2026-07,61.26169201041564,0.9853166888472042,TRAILING_LOCK,1.0928185079813004,1.1035862311192512,6766.8797852852595,669,13508.576424767574
FETUSDT,2026-07,-152.8863809970557,-2.200000000000013,STOP_LOSS,0.1439287870109081,0.14076235369666812,6705.543026186629,28,13355.690043770519
TRXUSDT,2026-07,40.44356789384118,0.6901751976795101,MONTH_END,0.3238647575676441,0.3260999917984009,6628.189419636714,3864,13369.680593009794
ATOMUSDT,2026-07,9.626257424799913,0.22465499557924318,MONTH_END,1.2262451513528823,1.2289999723434448,6654.631861314609,237,20036.60056449373
ALGOUSDT,2026-08,428.29741201283696,6.499999999999995,TAKE_PROFIT,0.0836167195469141,0.08905180631746351,6671.299252536413,231,13790.041113334963
TRXUSDT,2026-08,48.039753513430696,0.8000000000000007,TRAILING_LOCK,0.328465666025877,0.33109339135408405,6672.187987976412,1132,20512.937730019996
BONKUSDT,2026-08,-155.7216835299384,-2.200000000000002,STOP_LOSS,2.660532063782739e-06,2.6020003583795187e-06,6829.898400435881,4,13523.67545908776
XLMUSDT,2026-08,-82.2170573935731,-1.1397969135338748,STALL_EXIT,0.16363271775841712,0.16176763709187508,6740.225072006618,186,6660.704104641848
JASMYUSDT,2026-08,-42.768422704055,-0.5461107185345759,STALL_EXIT,0.00395078980922699,0.003929214122612029,6830.808264096659,1081,13451.476269340092
NEARUSDT,2026-08,430.7606783413912,6.499999999999995,TAKE_PROFIT,1.5483095780611038,1.6489497006350755,6709.667886937561,125,7143.112432433728
ENSUSDT,2026-08,52.01510318661772,0.8361460239737273,TRAILING_LOCK,3.8907781049251557,3.9233106913511278,6878.975956689689,189,7195.127535620345
GALAUSDT,2026-08,-157.23557128195893,-2.200000000000002,STOP_LOSS,0.00154830962929409,0.00151424681744962,6896.296986050832,1,7037.891964338386
RENDERUSDT,2026-08,432.4788023579623,6.499999999999995,TAKE_PROFIT,1.2312461465835571,1.3112771461114883,6736.429943270447,2364,14209.495281944102
ORDIUSDT,2026-08,-54.48164933972663,-0.6995509590291937,STALL_EXIT,4.09281840763092,4.064187057209015,6988.850274467583,97,7164.299105249507
FLUXUSDT,2026-08,448.6244228870277,6.499999999999995,TAKE_PROFIT,0.04120824079290032,0.04388677644443884,6987.919359611024,178,14603.638055491403
POLUSDT,2026-08,457.04952121298834,6.499999999999995,TAKE_PROFIT,0.08811762121617794,0.0938452665952295,7119.151420763069,115,7937.7397187183315
ORDIUSDT,2026-08,457.1104083193768,6.499999999999995,TAKE_PROFIT,4.319863567256927,4.6006546991286275,7120.099818058836,152,15517.797985023768
GALAUSDT,2026-08,-169.27894370072244,-2.199999999999991,STOP_LOSS,0.002131426128325984,0.0020845347535028125,7424.515074593112,2,15348.519041323045
TRXUSDT,2026-08,435.1503657244701,6.499999999999995,TAKE_PROFIT,0.3275654856920242,0.34885724226200576,6778.0430798204125,4146,22564.423704099856
CFXUSDT,2026-08,-171.31813053100817,-2.200000000000002,STOP_LOSS,0.05036006921902299,0.04925214769620448,7513.953093465252,1,7362.191867482298
ENSUSDT,2026-08,-171.295310956021,-2.200000000000002,STOP_LOSS,5.991197771072388,5.859391420108795,7512.952234913204,1,14706.853972333447
NEARUSDT,2026-08,-171.27249442060202,-2.200000000000002,STOP_LOSS,2.001400127506256,1.9573693247011184,7511.951509675512,1,22050.537768192225
POLUSDT,2026-08,-167.39420307302944,-2.200000000000002,STOP_LOSS,0.10617123128771781,0.10383546419938802,7341.851011974981,1,14537.377356680463
XRPUSDT,2026-08,-167.41650295122312,-2.200000000000002,STOP_LOSS,1.4634926131010055,1.4312957756127833,7342.829076808011,2,21715.727062167975
XRPUSDT,2026-08,-164.87448614680446,-2.200000000000002,STOP_LOSS,1.4615922754526138,1.4294372453926563,7231.337111701936,11,21550.85257602117
BONKUSDT,2026-08,-163.62269309818345,-2.200000000000002,STOP_LOSS,3.250649963365504e-06,3.1791356641714627e-06,7176.433907815051,9,14208.881684901731
APTUSDT,2026-08,-162.3586125234172,-2.200000000000002,STOP_LOSS,0.6131225756764411,0.5996338790115594,7120.991777342847,30,14046.523072378313
ENSUSDT,2026-08,-21.39569021379853,-0.21817790805668258,STALL_EXIT,5.611122133541107,5.598879904651642,7175.478006818529,96,21203.475580185772
GALAUSDT,2026-08,-62.75577458285637,-0.8089150482392338,STALL_EXIT,0.001950389947090298,0.0019346129493089392,7059.816875320418,114,7015.438076138061
ENSUSDT,2026-08,-57.55563011660833,-0.735365307123903,STALL_EXIT,5.75115,5.7088580381393434,7058.876507712626,130,7004.144428199103
HBARUSDT,2026-08,-84.8957806187505,-1.1223608260649054,STALL_EXIT,0.07851570262312889,0.07763447313457728,7060.757368201863,134,6978.685890530393
BONKUSDT,2026-08,50.4096760126282,0.8000000000000007,TRAILING_LOCK,3.1706338998901626e-06,3.195998971089284e-06,7001.3438906428455,26,7054.554104211731
NEARUSDT,2026-08,-107.27980888311104,-1.4578643270403369,STALL_EXIT,1.9743947771072388,1.9456107799768447,6975.895532317467,77,13925.960185859014
RENDERUSDT,2026-08,50.2023710773896,0.8000000000000007,TRAILING_LOCK,1.5163032324314116,1.5284336582908629,6972.5515385263725,24,7025.542930219172
BONKUSDT,2026-08,-158.4107631838798,-2.200000000000002,STOP_LOSS,3.2106419316278335e-06,3.140007809132021e-06,6947.840490521023,50,13817.751793752523
TRXUSDT,2026-08,50.49095776508806,0.8000000000000007,TRAILING_LOCK,0.34376873170137406,0.34651888155498506,7012.63302292889,480,20883.68082765567
POLUSDT,2026-08,29.207916005558765,0.49999999999998934,TRAILING_LOCK,0.118833760035038,0.11942792883521318,6954.265715609338,7,20912.888743661228
PYTHUSDT,2026-08,29.24876619688418,0.49999999999998934,TRAILING_LOCK,0.054150829535722735,0.054421583683401345,6963.991951639189,6,20942.137509858112
PYTHUSDT,2026-08,50.21086889363605,0.8000000000000007,TRAILING_LOCK,0.0483196624495089,0.048706219749104974,6973.731790782752,44,20992.348378751747
VETUSDT,2026-08,120.20374589704417,1.8000000000000016,TRAILING_LOCK,0.007097419215738773,0.007225172761622071,6988.589877735112,21,7126.98724345106
JASMYUSDT,2026-08,230.93550709461604,3.383584757611535,MONTH_END,0.004700939932186157,0.004860000219196081,6990.452010124332,219,14351.170941474058
BONKUSDT,2026-08,221.3809863898173,3.2473270618960104,MONTH_END,3.060611926321144e-06,3.1600000056641875e-06,6989.520881916584,162,21564.868618133227
