sym,month,entry_i,exit_i,entry_px,exit_px,pnl_pct,gross,net,entry_fee,exit_fee,reason,post_mfe,cap_after,entry_time,exit_time
JUPUSDT,2024-02,157,219,0.58951788,0.58168364,-1.3289232211243673,-4.252554307597986,-4.508554307597986,0.128,0.128,STALL_EXIT,2.9597462978329667,995.4914456924021,2024-02-01 13:05,2024-02-01 18:15
JUPUSDT,2024-02,318,339,0.59081814,0.57782014092,-2.200000000000002,-7.008259777674505,-7.26310558777176,0.12742290504862747,0.12742290504862747,STOP_LOSS,5.655714774491499,988.2283401046304,2024-02-02 02:30,2024-02-02 04:15
JUPUSDT,2024-02,603,610,0.58371672,0.57087495216,-2.200000000000002,-6.957127514336609,-7.210113969403395,0.1264932275333927,0.1264932275333927,STOP_LOSS,6.853523296470433,981.018226135227,2024-02-03 02:15,2024-02-03 02:50
ORDIUSDT,2024-02,952,954,52.910579999999996,51.74654724,-2.199999999999991,-3.1923025600232804,-3.308386289478672,0.05804186472769612,0.05804186472769612,STOP_LOSS,2.018400870604635,450.1436818956472,2024-02-04 07:20,2024-02-04 07:30
XRPUSDT,2024-02,905,965,0.5186037,0.5113977,-1.3895003063032596,-2.9656019374803715,-3.136345444280758,0.08537175340019316,0.08537175340019316,STALL_EXIT,0.5479688313029244,660.5220917052495,2024-02-04 03:25,2024-02-04 08:25
DOGEUSDT,2024-02,720,1135,0.079045806,0.079678172448,0.8000000000000007,2.511406658906211,2.260265993015593,0.12557033294530906,0.12557033294530906,TRAILING_LOCK,-1.3782600858681864,976.8337603944831,2024-02-03 12:00,2024-02-04 22:35
BONKUSDT,2024-02,1168,1301,9.721944e-06,1.035387036e-05,6.499999999999995,13.813735984815889,13.643720772695076,0.0850076060604055,0.0850076060604055,TAKE_PROFIT,2.6669219373923143,677.765643119613,2024-02-05 01:20,2024-02-05 12:25
INJUSDT,2024-02,1136,1345,32.406479999999995,32.193560000000005,-0.6570290880095309,-2.0537862231324935,-2.3038556657934812,0.12503472133049384,0.12503472133049384,STALL_EXIT,0.641246261674675,988.1736255013845,2024-02-04 22:40,2024-02-05 16:05
JUPUSDT,2024-02,1569,1592,0.5166033,0.5207361264,0.8000000000000007,2.529724481283552,2.2767520331551974,0.12648622406417726,0.12648622406417726,TRAILING_LOCK,1.337313323764039,990.4503775345397,2024-02-06 10:45,2024-02-06 12:40
ENSUSDT,2024-02,1781,1788,21.474293999999997,21.001859531999997,-2.200000000000002,-6.972770657843152,-7.226325954491995,0.1267776483244211,0.1267776483244211,STOP_LOSS,3.7527175476968226,983.2240515800477,2024-02-07 04:25,2024-02-07 05:00
JUPUSDT,2024-02,1937,1970,0.57081414,0.57538065312,0.8000000000000007,2.517053572044924,2.265348214840432,0.1258526786022461,0.1258526786022461,TRAILING_LOCK,-1.352261859659238,985.4893997948881,2024-02-07 17:25,2024-02-07 20:10
JUPUSDT,2024-02,2302,2316,0.50730144,0.49614080831999996,-2.200000000000002,-3.206852074741565,-3.3234648774594393,0.05830640135893738,0.05830640135893738,STOP_LOSS,2.793398859273268,452.19529573923876,2024-02-08 23:50,2024-02-09 01:00
ORDIUSDT,2024-02,2270,2372,59.1638304,63.009479376,6.499999999999995,13.93613830372088,13.764616601521238,0.08576085109982082,0.08576085109982082,TAKE_PROFIT,1.5275806648969377,680.4478009414119,2024-02-08 21:10,2024-02-09 05:40
ORDIUSDT,2024-02,2483,2532,62.2104396,62.7854747248,0.9243386294926603,2.0126854008431216,1.8384907638021204,0.08709731852050072,0.08709731852050072,TRAILING_LOCK,0.25567263113580385,682.286291705214,2024-02-09 14:55,2024-02-09 19:00
ORDIUSDT,2024-02,2723,3355,60.6201216,64.560429504,6.499999999999995,14.191554867468456,14.01688957679192,0.0873326453382674,0.0873326453382674,TAKE_PROFIT,9.043574432289457,696.3031812820059,2024-02-10 10:55,2024-02-12 15:35
JUPUSDT,2024-02,3503,3618,0.49379874,0.48900218,-0.9713593031849377,-2.164353833521744,-2.3426074479299372,0.08912680720409676,0.08912680720409676,STALL_EXIT,0.9811449102333262,693.9605738340758,2024-02-13 03:55,2024-02-13 13:30
INJUSDT,2024-02,3619,3628,35.527104,34.745507712,-2.200000000000013,-3.321502717306207,-3.4422846342991598,0.060390958496476264,0.060390958496476264,STOP_LOSS,2.3441657400755265,468.3620786194216,2024-02-13 13:35,2024-02-13 14:20
TIAUSDT,2024-02,3619,3657,19.15743072,19.31069016576,0.8000000000000007,1.7765390690152323,1.5988851621137088,0.08882695345076172,0.08882695345076172,TRAILING_LOCK,-1.2003204637967284,692.1171743618903,2024-02-13 13:35,2024-02-13 16:45
INJUSDT,2024-02,3926,4102,34.866972,34.283142,-1.6744499637077692,-3.7085298479737374,-3.8857118446103818,0.08859099831832197,0.08859099831832197,STALL_EXIT,1.8576418695812762,688.2314625172799,2024-02-14 15:10,2024-02-15 05:50
TRXUSDT,2024-02,2103,4125,0.12267452999999999,0.13064837445,6.499999999999995,20.498179515733682,20.245894229386188,0.12614264317374568,0.12614264317374568,TAKE_PROFIT,0.8661612169029288,1023.960107324204,2024-02-08 07:15,2024-02-15 07:45
ORDIUSDT,2024-02,4219,4284,69.168831,68.8142344,-0.512653741393998,-1.1420478544190806,-1.3202652767772811,0.08910871117910034,0.08910871117910034,STALL_EXIT,0.8672124382451861,543.324664075364,2024-02-15 15:35,2024-02-15 21:00
INJUSDT,2024-02,4222,4396,33.696737999999996,35.887025969999996,6.499999999999995,9.844659124098062,9.723494088724546,0.0605825176867573,0.0605825176867573,TAKE_PROFIT,0.3705351067852973,704.5650348986685,2024-02-15 15:50,2024-02-16 06:20
BONKUSDT,2024-02,4406,4429,1.3722744e-05,1.3420843632e-05,-2.200000000000002,-4.960137845686642,-5.140506494620702,0.09018432446702958,0.09018432446702958,STOP_LOSS,3.1231745149059367,699.4245284040478,2024-02-16 07:10,2024-02-16 09:05
FETUSDT,2024-02,5165,5179,0.83646726,0.8180649802800001,-2.199999999999991,-4.9239486799644885,-5.1030013592359245,0.08952633963571813,0.08952633963571813,STOP_LOSS,6.910822622018322,694.3215270448119,2024-02-18 22:25,2024-02-18 23:35
APTUSDT,2024-02,5481,5519,9.939087419999998,10.018600119359999,0.8000000000000007,1.7774631092347275,1.5997167983112557,0.08887315546173594,0.08887315546173594,TRAILING_LOCK,0.8374411558544197,544.8048965979698,2024-02-20 00:45,2024-02-20 03:55
INJUSDT,2024-02,5489,5522,36.237246,38.59266699,6.499999999999995,9.818635116888212,9.697790376988047,0.06042236995008133,0.06042236995008133,TAKE_PROFIT,1.9882870758811,705.6190342201112,2024-02-20 01:25,2024-02-20 04:10
TRXUSDT,2024-02,4198,5735,0.131066208,0.13958551151999998,6.499999999999995,21.29837023234343,21.036236444868436,0.13106689373749814,0.13106689373749814,TAKE_PROFIT,0.2826142023654708,1054.4535719024625,2024-02-15 13:50,2024-02-20 21:55
FETUSDT,2024-02,5787,5815,1.03140624,1.03965748992,0.8000000000000007,2.699401144070316,2.4294610296632855,0.1349700572035152,0.1349700572035152,TRAILING_LOCK,0.17722279672528646,1056.8830329321256,2024-02-21 02:15,2024-02-21 04:35
FETUSDT,2024-02,6067,6068,1.06981392,1.04627801376,-2.200000000000002,-7.440456551842169,-7.711018608272792,0.1352810282153121,0.1352810282153121,STOP_LOSS,5.516888004992576,1049.1720143238526,2024-02-22 01:35,2024-02-22 01:40
FILUSDT,2024-02,6310,6359,8.1906378,8.2561629024,0.8000000000000007,2.685880356669085,2.417292321002179,0.13429401783345313,0.13429401783345313,TRAILING_LOCK,2.590030019124745,1051.5893066448548,2024-02-22 21:50,2024-02-23 01:55
FILUSDT,2024-02,6486,6506,7.896578999999999,8.409856634999999,6.499999999999995,21.87305757821297,21.603850715711882,0.13460343125054142,0.13460343125054142,TAKE_PROFIT,1.9280158038033,1073.1931573605666,2024-02-23 12:30,2024-02-23 14:10
RENDERUSDT,2024-02,6520,6527,7.5345066,7.3687474548,-2.200000000000002,-7.5552798278183895,-7.830017276102695,0.13736872414215254,0.13736872414215254,STOP_LOSS,4.522512777703069,1065.3631400844638,2024-02-23 15:20,2024-02-23 15:55
NEARUSDT,2024-02,6532,6568,3.1696338,3.375659997,6.499999999999995,15.06565983053049,14.880236324923962,0.0927117528032646,0.0927117528032646,TAKE_PROFIT,1.6097593670065369,739.1908051004286,2024-02-23 16:20,2024-02-23 19:20
FETUSDT,2024-02,6529,6580,1.070214,1.0805574319999998,0.9664825913321851,3.2948957706835826,3.0221628068219597,0.13636648193081138,0.13636648193081138,TRAILING_LOCK,-0.8474729550515789,1083.2655392162098,2024-02-23 16:05,2024-02-23 20:20
CRVUSDT,2024-02,6800,6916,0.60172032,0.59578082,-0.9870864922760125,-3.4216857001869116,-3.6990016782262614,0.13865798901967488,0.13865798901967488,STALL_EXIT,1.2956409036464196,1079.5665375379835,2024-02-24 14:40,2024-02-25 00:20
JUPUSDT,2024-02,7312,7504,0.48119622,0.5124739743,6.499999999999995,22.45498398079003,22.178614947180304,0.1381845168048619,0.1381845168048619,TAKE_PROFIT,1.6636992564638908,1101.7451524851638,2024-02-26 09:20,2024-02-27 01:20
FILUSDT,2024-02,7679,7808,7.5875172,8.080705817999998,6.4999999999999725,22.916299171691346,22.634252412655147,0.14102337951810096,0.14102337951810096,TAKE_PROFIT,0.7956505712258952,721.5620655632874,2024-02-27 15:55,2024-02-28 02:40
BONKUSDT,2024-02,7814,7818,1.4422883999999998e-05,1.4105580551999997e-05,-2.200000000000002,-5.079796941565561,-5.264516830349762,0.0923599443921008,0.0923599443921008,STOP_LOSS,0.4566947653272496,716.2975487329377,2024-02-28 03:10,2024-02-28 03:30
JUPUSDT,2024-02,7679,7906,0.49689936,0.5291978184,6.499999999999995,15.580150150456182,15.388394456296721,0.09587784707973034,0.09587784707973034,TAKE_PROFIT,2.6270292727268747,971.4764387356399,2024-02-27 15:55,2024-02-28 10:50
NEARUSDT,2024-02,7682,7986,3.8527704,4.0527667552,5.190975179834245,8.459299277797642,8.328929950498063,0.06518466364979042,0.06518466364979042,TRAILING_LOCK,-4.534353104930448,1142.8322124742638,2024-02-27 16:10,2024-02-28 17:30
ORDIUSDT,2024-02,7993,7995,73.0146,71.4082788,-2.199999999999991,-8.045538775818798,-8.338103822212211,0.14628252319670576,0.14628252319670576,STOP_LOSS,5.309918210771938,716.6546200041739,2024-02-28 18:05,2024-02-28 18:15
NEARUSDT,2024-02,7993,7996,3.7817562000000002,3.6985575636,-2.200000000000002,-5.469936538593499,-5.66884332181508,0.09945339161079075,0.09945339161079075,STOP_LOSS,7.474331050587302,959.7187091009465,2024-02-28 18:05,2024-02-28 18:20
JUPUSDT,2024-02,7993,7996,0.48879774000000004,0.47804418972,-2.200000000000002,-3.718856694366642,-3.8540878468890654,0.06761557626121154,0.06761557626121154,STOP_LOSS,6.789290818283966,1124.9711774833474,2024-02-28 18:05,2024-02-28 18:20
JUPUSDT,2024-02,8260,8274,0.5626125,0.5671134,0.8000000000000007,1.9579811952075867,1.7621830756868295,0.09789905976037869,0.09789905976037869,TRAILING_LOCK,0.42083294099557805,600.1349547305674,2024-02-29 16:20,2024-02-29 17:30
ORDIUSDT,2024-02,8240,8276,73.6217214,76.01653934320001,3.2528687154549596,11.710027356877157,11.42203473544142,0.14399631071786848,0.14399631071786848,TRAILING_LOCK,-3.6959579684566894,971.6917625713979,2024-02-29 14:40,2024-02-29 17:40
NEARUSDT,2024-02,8262,8323,3.8897777999999996,3.8702258,-0.5026508197974566,-0.8363962560447643,-0.9695139151595807,0.06655882955740818,0.06655882955740818,STALL_EXIT,0.8468291436639168,1137.1858813793162,2024-02-29 16:30,2024-02-29 21:35
BONKUSDT,2024-02,8334,8335,2.1584316e-05,2.1692237579999997e-05,0.49999999999998934,1.8194974102068524,1.5283778245737476,0.14555979281655249,0.14555979281655249,TRAILING_LOCK,5.014523817510219,722.9391681742258,2024-02-29 22:30,2024-02-29 22:35
BONKUSDT,2024-02,8336,8344,2.120424e-05,2.2582515599999997e-05,6.499999999999995,15.037134698023875,14.852062270971272,0.09253621352630091,0.09253621352630091,TAKE_PROFIT,0.8745013332350011,737.791230445197,2024-02-29 22:40,2024-02-29 23:20
FETUSDT,2024-02,8334,8348,1.3897779,1.4801134634999997,6.499999999999995,16.081329462538434,15.883405407614884,0.09896202746177518,0.09896202746177518,TAKE_PROFIT,0.6679580142877517,1001.1786665347116,2024-02-29 22:30,2024-02-29 23:40
DOGEUSDT,2024-02,8334,8351,0.115853166,0.11732,1.2661147300885967,2.129652820411163,1.995089797342179,0.06728151153449201,0.06728151153449201,MONTH_END,0.0,1171.4448166798184,2024-02-29 22:30,2024-02-29 23:55
BONKUSDT,2024-03,242,243,2.3934785999999998e-05,2.3408220708e-05,-2.200000000000002,-8.246971509425908,-8.54686138249594,0.14994493653501675,0.14994493653501675,STOP_LOSS,11.712890638727481,1162.8979552973224,2024-03-01 20:10,2024-03-01 20:15
JUPUSDT,2024-03,303,304,0.60432084,0.59102578152,-2.200000000000002,-3.7841520379966633,-3.9217575666510873,0.06880276432721201,0.06880276432721201,STOP_LOSS,3.1088691990297415,533.5998387396926,2024-03-02 01:15,2024-03-02 01:20
INJUSDT,2024-03,303,368,44.238845999999995,43.671264,-1.2829945880595384,-3.245963000217284,-3.4483621704352427,0.10119958510897935,0.10119958510897935,STALL_EXIT,0.8901413982430221,783.2516389268146,2024-03-02 01:15,2024-03-02 06:40
TIAUSDT,2024-03,303,388,16.713342,16.847048736,0.8000000000000007,2.977018765561158,2.6793168890050434,0.14885093827805726,0.14885093827805726,TRAILING_LOCK,-0.754130518590568,1158.207152449241,2024-03-02 01:15,2024-03-02 08:20
BONKUSDT,2024-03,407,414,2.4034806e-05,2.559706839e-05,6.499999999999995,24.090708770944207,23.7942077399172,0.14825051551350285,0.14825051551350285,TAKE_PROFIT,1.4178639696950097,1182.0013601891583,2024-03-02 09:55,2024-03-02 10:30
BONKUSDT,2024-03,463,464,2.3484695999999998e-05,2.2968032687999996e-05,-2.200000000000013,-3.846315866065007,-3.9861818975582795,0.06993301574663621,0.06993301574663621,STOP_LOSS,7.497234680006668,542.3655036230371,2024-03-02 14:35,2024-03-02 14:40
INJUSDT,2024-03,588,661,41.828364,42.162990912,0.8000000000000007,1.3884556892749642,1.2496101203474668,0.06942278446374875,0.06942278446374875,TRAILING_LOCK,-1.145532851329421,543.6151137433845,2024-03-03 01:00,2024-03-03 07:05
HBARUSDT,2024-03,457,663,0.11322264,0.11414132832,0.8113998401733102,3.069042287174769,2.7664499389663444,0.15129617410421228,0.15129617410421228,TRAILING_LOCK,-1.1751469338428684,924.7732951169858,2024-03-02 14:05,2024-03-03 07:15
DOGEUSDT,2024-03,462,664,0.136697334,0.13458307800000002,-1.5466695202702163,-3.977339260768923,-4.183063325730081,0.10286203248057899,0.10286203248057899,STALL_EXIT,1.6026695421544581,1177.8481750251838,2024-03-02 14:30,2024-03-03 07:20
FILUSDT,2024-03,664,665,8.9497896,8.7528942288,-2.200000000000002,-8.292051152177297,-8.593580284983744,0.15076456640322355,0.15076456640322355,STOP_LOSS,12.637028876237702,1169.2545947402,2024-03-03 07:20,2024-03-03 07:25
DOGEUSDT,2024-03,665,666,0.134656926,0.13169447362800002,-2.199999999999991,-8.23155234697098,-8.53088152322447,0.1496645881267456,0.1496645881267456,STOP_LOSS,3.831236218956445,906.2400533068496,2024-03-03 07:25,2024-03-03 07:30
NEARUSDT,2024-03,665,666,4.1098218,4.0194057204,-2.199999999999991,-5.596401957239859,-5.799907482957673,0.1017527628589068,0.1017527628589068,STOP_LOSS,6.383886013240392,1154.9238057340178,2024-03-03 07:25,2024-03-03 07:30
ORDIUSDT,2024-03,799,872,78.8847738,84.012284097,6.499999999999995,24.02241515926757,23.726754664999664,0.1478302471339543,0.1478302471339543,TAKE_PROFIT,3.995506060904561,1178.6505603990174,2024-03-03 18:35,2024-03-04 00:40
DOGEUSDT,2024-03,874,892,0.14521903800000002,0.15465827547000002,6.499999999999995,24.51593165629956,24.214197112837414,0.15086727173107425,0.15086727173107425,TAKE_PROFIT,6.318268130369428,771.9294530322828,2024-03-04 00:50,2024-03-04 02:20
ENSUSDT,2024-03,874,902,21.844368,22.157867584,1.4351506255525504,2.5019973242395492,2.3625277923483585,0.06973476594559518,0.06973476594559518,TRAILING_LOCK,-0.9832515839986363,948.6986304545646,2024-03-04 00:50,2024-03-04 03:10
FILUSDT,2024-03,874,934,10.240047599999999,10.092981,-1.4361905895827975,-3.6827672936163887,-3.887908161149087,0.1025704337663489,0.1025704337663489,STALL_EXIT,2.4573413939845854,1201.3393771430542,2024-03-04 00:50,2024-03-04 05:50
BONKUSDT,2024-03,986,991,3.2046408e-05,3.2623243344e-05,1.8000000000000016,6.919714812344019,6.612171931795396,0.15377144027431097,0.15377144027431097,TRAILING_LOCK,15.74569579681211,1207.9515490748495,2024-03-04 10:10,2024-03-04 10:35
ORDIUSDT,2024-03,992,1063,83.24164499999999,88.65235192499999,6.499999999999995,25.125392220756872,24.81615662419371,0.15461779828158073,0.15461779828158073,TAKE_PROFIT,0.5331478124797752,969.8618060040528,2024-03-04 10:40,2024-03-04 16:35
GALAUSDT,2024-03,1078,1158,0.045399077999999995,0.044981002000000006,-0.9208909484901606,-1.9431001926573768,-2.111901955414903,0.0844008813787632,0.0844008813787632,STALL_EXIT,1.931922281322225,657.2699838161725,2024-03-04 17:50,2024-03-05 00:30
ENSUSDT,2024-03,1078,1200,20.964192,22.32686448,6.499999999999995,20.173125564884305,19.924840942547267,0.12414231116851877,0.12414231116851877,TAKE_PROFIT,35.17348137726502,987.6747449911852,2024-03-04 17:50,2024-03-05 04:00
BONKUSDT,2024-03,1202,1203,3.7947587999999996e-05,3.7112741063999994e-05,-2.200000000000002,-6.953230204737967,-7.206074939455711,0.12642236735887172,0.12642236735887172,STOP_LOSS,0.8817967269937225,765.5051496714614,2024-03-05 04:10,2024-03-05 04:15
DOGEUSDT,2024-03,1202,1204,0.189397872,0.185231118816,-2.200000000000002,-4.727306525755601,-4.899208581237623,0.08595102774101084,0.08595102774101084,STOP_LOSS,1.9969005249459697,975.5694614704919,2024-03-05 04:10,2024-03-05 04:20
TRXUSDT,2024-03,998,1212,0.14087817,0.139782038,-0.7780708678995496,-2.0447763049939276,-2.2550169285005177,0.10512031175329485,0.10512031175329485,STALL_EXIT,0.06292797075973165,1236.2203442369819,2024-03-04 11:10,2024-03-05 05:00
ICPUSDT,2024-03,1301,1322,16.0152024,15.662867947199999,-2.200000000000002,-8.702991223428377,-9.019463631553045,0.15823620406233369,0.15823620406233369,STOP_LOSS,0.996829273708544,775.2170540612358,2024-03-05 12:25,2024-03-05 14:10
BONKUSDT,2024-03,1321,1322,3.4866972e-05,3.4099898616e-05,-2.200000000000002,-4.0227482675909165,-4.16903002277604,0.0731408775925619,0.0731408775925619,STOP_LOSS,4.340486171725819,953.973358897457,2024-03-05 14:05,2024-03-05 14:10
ENSUSDT,2024-03,1309,1329,27.745548,28.337053424000004,2.1318931022735743,5.733745926947233,5.518585197890699,0.10758036452826691,0.10758036452826691,TRAILING_LOCK,-1.1894441491737366,1228.5504357805432,2024-03-05 13:05,2024-03-05 14:45
FETUSDT,2024-03,1680,1686,2.23104612,2.18196310536,-2.199999999999991,-8.648995067895003,-8.963503979454822,0.15725445577990954,0.15725445577990954,STOP_LOSS,18.70044885899564,952.1977654997318,2024-03-06 20:00,2024-03-06 20:30
RENDERUSDT,2024-03,1685,1703,8.7947586,9.366417908999999,6.499999999999995,17.37334647099976,17.159520668279765,0.10691290135999866,0.10691290135999866,TAKE_PROFIT,9.700422294065733,1236.7464524693683,2024-03-06 20:25,2024-03-06 21:55
BONKUSDT,2024-03,1772,1795,2.7795558e-05,2.8346453304e-05,1.9819544691277668,7.843760507678646,7.527153415846487,0.15830354591607915,0.15830354591607915,TRAILING_LOCK,8.867235237663078,1244.2736058852147,2024-03-07 03:40,2024-03-07 05:35
BONKUSDT,2024-03,1799,1816,2.6565312e-05,2.829205728e-05,6.499999999999995,25.880891002412465,25.56235695930585,0.1592670215533075,0.1592670215533075,TAKE_PROFIT,9.076549982158097,1269.8359628445205,2024-03-07 05:55,2024-03-07 07:20
FETUSDT,2024-03,1903,1905,2.49569904,2.44079366112,-2.200000000000002,-8.939645178425428,-9.264723184913626,0.16253900324409865,0.16253900324409865,STOP_LOSS,11.644013314488342,1260.5712396596068,2024-03-07 14:35,2024-03-07 14:45
JUPUSDT,2024-03,2000,2030,0.75235044,0.76187179472,1.265547836989378,3.470748095362508,3.251349160360945,0.10969946750078159,0.10969946750078159,TRAILING_LOCK,-2.3326489893921627,860.2784390102172,2024-03-07 22:40,2024-03-08 01:10
JUPUSDT,2024-03,2036,2051,0.71394276,0.7175124737999999,0.49999999999998934,1.3764455024163205,1.1562142220297047,0.11011564019330781,0.11011564019330781,TRAILING_LOCK,0.40243567957885745,861.434653232247,2024-03-08 01:40,2024-03-08 02:55
APTUSDT,2024-03,1951,2116,13.17783504,13.0768841,-0.7660661989892459,-3.0901792579878182,-3.4128854953406775,0.16135311867642968,0.16135311867642968,STALL_EXIT,2.844835949872806,1261.565917546657,2024-03-07 18:35,2024-03-08 08:20
BONKUSDT,2024-03,2197,2201,3.1796358e-05,3.2368692444e-05,1.8000000000000016,7.26661968506876,6.943658810176816,0.1614804374459721,0.1614804374459721,TRAILING_LOCK,4.236524408183782,1268.5095763568338,2024-03-08 15:05,2024-03-08 15:25
JUPUSDT,2024-03,2201,2202,0.7173434399999999,0.7015618843199999,-2.200000000000013,-8.930307417552145,-9.255045869099495,0.16236922577367474,0.16236922577367474,STOP_LOSS,7.445974025603283,1259.2545304877344,2024-03-08 15:25,2024-03-08 15:30
ICPUSDT,2024-03,2203,2208,14.1858366,14.3507699608,1.1626622063305003,4.685080482395341,4.3627113225904814,0.16118457990243001,0.16118457990243001,TRAILING_LOCK,2.280226357845958,803.2117130255232,2024-03-08 15:35,2024-03-08 16:00
POLUSDT,2024-03,2203,2210,1.1232246,1.0985136588,-2.199999999999991,-6.027168548908357,-6.246338314323207,0.10958488270742489,0.10958488270742489,STOP_LOSS,3.803898191456892,1071.0371663624696,2024-03-08 15:35,2024-03-08 16:10
BONKUSDT,2024-03,2277,2337,3.20064e-05,3.154369e-05,-1.4456796140771777,-4.954805111453481,-5.228990626042273,0.13709275729439613,0.13709275729439613,STALL_EXIT,3.507230764694938,1065.8081757364273,2024-03-08 21:45,2024-03-09 02:45
GALAUSDT,2024-03,2593,2597,0.055201038,0.05878910547,6.499999999999995,22.168810055317675,21.89596316232915,0.13642344649426272,0.13642344649426272,TAKE_PROFIT,5.4617169360376066,1087.7041388987564,2024-03-10 00:05,2024-03-10 00:25
XRPUSDT,2024-03,2203,2759,0.615123,0.61097778,-0.6738847352480648,-1.255172542143269,-1.4041799288953936,0.07450369337606239,0.07450369337606239,STALL_EXIT,0.5764890500600561,1272.633696103393,2024-03-08 15:35,2024-03-10 13:55
GALAUSDT,2024-03,2908,2978,0.07336466999999999,0.07813337354999998,6.499999999999995,26.47078087895052,26.144986652748052,0.16289711310123434,0.16289711310123434,TAKE_PROFIT,5.268717147309228,1298.778682756141,2024-03-11 02:20,2024-03-11 08:10
GALAUSDT,2024-03,3072,3076,0.072574512,0.070977872736,-2.200000000000002,-9.14340192660323,-9.475889269388803,0.16624367139278606,0.16624367139278606,STOP_LOSS,2.7644210630235175,1289.302793486752,2024-03-11 16:00,2024-03-11 16:20
GALAUSDT,2024-03,3202,3240,0.073044606,0.071437624668,-2.200000000000002,-9.076691666146758,-9.406753181279367,0.16503075756630428,0.16503075756630428,STOP_LOSS,0.15730552705561401,1279.8960403054728,2024-03-12 02:50,2024-03-12 06:00
NEARUSDT,2024-03,3348,3355,7.0944186,7.5555558089999995,6.499999999999995,26.621837638353803,26.2941842520356,0.16382669315910053,0.16382669315910053,TAKE_PROFIT,3.9367612194154114,1306.1902245575084,2024-03-12 15:00,2024-03-12 15:35
FILUSDT,2024-03,3875,3906,10.4560908,10.2260568024,-2.200000000000002,-9.195579180884845,-9.529963878371568,0.16719234874336109,0.16719234874336109,STOP_LOSS,2.3170534075694693,1296.6602606791369,2024-03-14 10:55,2024-03-14 13:30
ORDIUSDT,2024-03,4442,4458,69.558909,68.028613002,-2.200000000000002,-9.128488235181122,-9.46043326191498,0.16597251336692953,0.16597251336692953,STOP_LOSS,1.7248433360908022,1287.199827417222,2024-03-16 10:10,2024-03-16 11:30
RENDERUSDT,2024-03,4823,4827,12.7785552,12.497426985599999,-2.200000000000002,-6.160923092303258,-6.384956659296104,0.11201678349642259,0.11201678349642259,STOP_LOSS,6.677958713914696,868.7461644065054,2024-03-17 17:55,2024-03-17 18:15
JUPUSDT,2024-03,4786,4859,1.2314462400000001,1.3114902456000002,6.499999999999995,26.773756410278224,26.444233254459412,0.16476157790940443,0.16476157790940443,TAKE_PROFIT,9.615759996926645,1307.2591040123853,2024-03-17 14:50,2024-03-17 20:55
ICPUSDT,2024-03,5195,5197,12.1134222,11.8469269116,-2.200000000000002,-6.256932785404279,-6.484457613964436,0.11376241428007788,0.11376241428007788,STOP_LOSS,1.8069925643787683,882.284403949144,2024-03-19 00:55,2024-03-19 01:05
ENSUSDT,2024-03,5195,5199,20.734146,20.277994787999997,-2.200000000000013,-9.203104092247228,-9.5377624228744,0.16732916531358533,0.16732916531358533,STOP_LOSS,1.440010292205047,1291.2368839755466,2024-03-19 00:55,2024-03-19 01:15
ICPUSDT,2024-03,7525,7598,19.3278648,19.568065622400002,1.2427695706977548,3.491191470558746,3.266455265046497,0.11236810275612452,0.11236810275612452,TRAILING_LOCK,3.1272093491934236,881.1422580472693,2024-03-27 03:05,2024-03-27 09:10
DOGEUSDT,2024-03,8090,8157,0.21249249,0.20972804600000003,-1.30096080101465,-3.6682609210785078,-3.8938333391386086,0.11278620903005047,0.11278620903005047,STALL_EXIT,3.7724825796545924,877.2484247081306,2024-03-29 02:10,2024-03-29 07:45
JUPUSDT,2024-03,8528,8606,1.50360066,1.48960202,-0.9310078382115172,-2.613520510278314,-2.8380961070035955,0.11228779836264073,0.11228779836264073,STALL_EXIT,2.0406779523567007,683.4806621500654,2024-03-30 14:40,2024-03-30 21:10
DOGEUSDT,2024-03,8553,8819,0.197309454,0.21013456850999998,6.499999999999995,12.405466132865845,12.252783472769034,0.07634133004840528,0.07634133004840528,TAKE_PROFIT,4.961311964958252,667.86181466112,2024-03-30 16:45,2024-03-31 14:55
JUPUSDT,2024-03,8680,8855,1.4606920799999998,1.5556370651999998,6.499999999999995,14.216397772721354,14.041426723210936,0.08748552475520838,0.08748552475520838,TAKE_PROFIT,6.837258971219335,900.704538797107,2024-03-31 03:20,2024-03-31 17:55
TRXUSDT,2024-03,6744,8927,0.116943384,0.12296,5.144896439802027,21.25849615138189,20.927939509084155,0.16527832114886998,0.16527832114886998,MONTH_END,0.0,1334.993559499515,2024-03-24 10:00,2024-03-31 23:55
JUPUSDT,2024-04,172,173,1.7191437600000001,1.68132259728,-2.200000000000002,-9.398354658876592,-9.740113010108466,0.17087917561593793,0.17087917561593793,STOP_LOSS,1.4677375275822921,1325.2534464894065,2024-04-01 14:20,2024-04-01 14:25
ENAUSDT,2024-04,253,255,0.8011602,0.8051660009999999,0.49999999999998934,2.120405514383008,1.78114063208172,0.16963244115064405,0.16963244115064405,TRAILING_LOCK,19.97525961109231,1327.0345871214881,2024-04-01 21:05,2024-04-01 21:15
ENAUSDT,2024-04,259,267,0.7931586,0.844713909,6.499999999999995,27.60231941212692,27.262598557823818,0.1698604271515505,0.1698604271515505,TAKE_PROFIT,14.35824481019644,1354.297185679312,2024-04-01 21:35,2024-04-01 22:15
ENAUSDT,2024-04,340,341,0.8671734,0.8715092669999999,0.49999999999998934,2.1668754970868402,1.8201754175529365,0.17335003976695193,0.17335003976695193,TRAILING_LOCK,51.46138428841288,1356.117361096865,2024-04-02 04:20,2024-04-02 04:25
ENAUSDT,2024-04,341,344,0.865173,0.9214092449999999,6.499999999999995,28.207241110814746,27.86007506637395,0.17358302222039873,0.17358302222039873,TAKE_PROFIT,43.258818723921124,1383.977436163239,2024-04-02 04:25,2024-04-02 04:40
ENAUSDT,2024-04,470,483,1.0812161999999998,1.1514952529999998,6.499999999999995,28.786730672195343,28.432432448537554,0.1771491118288946,0.1771491118288946,TAKE_PROFIT,0.9991137149742346,1412.4098686117763,2024-04-02 15:10,2024-04-02 16:15
ENAUSDT,2024-04,497,508,1.0692138,1.0884596484,1.8000000000000016,8.135480843203826,7.7739039168392114,0.18078846318230737,0.18078846318230737,TRAILING_LOCK,-0.9609587654788352,1420.1837725286155,2024-04-02 17:25,2024-04-02 18:20
ENAUSDT,2024-04,509,512,1.0472093999999998,1.0241707932,-2.199999999999991,-9.998093758601417,-10.361660804368743,0.18178352288366278,0.18178352288366278,STOP_LOSS,5.25588184679744,1409.8221117242465,2024-04-02 18:25,2024-04-02 18:40
ENAUSDT,2024-04,588,599,0.9571913999999999,1.019408841,6.499999999999995,29.32429992386435,28.96338546326294,0.18045723030070357,0.18045723030070357,TAKE_PROFIT,14.576208585187263,1438.7854971875095,2024-04-03 01:00,2024-04-03 01:55
ENAUSDT,2024-04,665,667,1.0662132,1.0715442659999999,0.49999999999998934,2.3020567954999653,1.933727708219963,0.18416454364000123,0.18416454364000123,TRAILING_LOCK,0.6024701176460976,1440.7192248957294,2024-04-03 07:25,2024-04-03 07:35
ENAUSDT,2024-04,671,675,1.0422084,1.0192798152,-2.200000000000002,-10.142663343265951,-10.51148746483926,0.18441206078665337,0.18441206078665337,STOP_LOSS,4.289321160688472,1430.2077374308901,2024-04-03 07:55,2024-04-03 08:15
ENAUSDT,2024-04,706,708,0.9831966,0.9881125829999998,0.49999999999998934,2.288332379889353,1.922199199107045,0.18306659039115394,0.18306659039115394,TRAILING_LOCK,2.215073198799675,1432.1299366299972,2024-04-03 10:50,2024-04-03 11:00
ENAUSDT,2024-04,798,799,0.9291858000000001,0.933831729,0.49999999999998934,2.291407898607965,1.9247826348306858,0.18331263188863967,0.18331263188863967,TRAILING_LOCK,7.085673890183271,1434.054719264828,2024-04-03 18:30,2024-04-03 18:35
ENAUSDT,2024-04,910,922,0.8671734,0.9235396709999999,6.499999999999995,29.82833816070838,29.461220152576583,0.183559004065898,0.183559004065898,TAKE_PROFIT,7.737656675064487,1463.5159394174045,2024-04-04 03:50,2024-04-04 04:50
JUPUSDT,2024-04,1206,1208,1.3636726799999999,1.33367188104,-2.200000000000002,-10.303152213498516,-10.677812293989371,0.1873300402454278,0.1873300402454278,STOP_LOSS,1.674183828678212,1452.8381271234152,2024-04-05 04:30,2024-04-05 04:40
JUPUSDT,2024-04,1256,1329,1.3097619,1.3948964234999999,6.499999999999995,30.21903304416698,29.84710648362339,0.18596328027179718,0.18596328027179718,TAKE_PROFIT,0.3515369612674373,1482.6852336070385,2024-04-05 08:40,2024-04-05 14:45
ENAUSDT,2024-04,1502,1534,1.1862371999999999,1.2633426179999998,6.499999999999995,30.83985285902638,30.46028543922298,0.18978370990170096,0.18978370990170096,TAKE_PROFIT,0.6061207696865731,1513.1455190462616,2024-04-06 05:10,2024-04-06 07:50
ENAUSDT,2024-04,1638,1710,1.1472294,1.1257747999999999,-1.8701229239766914,-6.156416361495726,-6.41977515069893,0.13167939460160255,0.13167939460160255,STALL_EXIT,2.5071799439816975,1022.3254951743211,2024-04-06 16:30,2024-04-06 22:30
ENAUSDT,2024-04,1820,1877,1.2292458000000002,1.309146777,6.499999999999995,21.264370299625845,21.002654972861222,0.1308576633823131,0.1308576633823131,TAKE_PROFIT,2.203971587213405,1043.3281501471824,2024-04-07 07:40,2024-04-07 12:25
APTUSDT,2024-04,1585,2115,12.998599200000001,13.843508148,6.499999999999995,31.47342679616219,31.086061543286345,0.1936826264379215,0.1936826264379215,TAKE_PROFIT,3.2924591593919783,1558.8144604117106,2024-04-06 12:05,2024-04-08 08:15
ENAUSDT,2024-04,2545,2582,1.4232846000000001,1.4459205848,1.5904046738087319,7.933266571006161,7.534210069140764,0.19952825093269896,0.19952825093269896,TRAILING_LOCK,5.330819410850387,1566.3486704808513,2024-04-09 20:05,2024-04-09 23:10
ENAUSDT,2024-04,2583,2612,1.3882776,1.4785156439999998,6.499999999999995,32.58005234600167,32.17906708635858,0.20049262982154897,0.20049262982154897,TAKE_PROFIT,3.008717302419028,1598.52773756721,2024-04-09 23:15,2024-04-10 01:40
APTUSDT,2024-04,2676,2738,12.2264448,12.07918368,-1.2044475921569542,-6.161097230428593,-6.570320331245799,0.20461155040860288,0.20461155040860288,STALL_EXIT,0.1673649522647163,1591.9574172359642,2024-04-10 07:00,2024-04-10 12:10
ENAUSDT,2024-04,2932,2940,1.3852769999999999,1.3922033849999997,0.49999999999998934,2.5471318675774945,2.1395907687650872,0.20377054940620343,0.20377054940620343,TRAILING_LOCK,0.5600198278500935,1594.0970080047293,2024-04-11 04:20,2024-04-11 05:00
ENAUSDT,2024-04,2949,2953,1.3192637999999999,1.3258601189999997,0.49999999999998934,2.5505552128074878,2.1424663787582774,0.20404441702460535,0.20404441702460535,TRAILING_LOCK,3.178305191937102,1596.2394743834875,2024-04-11 05:45,2024-04-11 06:05
TRXUSDT,2024-04,2984,3053,0.120294054,0.11910617400000001,-0.987480229072657,-5.044015749820888,-5.452653055263061,0.20431865272108643,0.20431865272108643,STALL_EXIT,0.43140165009413783,1590.7868213282245,2024-04-11 08:40,2024-04-11 14:25
ORDIUSDT,2024-04,3246,3315,71.7723516,70.9498072,-1.14604632795674,-5.833969264464581,-6.241210690724606,0.20362071313001276,0.20362071313001276,STALL_EXIT,0.3089406562897635,1584.5456106375,2024-04-12 06:30,2024-04-12 12:15
ORDIUSDT,2024-04,3325,3363,69.2078388,69.76150151040001,0.8000000000000007,4.056436763232035,3.650793086908835,0.20282183816160002,0.20282183816160002,TRAILING_LOCK,0.771913559686941,1588.1964037244088,2024-04-12 13:05,2024-04-12 16:15
JUPUSDT,2024-04,3662,3665,1.00180032,0.97976071296,-2.200000000000002,-11.180902682219877,-11.587480961573327,0.20328913967672435,0.20328913967672435,STOP_LOSS,2.1780100750856812,1576.6089227628356,2024-04-13 17:10,2024-04-13 17:25
JUPUSDT,2024-04,4141,4180,1.08701736,1.09935579168,1.1350721832078303,5.726607782481158,5.322995898253871,0.20180594211364297,0.20180594211364297,TRAILING_LOCK,0.1495610731706129,1581.9319186610894,2024-04-15 09:05,2024-04-15 12:20
ENAUSDT,2024-04,5543,5575,1.0452089999999998,1.063457492,1.7459179934348201,8.838154883773631,8.433180312596393,0.20248728558861945,0.20248728558861945,TRAILING_LOCK,-1.0773812856828229,1590.365098973686,2024-04-20 05:55,2024-04-20 08:35
ENAUSDT,2024-04,6229,6246,0.935187,0.942668496,0.8000000000000007,2.767986433457773,2.4911877901119968,0.13839932167288804,0.13839932167288804,TRAILING_LOCK,1.8385576768017866,1083.7358883595498,2024-04-22 15:05,2024-04-22 16:30
NEARUSDT,2024-04,6495,6578,7.0084013999999994,7.0968991832,1.2627385069582386,4.379120120333432,4.101683732913387,0.13871819371002236,0.13871819371002236,TRAILING_LOCK,-0.9567443674659044,1087.8375720924632,2024-04-23 13:15,2024-04-23 20:10
HBARUSDT,2024-04,6691,6692,0.16333266,0.16414932329999998,0.49999999999998934,1.740540115347925,1.4620536968922544,0.13924320922783529,0.13924320922783529,TRAILING_LOCK,-1.0656902293790902,1089.2996257893553,2024-04-24 05:35,2024-04-24 05:40
HBARUSDT,2024-04,6693,6694,0.16163232,0.15807640896,-2.200000000000002,-7.668669365557058,-7.947530069759132,0.1394303521010375,0.1394303521010375,STOP_LOSS,-4.2867933327829615,1081.3520957195963,2024-04-24 05:45,2024-04-24 05:50
HBARUSDT,2024-04,6722,6725,0.13462691999999998,0.13530005459999997,0.49999999999998934,1.7301633531513183,1.4533372166471017,0.13841306825210833,0.13841306825210833,TRAILING_LOCK,4.656277056668709,1082.8054329362433,2024-04-24 08:10,2024-04-24 08:25
ALGOUSDT,2024-04,6730,6737,0.22874573999999998,0.22371333371999996,-2.200000000000002,-7.622950247871172,-7.90014843870285,0.13859909541583915,0.13859909541583915,STOP_LOSS,3.4806446940466476,1074.9052844975404,2024-04-24 08:50,2024-04-24 09:25
HBARUSDT,2024-04,6737,6742,0.1265253,0.1237417434,-2.200000000000002,-7.567333202862685,-7.842508955694055,0.13758787641568518,0.13758787641568518,STOP_LOSS,14.43187731909715,1067.0627755418463,2024-04-24 09:25,2024-04-24 09:50
ORDIUSDT,2024-04,6797,6798,45.849168000000006,44.840486304,-2.200000000000002,-7.512121939814624,-7.785290010353337,0.13658403526935634,0.13658403526935634,STOP_LOSS,1.8276200004701764,1059.2774855314929,2024-04-24 14:25,2024-04-24 14:30
ENAUSDT,2024-04,7119,7120,0.805161,0.787447458,-2.199999999999991,-7.457313498141698,-7.72848853443776,0.1355875181480311,0.1355875181480311,STOP_LOSS,4.768894942575319,1051.5489969970552,2024-04-25 17:15,2024-04-25 17:20
ALGOUSDT,2024-04,7204,7273,0.19573914,0.2084621841,6.499999999999995,21.872219137538746,21.6030225943075,0.13459827161562307,0.13459827161562307,TAKE_PROFIT,2.8004196181690046,1073.1520195913627,2024-04-26 00:20,2024-04-26 06:05
TRXUSDT,2024-04,5775,7312,0.11096218799999999,0.11817473021999998,6.499999999999995,33.079594058652646,32.67246059331538,0.20356673266863182,0.20356673266863182,TAKE_PROFIT,0.6306507140846307,1614.9448785889263,2024-04-21 01:15,2024-04-26 09:20
JUPUSDT,2024-04,8096,8145,0.9869973599999999,0.96528341808,-2.200000000000002,-11.36921194526603,-11.782637834184797,0.20671294445938257,0.20671294445938257,STOP_LOSS,1.5245866285854253,1603.1622407547413,2024-04-29 02:40,2024-04-29 06:45
NEARUSDT,2024-05,535,629,6.0102018,6.400864917,6.499999999999995,33.345774607698615,32.9353650740654,0.2052047668166069,0.2052047668166069,TAKE_PROFIT,0.03335616401354155,1636.097605828807,2024-05-02 20:35,2024-05-03 04:25
DOGEUSDT,2024-05,1073,1167,0.158661726,0.156898614,-1.1112396445252415,-5.817908870111362,-6.236749857203536,0.2094204935460873,0.2094204935460873,STALL_EXIT,2.5120591568769495,1273.7706523714014,2024-05-04 17:25,2024-05-05 01:15
TRXUSDT,2024-05,1145,1205,0.12242447999999999,0.121105774,-1.0771587512562797,-3.8341231411893877,-4.118881400765718,0.14237912978816547,0.14237912978816547,STALL_EXIT,0.3172648068786559,1217.9723231684857,2024-05-04 23:25,2024-05-05 04:25
JUPUSDT,2024-05,1171,1455,1.03290654,1.1000454650999998,6.499999999999995,26.494429569325092,26.16834428231801,0.1630426435035394,0.1630426435035394,TAKE_PROFIT,2.2139571201983297,1651.9103188531558,2024-05-05 01:35,2024-05-06 01:15
GALAUSDT,2024-05,1770,1989,0.044968992,0.044411116,-1.2405792862779763,-4.4584933723864575,-4.746003790895087,0.14375520925431462,0.14375520925431462,STALL_EXIT,0.7855780971592803,873.9059793014382,2024-05-07 03:30,2024-05-07 21:45
FETUSDT,2024-05,1770,1994,2.37167424,2.34962998,-0.9294809391697911,-4.913341294694065,-5.336230336320473,0.21144452081320397,0.21144452081320397,STALL_EXIT,1.7862395507908844,1397.392495518941,2024-05-07 03:30,2024-05-07 22:10
ALGOUSDT,2024-05,1770,2022,0.19093817999999999,0.18916216000000002,-0.9301544615120783,-2.2727194507519406,-2.4681897340042394,0.09773514162614938,0.09773514162614938,STALL_EXIT,1.2887566942563822,1639.3598949919362,2024-05-07 03:30,2024-05-08 00:30
ENAUSDT,2024-05,2057,2071,0.9131826000000001,0.9240418088,1.1891607220724465,6.238279668688688,5.818603535570753,0.20983806655896783,0.20983806655896783,TRAILING_LOCK,-1.3031670953977665,1645.1784985275071,2024-05-08 03:25,2024-05-08 04:35
ENAUSDT,2024-05,3633,3676,0.7731546,0.7867221448000001,1.7548294739499815,9.238424701199524,8.817259005576481,0.21058284781152092,0.21058284781152092,TRAILING_LOCK,-2.1255464728593862,1295.9291333828905,2024-05-13 14:45,2024-05-13 18:20
RENDERUSDT,2024-05,3836,3837,10.7101416,10.474518484799999,-2.200000000000013,-9.12334109901559,-9.45509895716161,0.16587892907301,0.16587892907301,STOP_LOSS,0.8447310998438804,1286.4740344257289,2024-05-14 07:40,2024-05-14 07:45
ENAUSDT,2024-05,3887,3916,0.7251449999999999,0.7091918099999999,-2.200000000000013,-9.056777202357166,-9.386114555170153,0.1646686764064933,0.1646686764064933,STOP_LOSS,1.8060262145441457,1277.0879198705588,2024-05-14 11:55,2024-05-14 14:20
ICPUSDT,2024-05,3662,3955,11.7033402,11.562687,-1.2018209980771077,-4.301599236448272,-4.5879380002629,0.14316938190731435,0.14316938190731435,STALL_EXIT,4.819926371785371,1630.566606020489,2024-05-13 17:10,2024-05-14 17:35
ENAUSDT,2024-05,4169,4182,0.6731346,0.716888349,6.499999999999995,33.91578540522613,33.49836035408488,0.2087125255706226,0.2087125255706226,TAKE_PROFIT,3.08439257394041,1664.064966374574,2024-05-15 11:25,2024-05-15 12:30
ENAUSDT,2024-05,4225,4468,0.7101419999999999,0.7038592,-0.8847244635579843,-4.711164751044403,-5.137165382436295,0.2130003156959455,0.2130003156959455,STALL_EXIT,0.7303733473967443,1658.9278009921377,2024-05-15 16:05,2024-05-16 12:20
TRXUSDT,2024-05,5014,5077,0.124484892,0.123235348,-1.0037716062765267,-5.328590795195749,-5.753276312249737,0.2123427585269936,0.2123427585269936,STALL_EXIT,0.13360776974476612,1653.174524679888,2024-05-18 09:50,2024-05-18 15:05
ORDIUSDT,2024-05,5383,5490,39.437886,40.096745368,1.6706254691237765,8.837873490677826,8.414660812359774,0.21160633915902569,0.21160633915902569,TRAILING_LOCK,3.1255769526875006,1661.5891854922475,2024-05-19 16:35,2024-05-20 01:30
JUPUSDT,2024-05,5555,5709,1.18833762,1.2655795653,6.499999999999995,34.56105505823872,34.135688226752706,0.21268341574300767,0.21268341574300767,TAKE_PROFIT,1.9058805436924464,1695.7248737190002,2024-05-20 06:55,2024-05-20 19:45
GALAUSDT,2024-05,5721,5722,0.043368672000000004,0.042414561216000006,-2.199999999999991,-11.937903110981734,-12.372008678653797,0.21705278383603205,0.21705278383603205,STOP_LOSS,5.011106382018211,1683.3528650403464,2024-05-20 20:45,2024-05-20 20:50
ENAUSDT,2024-05,5873,5898,0.8311662,0.8851920029999999,6.499999999999995,35.013739592839165,34.58280125938884,0.21546916672516436,0.21546916672516436,TAKE_PROFIT,1.898796751782238,1717.9356662997352,2024-05-21 09:25,2024-05-21 11:30
RENDERUSDT,2024-05,6349,6453,10.5041004,10.4459104,-0.5539741413743471,-3.0454141941592607,-3.4852057247319927,0.21989576528636615,0.21989576528636615,STALL_EXIT,1.6474351531868356,1714.4504605750035,2024-05-23 01:05,2024-05-23 09:45
ENAUSDT,2024-05,7418,7497,0.9271854,0.9178164000000001,-1.0104775161472568,-3.7690224904513703,-4.067417847515575,0.14919767853210225,0.14919767853210225,STALL_EXIT,4.160265604319107,1161.5394456845331,2024-05-26 18:10,2024-05-27 00:45
TRXUSDT,2024-05,7137,7564,0.113362668,0.11262747000000001,-0.648536253575116,-3.5580264916526025,-3.9969258095598037,0.21944965895360047,0.21944965895360047,STALL_EXIT,0.09103462947359961,1706.3861169179281,2024-05-25 18:45,2024-05-27 06:20
ENSUSDT,2024-05,7616,7706,25.565112,25.933218656,1.4398789099770104,7.862366022488609,7.425531176557619,0.21841742296549482,0.21841742296549482,TRAILING_LOCK,-1.9018798342869292,1342.4234267383072,2024-05-27 10:40,2024-05-27 18:10
ENAUSDT,2024-05,7666,7798,0.8961792,0.8838232,-1.3787421087211094,-5.1184384193002606,-5.415430199673055,0.14849589018639692,0.14849589018639692,STALL_EXIT,0.5857280053295706,1708.3962178948127,2024-05-27 14:50,2024-05-28 01:50
TIAUSDT,2024-05,8238,8254,11.282255999999999,11.034046367999998,-2.200000000000002,-12.027109373979485,-12.464458805760557,0.21867471589053603,0.21867471589053603,STOP_LOSS,0.325842676393598,1695.9317590890523,2024-05-29 14:30,2024-05-29 15:50
BONKUSDT,2024-05,8426,8428,3.540708e-05,3.462812424e-05,-2.199999999999991,-11.939359583986892,-12.37351811431369,0.21707926516339873,0.21707926516339873,STOP_LOSS,0.03429512935118617,1683.5582409747385,2024-05-30 06:10,2024-05-30 06:20
TIAUSDT,2024-05,8505,8516,11.182236,10.936226807999999,-2.200000000000002,-11.852250016462193,-12.283240926151727,0.21549545484476654,0.21549545484476654,STOP_LOSS,2.777678237047782,1671.2750000485867,2024-05-30 12:45,2024-05-30 13:40
ORDIUSDT,2024-05,8648,8680,47.069412,50.128923779999994,6.499999999999995,34.762520001010536,34.334673600998094,0.2139232000062191,0.2139232000062191,TAKE_PROFIT,3.3535055078735,1705.6096736495847,2024-05-31 00:40,2024-05-31 03:20
ORDIUSDT,2024-05,8791,8826,49.179834,48.097877652,-2.200000000000002,-8.163557670706163,-8.460414313277296,0.1484283212855668,0.1484283212855668,STOP_LOSS,1.043959468717059,1151.135845730213,2024-05-31 12:35,2024-05-31 15:30
ENAUSDT,2024-05,8711,8834,0.8721744,0.864827,-0.8424232584675728,-4.59790482863903,-5.034540905093324,0.21831803822714685,0.21831803822714685,STALL_EXIT,2.216975186944903,1692.114718431214,2024-05-31 05:55,2024-05-31 16:10
BONKUSDT,2024-06,496,504,3.1786356e-05,3.1087056167999995e-05,-2.200000000000002,-11.912487617755785,-12.345668985674175,0.2165906839591954,0.2165906839591954,STOP_LOSS,2.325546131139242,1679.7690494455396,2024-06-02 17:20,2024-06-02 18:00
ENAUSDT,2024-06,917,935,1.0062012,0.9840647736,-2.200000000000002,-8.039876720019858,-8.332235873475124,0.14617957672763368,0.14617957672763368,STOP_LOSS,0.19665640432594284,1133.6957073111628,2024-06-04 04:25,2024-06-04 05:55
JUPUSDT,2024-06,505,1056,1.0562112000000001,1.124864928,6.499999999999995,34.93919622846717,34.509175351809105,0.21501043832902908,0.21501043832902908,TAKE_PROFIT,1.069912635768477,1705.9459889238735,2024-06-02 18:05,2024-06-04 16:00
TIAUSDT,2024-06,1077,1268,10.572114000000001,10.487902,-0.7965483535270268,-4.3483790997867375,-4.785101272951249,0.2183610865822558,0.2183610865822558,STALL_EXIT,1.354875360200741,1329.868458420137,2024-06-04 17:45,2024-06-05 09:40
ENAUSDT,2024-06,1178,1268,0.9631926,0.9708981407999999,0.8000000000000007,2.9691517731370163,2.6722365958233136,0.14845758865685146,0.14845758865685146,TRAILING_LOCK,0.4224808996564985,1703.8331242467457,2024-06-05 02:10,2024-06-05 09:40
TIAUSDT,2024-06,1269,1416,10.5021,10.586116800000001,0.8000000000000007,4.361812798071697,3.92563151826453,0.21809063990358346,0.21809063990358346,TRAILING_LOCK,-0.8134880960315967,1084.8075004488596,2024-06-05 09:45,2024-06-05 22:00
ORDIUSDT,2024-06,1273,1750,56.151227999999996,59.80105781999999,6.499999999999995,24.094479424035935,23.797931984970877,0.14827371953252907,0.14827371953252907,TAKE_PROFIT,8.359287213692316,1479.4380049846857,2024-06-05 10:05,2024-06-07 01:50
GALAUSDT,2024-06,1879,1929,0.044498898,0.044854889184000005,0.8000000000000007,3.7873612927608233,3.4086251634847438,0.1893680646380398,0.1893680646380398,TRAILING_LOCK,-1.192488029132852,1160.8527719993454,2024-06-07 12:35,2024-06-07 16:45
RENDERUSDT,2024-06,1879,1929,10.232046,10.313902368,0.8000000000000007,2.5749208968318795,2.3174288071486933,0.12874604484159335,0.12874604484159335,TRAILING_LOCK,-1.0849663299818513,1485.164058955319,2024-06-07 12:35,2024-06-07 16:45
TRXUSDT,2024-06,1275,1944,0.114092814,0.115005556512,0.8000000000000007,2.016143004920405,1.814528704428366,0.10080715024601959,0.10080715024601959,TRAILING_LOCK,-0.44828835026437835,1739.0972704250423,2024-06-05 10:15,2024-06-07 18:00
RENDERUSDT,2024-06,2810,2814,9.0108018,8.8125641604,-2.200000000000002,-12.243244783792317,-12.688453685021127,0.22260445061440542,0.22260445061440542,STOP_LOSS,1.4687647913150172,1726.4088167400212,2024-06-10 18:10,2024-06-10 18:30
BONKUSDT,2024-06,2903,2934,2.6295258e-05,2.5716762324e-05,-2.200000000000002,-8.263108585984908,-8.563585261838904,0.15023833792699798,0.15023833792699798,STOP_LOSS,2.890090387880514,1165.1734297928328,2024-06-11 01:55,2024-06-11 04:30
CRVUSDT,2024-06,2903,3044,0.37217442,0.37713390696000004,1.3325706156806838,7.361797311487429,6.919836654401983,0.22098032854272276,0.22098032854272276,TRAILING_LOCK,-1.0165903646543926,1724.7650681325845,2024-06-11 01:55,2024-06-11 13:40
CRVUSDT,2024-06,3483,3484,0.33416682,0.32681514996,-2.199999999999991,-12.142346079653363,-12.583885937095305,0.22076992872097081,0.22076992872097081,STOP_LOSS,1.2192978325783572,1712.181182195489,2024-06-13 02:15,2024-06-13 02:20
ORDIUSDT,2024-06,3493,3606,48.979794,52.16348060999999,6.499999999999995,35.61336858966612,35.17505020702407,0.21915919132102263,0.21915919132102263,TAKE_PROFIT,-0.121695502787869,1747.3562324025131,2024-06-13 03:05,2024-06-13 12:30
NEARUSDT,2024-06,3914,3919,5.7921582,5.6647307196000005,-2.199999999999991,-8.36336917810915,-8.667491693676755,0.15206125778380306,0.15206125778380306,STOP_LOSS,1.3463884547257823,920.7522239208581,2024-06-14 14:10,2024-06-14 14:35
ENAUSDT,2024-06,3918,3937,0.695139,0.7016583319999999,0.9378458121325428,2.4239138825583164,2.217149499654337,0.10338219145198976,0.10338219145198976,TRAILING_LOCK,-1.6615397364083455,1181.528234241939,2024-06-14 14:30,2024-06-14 16:05
ENSUSDT,2024-06,4333,4372,22.874574,23.057570591999998,0.8000000000000007,3.0247122796593393,2.722241051693403,0.15123561398296817,0.15123561398296817,TRAILING_LOCK,2.4826093699507537,1184.2504752936322,2024-06-16 01:05,2024-06-16 04:20
ORDIUSDT,2024-06,4638,4694,43.238645999999996,43.584555167999994,0.8000000000000007,3.031681216751687,2.7285130950765173,0.15158406083758494,0.15158406083758494,TRAILING_LOCK,0.24193164664307867,1186.9789883887088,2024-06-17 02:30,2024-06-17 07:10
ORDIUSDT,2024-06,4730,4746,41.838366,42.173072928,0.8000000000000007,3.0386662102751196,2.73479958924761,0.15193331051375475,0.15193331051375475,TRAILING_LOCK,0.016425343279638554,1189.7137879779564,2024-06-17 10:10,2024-06-17 11:30
BONKUSDT,2024-06,4799,4803,2.2474494e-05,2.1980055132e-05,-2.200000000000002,-8.375585067364838,-8.680151797087195,0.1522833648611784,0.1522833648611784,STOP_LOSS,9.826840083105214,922.0971133977864,2024-06-17 15:55,2024-06-17 16:15
FILUSDT,2024-06,4799,4803,4.8919782,4.916438090999999,0.49999999999998934,1.294164947936204,1.087098556266406,0.10353319583489909,0.10353319583489909,TRAILING_LOCK,3.306497630827196,1182.1207347371355,2024-06-17 15:55,2024-06-17 16:15
ENSUSDT,2024-06,4804,4818,22.324464,23.77555416,6.499999999999995,24.588111282532417,24.28548837443971,0.15131145404635335,0.15131145404635335,TAKE_PROFIT,1.3646194650884336,949.1222984771839,2024-06-17 16:20,2024-06-17 17:30
ICPUSDT,2024-06,4804,4828,8.5287054,9.083071251,6.499999999999995,16.71676839387788,16.51102355210708,0.10287242088540234,0.10287242088540234,TAKE_PROFIT,0.8029084764910516,1222.9172466636824,2024-06-17 16:20,2024-06-17 18:20
ORDIUSDT,2024-06,4904,4911,40.318062000000005,40.51965231,0.49999999999998934,1.9566675946618253,1.6436007795159224,0.15653340757295134,0.15653340757295134,TRAILING_LOCK,-1.1837522847687998,1224.5608474431983,2024-06-18 00:40,2024-06-18 01:15
TRXUSDT,2024-06,3868,4914,0.115953186,0.116880811488,0.8000000000000007,4.473231954950447,4.025908759455404,0.2236615977475217,0.2236615977475217,TRAILING_LOCK,-1.053048376658786,1787.9644121692054,2024-06-14 10:20,2024-06-18 01:30
ORDIUSDT,2024-06,5029,5035,38.0076,37.1714328,-2.199999999999991,-12.587269461671182,-13.044988351186499,0.2288594447576583,0.2288594447576583,STOP_LOSS,2.4980667411884196,1385.776007623896,2024-06-18 11:05,2024-06-18 11:35
JUPUSDT,2024-06,5034,5043,0.73994796,0.7436476997999999,0.49999999999998934,1.944939105328449,1.6337488484758917,0.15559512842627865,0.15559512842627865,TRAILING_LOCK,1.2979667929580108,1776.553172666495,2024-06-18 11:30,2024-06-18 12:15
ENSUSDT,2024-06,5378,5585,25.965192000000002,27.65292948,6.499999999999995,25.12283817902798,24.813634016824558,0.15460208110171075,0.15460208110171075,TAKE_PROFIT,-0.22756894543673892,1232.6423926239397,2024-06-19 16:10,2024-06-20 09:25
JUPUSDT,2024-06,5969,6123,0.74094816,0.7891097904,6.499999999999995,17.431212214166877,17.216674217684826,0.10726899824102695,0.10726899824102695,TAKE_PROFIT,0.20151943612230758,855.2557229757081,2024-06-21 17:25,2024-06-22 06:15
FETUSDT,2024-06,5823,6183,1.5393077999999998,1.5156968,-1.5338712634341167,-6.050287181236893,-6.3658436337486215,0.1577782262558643,0.1577782262558643,STALL_EXIT,0.34988528048617323,969.7019191231086,2024-06-21 05:15,2024-06-22 11:15
ORDIUSDT,2024-06,6291,6368,41.438286,41.922740568,1.1690989535619423,3.6277679965242604,3.379524305228745,0.12412184564775793,0.12412184564775793,TRAILING_LOCK,-0.6505790516190358,973.0814434283374,2024-06-22 20:15,2024-06-23 02:40
ALGOUSDT,2024-06,6135,6520,0.13442688,0.13578687744,1.0117005170394489,2.7688405028335312,2.5498950377517495,0.10947273254089064,0.10947273254089064,TRAILING_LOCK,-1.0213633792505723,1249.4226425508566,2024-06-22 07:15,2024-06-23 15:20
XRPUSDT,2024-06,5075,6582,0.48369671999999997,0.47650468,-1.486890380401995,-8.452927432673437,-8.90772504487606,0.22739880610131136,0.22739880610131136,STALL_EXIT,1.0693116382403545,1809.2393315653603,2024-06-18 14:55,2024-06-23 20:30
ENAUSDT,2024-06,6583,6607,0.5641128,0.5686257024,0.8000000000000007,4.631652688807342,4.168487419926609,0.23158263444036611,0.23158263444036611,TRAILING_LOCK,0.7692753917976898,1813.407818985287,2024-06-23 20:35,2024-06-23 22:35
FETUSDT,2024-06,7280,7364,1.6843367999999999,1.7938186919999997,6.499999999999995,37.7188826348939,37.25465023323366,0.23211620083011672,0.23211620083011672,TAKE_PROFIT,3.6894089851529124,1850.6624692185205,2024-06-26 06:40,2024-06-26 13:40
ENAUSDT,2024-06,7978,8028,0.5241048,0.5125744944,-2.200000000000002,-13.028663783298398,-13.502433375418338,0.23688479605997065,0.23688479605997065,STOP_LOSS,0.8633877901358157,1837.1600358431024,2024-06-28 16:50,2024-06-28 21:00
ENSUSDT,2024-06,8170,8203,27.295458,27.522454504,0.8316273865051071,4.889064317439442,4.418751348263608,0.23515648458791713,0.23515648458791713,TRAILING_LOCK,0.10008371889941191,1841.5787871913658,2024-06-29 08:50,2024-06-29 11:35
ENSUSDT,2024-06,8262,8330,26.435285999999998,26.646768287999997,0.8000000000000007,4.714441695209877,4.242997525688888,0.23572208476049483,0.23572208476049483,TRAILING_LOCK,-1.7141601678042697,1845.8217847170547,2024-06-29 16:30,2024-06-29 22:10
XRPUSDT,2024-06,8535,8639,0.4730946,0.4761,0.6352640676938748,3.7522696166314127,3.2797392397438463,0.23626518844378303,0.23626518844378303,MONTH_END,0.0,1849.1015239567987,2024-06-30 15:15,2024-06-30 23:55
FETUSDT,2024-07,271,289,1.310262,1.281436236,-2.200000000000002,-13.017674728655876,-13.491044718788817,0.23668499506647023,0.23668499506647023,STOP_LOSS,5.116428126354308,1835.6104792380097,2024-07-01 22:35,2024-07-02 00:05
BONKUSDT,2024-07,464,537,2.5365072000000002e-05,2.5567992576000003e-05,0.8000000000000007,4.6991628268493315,4.2292465441644005,0.23495814134246526,0.23495814134246526,TRAILING_LOCK,0.5945223253181129,1839.8397257821744,2024-07-02 14:40,2024-07-02 20:45
RENDERUSDT,2024-07,1443,1582,5.8391676,5.7768444,-1.0673302132995777,-6.283892886259596,-6.7548918560598326,0.23549948490011835,0.23549948490011835,STALL_EXIT,0.6258711070701479,1833.0848339261145,2024-07-06 00:15,2024-07-06 11:50
RENDERUSDT,2024-08,172,178,5.4420882,5.322362259599999,-2.200000000000002,-12.90491723083989,-13.374186948324978,0.23463485874254267,0.23463485874254267,STOP_LOSS,3.2060527276627964,1819.7106469777896,2024-08-01 14:20,2024-08-01 14:50
ORDIUSDT,2024-08,760,762,30.146028,29.482815384000002,-2.200000000000002,-12.810762954723621,-13.276608880349936,0.23292296281315708,0.23292296281315708,STOP_LOSS,0.09220495276971527,1806.4340380974395,2024-08-03 15:20,2024-08-03 15:30
TIAUSDT,2024-08,2061,2112,4.6729344,4.5701298432,-2.199999999999991,-5.878263880019643,-6.092018930202176,0.10687752509126647,0.10687752509126647,STOP_LOSS,2.2290429439674337,828.8886458453171,2024-08-08 03:45,2024-08-08 08:00
XRPUSDT,2024-08,2019,2222,0.58831764,0.6265582865999999,6.499999999999995,37.57382799242667,37.11138087867373,0.23122355687647228,0.23122355687647228,TAKE_PROFIT,2.5283702631984424,1444.290142472048,2024-08-08 00:15,2024-08-08 17:10
XLMUSDT,2024-08,2019,2495,0.09951990000000001,0.09858027999999999,-0.9441528779671415,-3.7105779803008523,-4.0249828244222945,0.15720242206072094,0.15720242206072094,STALL_EXIT,1.3387261630825256,1833.4284172214889,2024-08-08 00:15,2024-08-09 15:55
INJUSDT,2024-08,2773,3071,18.583716,18.426314,-0.8469888368935363,-4.9692588884159425,-5.438616563224644,0.2346788374043506,0.2346788374043506,STALL_EXIT,0.888327421317136,1827.9898006582641,2024-08-10 15:05,2024-08-11 15:55
ORDIUSDT,2024-08,3605,3890,30.126024,29.964006,-0.5378008063725903,-3.1459020442716263,-3.613867433240142,0.23398269448425782,0.23398269448425782,STALL_EXIT,1.6552993615072682,1824.375933225024,2024-08-13 12:25,2024-08-14 12:10
ORDIUSDT,2024-08,4471,4765,26.565312,28.292057279999998,6.499999999999995,37.94701941108049,37.47997917217488,0.2335201194528031,0.2335201194528031,TAKE_PROFIT,0.5936037748613054,1194.8320932226889,2024-08-16 12:35,2024-08-17 13:05
GALAUSDT,2024-08,4471,4871,0.015543108,0.01655341002,6.499999999999995,25.799115981050104,25.48158839974487,0.15876379065261614,0.15876379065261614,TAKE_PROFIT,3.906083273590059,1617.3819220446267,2024-08-16 12:35,2024-08-17 21:55
NEARUSDT,2024-08,4471,5304,3.8837766,3.8422314,-1.069711373203075,-2.886590892152869,-3.10246900391002,0.10793905587857544,0.10793905587857544,STALL_EXIT,2.2582866820566725,1884.2350317930338,2024-08-16 12:35,2024-08-19 10:00
FETUSDT,2024-08,6795,6883,1.2472494,1.2367526000000002,-0.8415959149789765,-5.07444641797539,-5.556810586114406,0.24118208406950836,0.24118208406950836,STALL_EXIT,3.3351375206326486,1878.6782212069193,2024-08-24 14:15,2024-08-24 21:35
FETUSDT,2024-08,8043,8155,1.1632326,1.238842719,6.499999999999995,39.07650700110394,38.59556537647497,0.2404708123144857,0.2404708123144857,TAKE_PROFIT,0.25485729153322906,1917.2737865833942,2024-08-28 22:15,2024-08-29 07:35
ENAUSDT,2024-09,349,379,0.2210442,0.2228125536,0.8000000000000007,4.908220893653473,4.4173988042881245,0.24541104468267447,0.24541104468267447,TRAILING_LOCK,5.4698203503736496,1921.6911853876823,2024-09-02 05:05,2024-09-02 07:35
ORDIUSDT,2024-09,742,765,31.096218,30.412101204,-2.200000000000002,-13.52870594512931,-14.020658888588557,0.24597647172962334,0.24597647172962334,STOP_LOSS,3.347018968443128,1907.6705264990937,2024-09-03 13:50,2024-09-03 15:45
ENAUSDT,2024-09,3303,3649,0.2040408,0.21730345199999998,6.499999999999995,39.67954695118111,39.19118329639734,0.24418182739188402,0.24418182739188402,TAKE_PROFIT,3.0816574418707465,1946.8617097954912,2024-09-12 11:15,2024-09-13 16:05
TRXUSDT,2024-09,3979,5063,0.14742948,0.156,5.813301383142644,36.21662038509302,35.718223787385384,0.24919829885382289,0.24919829885382289,MONTH_END,0.0,1982.5799335828765,2024-09-14 19:35,2024-09-18 13:55
APTUSDT,2024-10,1853,1934,8.611721999999999,9.171483929999997,6.499999999999995,41.23766261852374,40.73012215552653,0.2537702314986082,0.2537702314986082,TAKE_PROFIT,1.7283579321498395,2023.310055738403,2024-10-07 10:25,2024-10-07 17:10
TIAUSDT,2024-10,3806,3908,6.0001998,6.390212786999999,6.499999999999995,42.08484915935873,41.5668817850897,0.2589836871345156,0.2589836871345156,TAKE_PROFIT,1.9840843681752183,2064.8769375234924,2024-10-14 05:10,2024-10-14 13:40
GALAUSDT,2024-10,4168,4213,0.022724544,0.023477305472000002,3.31254819458644,14.881047846455582,14.521661731058982,0.17969305769830043,0.17969305769830043,TRAILING_LOCK,-2.2034277852582376,1112.8308104118603,2024-10-15 11:20,2024-10-15 15:05
APTUSDT,2024-10,4175,4233,10.032005999999999,10.68408639,6.499999999999995,19.852345260062073,19.60800870301515,0.12216827852345889,0.12216827852345889,TAKE_PROFIT,0.5233354351415074,1437.9816837020462,2024-10-15 11:55,2024-10-15 16:45
CRVUSDT,2024-10,4168,4275,0.26355270000000003,0.26104778,-0.9504436873536193,-6.280157601380084,-6.808766097386098,0.26430424800300706,0.26430424800300706,STALL_EXIT,0.7478401080445903,2092.1978418601807,2024-10-15 11:20,2024-10-15 20:15
RENDERUSDT,2024-10,4826,5125,5.117023199999999,5.449629707999999,6.499999999999995,43.51771511069171,42.98211246317551,0.2678013237581031,0.2678013237581031,TAKE_PROFIT,-0.250103378216518,2135.179954323356,2024-10-17 18:10,2024-10-18 19:05
ENAUSDT,2024-10,5844,5874,0.40738146,0.39841906788,-2.200000000000002,-10.219609423976326,-10.591231584848192,0.18581108043593328,0.18581108043593328,STOP_LOSS,2.0533485416576647,1441.0578343208804,2024-10-21 07:00,2024-10-21 09:30
ENAUSDT,2024-10,6521,6552,0.36297258,0.36844432903999996,1.5074827525539236,6.951583458148574,6.582672652562429,0.1844554027930727,0.1844554027930727,TRAILING_LOCK,0.04225087692505106,1447.6405069734428,2024-10-23 15:25,2024-10-23 18:00
JUPUSDT,2024-10,6796,6951,1.03150626,1.02209554,-0.912327958145398,-4.22631330513809,-4.596909274923291,0.1852979848926007,0.1852979848926007,STALL_EXIT,0.29395099405285297,1443.0435976985195,2024-10-24 14:20,2024-10-25 03:15
ENAUSDT,2024-10,7822,7864,0.33786755999999996,0.34057050048,0.8000000000000007,3.694191610108247,3.3247724490974258,0.18470958050541053,0.18470958050541053,TRAILING_LOCK,4.677298678995675,1446.368370147617,2024-10-28 03:50,2024-10-28 07:20
TIAUSDT,2024-10,8109,8205,5.0790156,5.1196477248,0.8000000000000007,3.7027030275779103,3.33243272482012,0.185135151378895,0.185135151378895,TRAILING_LOCK,-0.8916184716944263,1449.7008028724372,2024-10-29 03:45,2024-10-29 11:45
TRXUSDT,2024-10,5458,8431,0.1570314,0.167238441,6.499999999999995,44.41174304992581,43.86513698161904,0.2733030341533896,0.2733030341533896,TAKE_PROFIT,0.5151680408214352,2177.0968282716835,2024-10-19 22:50,2024-10-30 06:35
ENAUSDT,2024-10,8489,8493,0.38377673999999995,0.37533365171999994,-2.200000000000002,-15.326761671032674,-15.884098459070227,0.2786683940187755,0.2786683940187755,STOP_LOSS,5.266340545117394,2161.2127298126134,2024-10-30 11:25,2024-10-30 11:45
TIAUSDT,2024-10,8514,8541,4.8369672,5.0099563936,3.5763979048689665,24.733941372409546,24.180670913577515,0.27663522941601454,0.27663522941601454,TRAILING_LOCK,-3.272611190976564,2185.393400726191,2024-10-30 13:30,2024-10-30 15:45
DOGEUSDT,2024-11,1533,1536,0.199449882,0.20044713140999998,0.49999999999998934,3.4966294411618497,2.9371687305759453,0.2797303552929524,0.2797303552929524,TRAILING_LOCK,1.857282049292666,2188.330569456767,2024-11-06 07:45,2024-11-06 08:00
ENAUSDT,2024-11,2195,2214,0.50030004,0.48929343911999995,-2.200000000000002,-15.405847208975635,-15.966059834756566,0.2801063128904662,0.2801063128904662,STOP_LOSS,3.2917998878071715,2172.3645096220107,2024-11-08 14:55,2024-11-08 16:30
DOGEUSDT,2024-11,2215,2286,0.19383876,0.20643827939999998,6.499999999999995,30.720139920823254,30.34204589102851,0.18904701489737416,0.18904701489737416,TAKE_PROFIT,-0.2607459244305154,1185.8238917238828,2024-11-08 16:35,2024-11-08 22:30
TIAUSDT,2024-11,2215,2306,5.1070212,5.438977578,6.499999999999995,45.18518180013783,44.6290564856746,0.2780626572316174,0.2780626572316174,TAKE_PROFIT,0.2210419481894648,1925.8876539458324,2024-11-08 16:35,2024-11-09 00:10
BONKUSDT,2024-11,2215,2349,2.1634326e-05,2.1425714e-05,-0.9642639202164349,-3.098367334842448,-3.355422879067063,0.12852777211230756,0.12852777211230756,STALL_EXIT,4.080545460468675,2243.9801891196466,2024-11-08 16:35,2024-11-09 03:45
ENSUSDT,2024-11,2808,2829,19.683936,19.250889408,-2.200000000000002,-15.79762053140232,-16.37207945981695,0.28722946420731477,0.28722946420731477,STOP_LOSS,0.7226190387971998,1739.2146546656513,2024-11-10 18:00,2024-11-10 19:45
GALAUSDT,2024-11,2824,2829,0.025945188,0.025374393864000002,-2.199999999999991,-10.74035986592553,-11.130918406504641,0.1952792702895555,0.1952792702895555,STOP_LOSS,0.9679290757303678,2216.477191253325,2024-11-10 19:20,2024-11-10 19:45
DOGEUSDT,2024-11,2946,2948,0.283326654,0.277093467612,-2.200000000000013,-15.603999426423464,-16.171417587384315,0.28370908048042565,0.28370908048042565,STOP_LOSS,2.9183410412702924,2200.3057736659407,2024-11-11 05:30,2024-11-11 05:40
RENDERUSDT,2024-11,3029,3086,6.026205,6.417908325,6.499999999999995,45.76636009225156,45.203081814193084,0.2816391390292404,0.2816391390292404,TAKE_PROFIT,3.616313341465506,2245.5088554801337,2024-11-11 12:25,2024-11-11 17:10
NEARUSDT,2024-11,3133,3211,5.2950588,5.639237622,6.499999999999995,46.70658419398677,46.131733926983856,0.2874251335014571,0.2874251335014571,TAKE_PROFIT,2.070534810316966,1802.9144261969973,2024-11-11 21:05,2024-11-12 03:35
BONKUSDT,2024-11,3199,3224,2.5295058e-05,2.693923677e-05,6.499999999999995,31.75449880913418,31.363674208406376,0.19541230036390264,0.19541230036390264,TAKE_PROFIT,25.4304280722204,2323.004263615524,2024-11-12 02:35,2024-11-12 04:40
APTUSDT,2024-11,3284,3285,12.55251,12.27635478,-2.200000000000002,-16.353950015853272,-16.94863910733885,0.29734454574278707,0.29734454574278707,STOP_LOSS,1.9032133250225247,2306.0556245081852,2024-11-12 09:40,2024-11-12 09:45
RENDERUSDT,2024-11,3286,3288,7.226444999999999,7.067463209999999,-2.200000000000002,-7.504067791558893,-7.7769429839792155,0.13643759621016138,0.13643759621016138,STOP_LOSS,2.9931077632026497,1058.1417774079064,2024-11-12 09:50,2024-11-12 10:00
CRVUSDT,2024-11,3286,3289,0.2820564,0.2758511592,-2.200000000000002,-16.234631596537653,-16.82498183641175,0.2951751199370477,0.2951751199370477,STOP_LOSS,2.192791510299374,1779.5497705340508,2024-11-12 09:50,2024-11-12 10:05
HBARUSDT,2024-11,3286,3289,0.057231444,0.055972352232,-2.200000000000002,-11.037471452801233,-11.438834051084912,0.2006812991418405,0.2006812991418405,STOP_LOSS,2.1397131266448577,2270.014865636709,2024-11-12 09:50,2024-11-12 10:05
FETUSDT,2024-11,3475,3483,1.310262,1.31681331,0.49999999999998934,3.63202378501866,3.0508999794156626,0.2905619028014988,0.2905619028014988,TRAILING_LOCK,-0.5933498652136165,2273.0657656161247,2024-11-13 01:35,2024-11-13 02:15
APTUSDT,2024-11,3627,3629,11.882376,11.94178788,0.49999999999998934,3.6369052249857368,3.055000388988009,0.290952417998864,0.290952417998864,TRAILING_LOCK,5.9305367597937995,2276.1207660051127,2024-11-13 14:15,2024-11-13 14:25
DOGEUSDT,2024-11,3680,3684,0.39562911,0.39760725555,0.49999999999998934,3.6417932256081373,3.0591063095108284,0.29134345804865447,0.29134345804865447,TRAILING_LOCK,-0.6607665009446997,2279.1798723146235,2024-11-13 18:40,2024-11-13 19:00
DOGEUSDT,2024-11,3685,3687,0.392288442,0.383658096276,-2.200000000000002,-16.04542630109497,-16.628896348407515,0.29173502365627185,0.29173502365627185,STOP_LOSS,2.906729672134279,2262.550975966216,2024-11-13 19:05,2024-11-13 19:15
ENAUSDT,2024-11,3872,3879,0.55631124,0.54407239272,-2.200000000000002,-15.928358870802185,-16.50757192064954,0.2896065249236756,0.2896065249236756,STOP_LOSS,2.1371434087786936,1418.8151088344093,2024-11-14 10:40,2024-11-14 11:15
POLUSDT,2024-11,3877,3902,0.36647328,0.3902940432,6.499999999999995,31.995497188347723,31.601706453721906,0.19689536731290924,0.19689536731290924,TAKE_PROFIT,-3.457404342982802,1942.8521289377172,2024-11-14 11:05,2024-11-14 13:10
NEARUSDT,2024-11,3877,3967,5.1740346,5.510346848999999,6.499999999999995,21.75284266443634,21.48511537010482,0.1338636471657622,0.1338636471657622,TAKE_PROFIT,2.552528086785058,2299.130225869393,2024-11-14 11:05,2024-11-14 18:35
XLMUSDT,2024-11,4400,4437,0.14832965999999997,0.15797108789999997,6.499999999999995,47.82190869808338,47.233331360260806,0.29428866891128236,0.29428866891128236,TAKE_PROFIT,11.159581372991251,2346.363557229654,2024-11-16 06:40,2024-11-16 09:45
HBARUSDT,2024-11,4456,4458,0.082976592,0.081151106976,-2.200000000000002,-16.518399442896747,-17.119068513547536,0.3003345353253957,0.3003345353253957,STOP_LOSS,16.621945807823995,2329.2444887161064,2024-11-16 11:20,2024-11-16 11:30
XLMUSDT,2024-11,4460,4476,0.15423084,0.1642558446,6.499999999999995,48.44828536529501,47.85199877618368,0.29814329455566163,0.29814329455566163,TAKE_PROFIT,23.405045643045558,2377.09648749229,2024-11-16 11:40,2024-11-16 13:00
HBARUSDT,2024-11,4615,4622,0.08806761,0.08613012258,-2.200000000000013,-11.377494255736334,-11.79122131958129,0.2068635319224779,0.2068635319224779,STOP_LOSS,0.6384263757308092,1604.3301218247773,2024-11-17 00:35,2024-11-17 01:10
RENDERUSDT,2024-11,4627,4629,6.9143826,6.948954512999999,0.49999999999998934,2.5669281949195577,2.156219683732415,0.2053542555935715,0.2053542555935715,TRAILING_LOCK,1.6411891427213487,1257.3102057527694,2024-11-17 01:35,2024-11-17 01:45
XRPUSDT,2024-11,4596,4630,1.10632122,1.14702414536,3.6791236237880387,27.986021898100603,27.377485197302576,0.3042683503990132,0.3042683503990132,TRAILING_LOCK,-5.695097668541024,1643.1626337507814,2024-11-16 23:00,2024-11-17 01:50
FETUSDT,2024-11,4627,4633,1.2962592,1.2677414975999999,-2.200000000000002,-7.678803465240214,-7.958032682158039,0.13961460845891266,0.13961460845891266,STOP_LOSS,3.964412500115054,1984.380736824364,2024-11-17 01:35,2024-11-17 02:05
APTUSDT,2024-11,4629,4633,12.062412,11.797038936,-2.200000000000002,-8.851463848499506,-9.173335261172216,0.1609357063363545,0.1609357063363545,STOP_LOSS,4.432985826673213,2377.7076031104143,2024-11-17 01:45,2024-11-17 02:05
BONKUSDT,2024-11,4755,4774,4.8889776e-05,5.206761144e-05,6.499999999999995,49.45631814469657,48.847624998300304,0.3043465731981331,0.3043465731981331,TAKE_PROFIT,8.820048458132238,2426.555228108715,2024-11-17 12:15,2024-11-17 13:50
HBARUSDT,2024-11,4898,4910,0.08787757199999999,0.09358961417999997,6.499999999999995,50.47234874466117,49.85115060626534,0.3105990691979155,0.3105990691979155,TAKE_PROFIT,24.60784353240939,2476.40637871498,2024-11-18 00:10,2024-11-18 01:10
HBARUSDT,2024-11,5011,5022,0.112452486,0.109978531308,-2.200000000000002,-17.433900906153454,-18.06786093910449,0.31698001647551743,0.31698001647551743,STOP_LOSS,11.585414480865282,2458.3385177758755,2024-11-18 09:35,2024-11-18 10:30
ENAUSDT,2024-11,5121,5122,0.56941386,0.5722609292999999,0.49999999999998934,3.9333416284412537,3.3040069678906296,0.31466733027531213,0.31466733027531213,TRAILING_LOCK,2.697907529505013,2461.642524743766,2024-11-18 18:45,2024-11-18 18:50
ENAUSDT,2024-11,5123,5125,0.5690137799999999,0.5564954768399999,-2.200000000000002,-17.329963374196144,-17.960143860530547,0.3150902431672021,0.3150902431672021,STOP_LOSS,5.607327365388783,2443.6823808832355,2024-11-18 18:55,2024-11-18 19:05
RENDERUSDT,2024-11,5129,5235,7.5695136,7.649165836800001,1.0522768173638175,3.803461717665357,3.5143011732227745,0.14458027222129105,0.14458027222129105,TRAILING_LOCK,-0.0021680377120728675,1133.0476779020591,2024-11-18 19:25,2024-11-19 04:15
POLUSDT,2024-11,5129,5283,0.43808759999999997,0.43351328,-1.0441564655105484,-8.16507762449097,-8.790660313997076,0.31279134475305415,0.31279134475305415,STALL_EXIT,2.8803546687197232,1543.82788378402,2024-11-18 19:25,2024-11-19 08:15
BONKUSDT,2024-11,5237,5308,4.8249648e-05,5.1385875119999995e-05,6.499999999999995,23.567391700362812,23.277331494819883,0.14503010277146358,0.14503010277146358,TAKE_PROFIT,3.9196080154253923,1929.8255023102704,2024-11-19 04:25,2024-11-19 10:20
INJUSDT,2024-11,5129,5350,24.744947999999997,24.475104,-1.0905013823427567,-5.797598177186643,-6.222914331466541,0.21265807713994847,0.21265807713994847,STALL_EXIT,2.10375408415015,2455.460438905815,2024-11-18 19:25,2024-11-19 13:50
XRPUSDT,2024-11,5440,5514,1.0775154599999999,1.06548686,-1.1163273703747922,-8.77151262343379,-9.40011049579368,0.3142989361799443,0.3142989361799443,STALL_EXIT,2.6197545035890815,2446.060328410021,2024-11-19 21:20,2024-11-20 03:30
BONKUSDT,2024-11,5759,5785,4.945989e-05,5.010648132e-05,1.3073044036288728,10.232785404391407,9.606593960318442,0.3130957220364827,0.3130957220364827,TRAILING_LOCK,4.27792697377937,2455.6669223703393,2024-11-20 23:55,2024-11-21 02:05
ORDIUSDT,2024-11,5787,5789,34.886976000000004,34.11946252800001,-2.199999999999991,-17.28789513348713,-17.916545865613937,0.31432536606340344,0.31432536606340344,STOP_LOSS,6.537434375378899,1903.2841372988037,2024-11-21 02:15,2024-11-21 02:25
ENAUSDT,2024-11,5788,5790,0.50990196,0.49868411688,-2.200000000000002,-11.75355584019422,-12.180957870746738,0.21370101527625826,0.21370101527625826,STOP_LOSS,9.708727725862289,1816.2748743287875,2024-11-21 02:20,2024-11-21 02:30
CRVUSDT,2024-11,5842,5906,0.35627124,0.37942887059999997,6.499999999999995,37.77851738603875,37.31355101821058,0.23248318391408482,0.23248318391408482,TAKE_PROFIT,11.456990431766062,1853.588425346998,2024-11-21 06:50,2024-11-21 12:10
TIAUSDT,2024-11,5789,5910,4.8729743999999995,5.1897177359999995,6.499999999999995,39.58831005581513,39.10106931666664,0.2436203695742469,0.2436203695742469,TAKE_PROFIT,6.749543651866937,2501.984038968856,2024-11-21 02:25,2024-11-21 12:30
RENDERUSDT,2024-11,6056,6207,7.2404478,7.1475702000000005,-1.2827604392092962,-10.270227663111454,-10.91073557708748,0.3202539569880136,0.3202539569880136,STALL_EXIT,1.810822368698101,1576.3040835213224,2024-11-22 00:40,2024-11-22 13:15
ALGOUSDT,2024-11,6205,6209,0.2375475,0.23232145499999998,-2.200000000000002,-11.975243403494542,-12.410706799985253,0.21773169824535477,0.21773169824535477,STOP_LOSS,6.791686544835046,1603.8212803834554,2024-11-22 13:05,2024-11-22 13:25
HBARUSDT,2024-11,6205,6209,0.133686732,0.130745623896,-2.200000000000002,-8.141632683220623,-8.437692053519553,0.14802968514946585,0.14802968514946585,STOP_LOSS,5.701434496904829,1965.6058308887498,2024-11-22 13:05,2024-11-22 13:25
RENDERUSDT,2024-11,6208,6209,7.1524301999999995,6.9950767356,-2.200000000000002,-11.0971807479901,-11.500714593371558,0.20176692269072927,0.20176692269072927,STOP_LOSS,4.030309817263479,2458.7241899448923,2024-11-22 13:20,2024-11-22 13:25
HBARUSDT,2024-11,6370,6371,0.150890172,0.147570588216,-2.199999999999991,-11.768188836562112,-12.196122976073463,0.21396706975567537,0.21396706975567537,STOP_LOSS,3.6114322294353913,1659.4216094901403,2024-11-23 02:50,2024-11-23 02:55
XRPUSDT,2024-11,6368,6387,1.54010796,1.55841870448,1.1889260334710494,9.354371835361611,8.72493844273572,0.31471669631294624,0.31471669631294624,TRAILING_LOCK,0.41588922805970874,2455.2530054115546,2024-11-23 02:40,2024-11-23 04:15
NEARUSDT,2024-11,6532,6533,6.3202638,6.1812179964,-2.200000000000002,-17.28498115809737,-17.913525927482727,0.314272384692679,0.314272384692679,STOP_LOSS,2.245220985262584,1539.6559445920836,2024-11-23 16:20,2024-11-23 16:25
JUPUSDT,2024-11,6532,6533,1.1519303399999998,1.1265878725199998,-2.200000000000002,-11.751574709917968,-12.178904699369529,0.21366499472578104,0.21366499472578104,STOP_LOSS,1.5721922729721067,2061.8531917018927,2024-11-23 16:20,2024-11-23 16:25
ORDIUSDT,2024-11,6532,6541,38.927784,38.071372752,-2.200000000000002,-7.989566601181346,-8.280096295769757,0.14526484729420622,0.14526484729420622,STOP_LOSS,6.7206067526566615,2416.8804784889326,2024-11-23 16:20,2024-11-23 17:05
BONKUSDT,2024-11,6680,6692,4.7629524e-05,4.6581674472e-05,-2.200000000000002,-11.567912327285455,-11.988563684641289,0.21032567867791713,0.21032567867791713,STOP_LOSS,2.529590319275196,1273.5514569114898,2024-11-24 04:40,2024-11-24 05:40
XLMUSDT,2024-11,6691,6692,0.5658131399999999,0.5533652509199999,-2.200000000000013,-7.864699689776243,-8.15068876940447,0.1429945398141129,0.1429945398141129,STOP_LOSS,8.192554376088603,1623.0301122171818,2024-11-24 05:35,2024-11-24 05:40
POLUSDT,2024-11,6680,6736,0.5766153,0.5639297634,-2.200000000000013,-17.014838568562144,-17.63355997105531,0.3093607012465834,0.3093607012465834,STOP_LOSS,1.4488039345078565,2379.1076660638314,2024-11-24 04:40,2024-11-24 09:20
XLMUSDT,2024-11,6802,6804,0.47439486,0.47676683429999994,0.49999999999998934,3.8065722657020795,3.197520703189739,0.3045257812561704,0.3045257812561704,TRAILING_LOCK,14.66821109792117,2382.305186767021,2024-11-24 14:50,2024-11-24 15:00
XLMUSDT,2024-11,6805,6806,0.46879374,0.45848027772,-2.200000000000002,-16.77142851483986,-17.38129864265222,0.30493506390617875,0.30493506390617875,STOP_LOSS,19.241770380770213,2364.9238881243687,2024-11-24 15:05,2024-11-24 15:10
XLMUSDT,2024-11,6909,6913,0.5260051800000001,0.53547327324,1.8000000000000016,13.621961595596325,13.016541080236486,0.3027102576799192,0.3027102576799192,TRAILING_LOCK,3.403853688105676,2377.940429204605,2024-11-24 23:45,2024-11-25 00:05
ALGOUSDT,2024-11,6915,6925,0.27585516,0.26978634648,-2.200000000000002,-11.38153361300871,-11.795407562572663,0.20693697478197673,0.20693697478197673,STOP_LOSS,4.675423231966661,1604.8997079216203,2024-11-25 00:15,2024-11-25 01:05
XLMUSDT,2024-11,6913,6928,0.5227045199999999,0.54742754576,4.729828194330543,35.99119899676925,35.382446246892876,0.3043763749381895,0.3043763749381895,TRAILING_LOCK,2.0226337395258422,1887.7541341913925,2024-11-25 00:05,2024-11-25 01:20
FILUSDT,2024-11,6925,6928,5.522104199999999,5.400617907599999,-2.200000000000002,-11.298493943768227,-11.70934826899616,0.2054271626139674,0.2054271626139674,STOP_LOSS,5.099084903089897,2389.818119619929,2024-11-25 01:05,2024-11-25 01:20
POLUSDT,2024-11,6929,6930,0.54550908,0.5482366254,0.49999999999998934,2.599632679395561,2.183691450692267,0.20797061435164674,0.20797061435164674,TRAILING_LOCK,3.2400926492351037,1273.329228874205,2024-11-25 01:25,2024-11-25 01:30
RENDERUSDT,2024-11,6929,7026,7.7605518,8.264987667,6.499999999999995,22.976427097078442,22.69364030203748,0.14139339752048277,0.14139339752048277,TAKE_PROFIT,0.09694307266774445,1649.64775637497,2024-11-25 01:25,2024-11-25 09:30
BONKUSDT,2024-11,6928,7063,4.5949188e-05,4.5350928e-05,-1.3020034216926657,-9.956964380698475,-10.568757819321176,0.30589671931135093,0.30589671931135093,STALL_EXIT,8.04630061814831,2404.1266935533376,2024-11-25 01:20,2024-11-25 12:35
ICPUSDT,2024-11,7070,7088,12.151429799999999,12.310182842399998,1.3064556600573818,10.050831764120925,9.435375330571272,0.3077282167748272,0.3077282167748272,TRAILING_LOCK,-0.9844113930022833,2413.562068883909,2024-11-25 13:10,2024-11-25 14:40
HBARUSDT,2024-11,7489,7496,0.136597314,0.133592173092,-2.200000000000002,-16.99147696494271,-17.60934885457699,0.3089359448171404,0.3089359448171404,STOP_LOSS,2.700627457804292,2395.9527200293323,2024-11-27 00:05,2024-11-27 00:40
ENSUSDT,2024-11,8530,8531,42.298458,41.367891924,-2.199999999999991,-11.467745820409325,-11.884754759333303,0.20850446946198814,0.20850446946198814,STOP_LOSS,-1.2519176102844556,1617.0564129124489,2024-11-30 14:50,2024-11-30 14:55
XRPUSDT,2024-11,8506,8639,1.8393678,1.9513,6.08536259034218,46.65677136222432,46.043407465896806,0.30668194816375455,0.30668194816375455,MONTH_END,0.0,2430.1113727358957,2024-11-30 12:50,2024-11-30 23:55
HBARUSDT,2024-12,165,239,0.191498292,0.20394568098,6.499999999999995,50.54631655290664,49.924208041486246,0.3110542557101946,0.3110542557101946,TAKE_PROFIT,8.3474771018414,2480.0355807773817,2024-12-01 13:45,2024-12-01 19:55
TIAUSDT,2024-12,298,335,7.8075612,7.953309265600001,1.8667553396827685,14.814782921662216,14.179893812983208,0.3174445543395049,0.3174445543395049,TRAILING_LOCK,-1.9904829588951962,2494.215474590365,2024-12-02 00:50,2024-12-02 03:55
DOGEUSDT,2024-12,335,338,0.444028788,0.434260154664,-2.200000000000002,-11.93806073251057,-12.37217203187459,0.21705564968200966,0.21705564968200966,STOP_LOSS,2.0102800688114155,1683.3750911088257,2024-12-02 03:55,2024-12-02 04:10
BONKUSDT,2024-12,335,340,4.4188836e-05,4.3216681607999996e-05,-2.200000000000002,-17.559276941116206,-18.19779610261134,0.3192595807475667,0.3192595807475667,STOP_LOSS,1.7662586843750308,1924.7500052893924,2024-12-02 03:55,2024-12-02 04:20
GALAUSDT,2024-12,338,369,0.04355871,0.04639002615,6.499999999999995,35.01420189506356,34.5832578717397,0.2154720116619297,0.2154720116619297,TAKE_PROFIT,1.4873323152890645,2498.228764327618,2024-12-02 04:10,2024-12-02 06:45
GALAUSDT,2024-12,496,530,0.041818362,0.044536555529999994,6.499999999999995,35.32829635838763,34.893486557053635,0.21740490066700113,0.21740490066700113,TAKE_PROFIT,5.531286469472523,1363.7027039476852,2024-12-02 17:20,2024-12-02 20:10
FILUSDT,2024-12,496,530,6.966393,7.419208545,6.499999999999995,24.018719501769752,23.7231044925172,0.1478075046262754,0.1478075046262754,TAKE_PROFIT,0.9272074586225341,1757.092377510517,2024-12-02 17:20,2024-12-02 20:10
ALGOUSDT,2024-12,541,542,0.51490296,0.50357509488,-2.200000000000013,-12.369930337674104,-12.819745986316795,0.2249078243213462,0.2249078243213462,STOP_LOSS,7.531132001084641,1744.2726315242003,2024-12-02 21:05,2024-12-02 21:10
HBARUSDT,2024-12,543,566,0.280916172,0.29917572318,6.499999999999995,36.28087073570336,35.83433694203316,0.22326689683509762,0.22326689683509762,TAKE_PROFIT,29.856793148372457,1780.1069684662334,2024-12-02 21:15,2024-12-02 23:10
POLUSDT,2024-12,496,569,0.61082214,0.6505255791,6.499999999999995,51.9631582980144,51.323611734346535,0.3197732818339351,0.3197732818339351,TAKE_PROFIT,4.7921898694790315,2631.1835580672514,2024-12-02 17:20,2024-12-02 23:25
HBARUSDT,2024-12,640,650,0.35097017999999996,0.3527250308999999,0.49999999999998934,4.209893692907454,3.536310702042238,0.3367914954326082,0.3367914954326082,TRAILING_LOCK,1.254509522250104,2634.7198687692935,2024-12-03 05:20,2024-12-03 06:10
CRVUSDT,2024-12,660,685,0.7728545400000001,0.8230900851,6.499999999999995,25.330985855789425,25.01921987602586,0.1558829898817813,0.1558829898817813,TAKE_PROFIT,16.998129054488828,1242.855078327442,2024-12-03 07:00,2024-12-03 09:05
JUPUSDT,2024-12,660,687,1.19143824,1.2009697459200002,0.8000000000000007,6.744882864049441,6.070394577644502,0.3372441432024696,0.3372441432024696,TRAILING_LOCK,-0.08074690668059563,2092.373075054463,2024-12-03 07:00,2024-12-03 09:15
ICPUSDT,2024-12,660,742,13.747748999999999,13.4183158,-2.396270109382992,-13.73559100885767,-14.194156709112368,0.22928285012734936,0.22928285012734936,STALL_EXIT,4.297739064987567,1526.3913553411069,2024-12-03 07:00,2024-12-03 13:50
JUPUSDT,2024-12,739,742,1.14942984,1.12414238352,-2.200000000000002,-14.730306448383466,-15.265953955597407,0.26782375360697125,0.26782375360697125,STOP_LOSS,4.915535370792907,2180.9526091565444,2024-12-03 13:35,2024-12-03 13:50
NEARUSDT,2024-12,739,742,7.1434284,6.9862729752,-2.200000000000002,-10.014722905675331,-10.378894647699887,0.18208587101227874,0.18208587101227874,STOP_LOSS,2.6012013192885206,2625.9704779105537,2024-12-03 13:35,2024-12-03 13:50
ALGOUSDT,2024-12,857,864,0.51100218,0.5135571909,0.49999999999998934,2.8565180812127924,2.3994751882187435,0.22852144649702452,0.22852144649702452,TRAILING_LOCK,5.148951191523483,1399.1545784312873,2024-12-03 23:25,2024-12-04 00:00
CRVUSDT,2024-12,806,878,0.8585716800000001,0.9143788392000001,6.499999999999995,54.62018594053952,53.94793749819441,0.33612422117255086,0.33612422117255086,TAKE_PROFIT,5.711107755477894,2293.7491930820315,2024-12-03 19:10,2024-12-04 01:10
TRXUSDT,2024-12,941,943,0.3885777,0.3905205885,0.49999999999998934,3.669998708931178,3.082798915502178,0.29359989671450004,0.29359989671450004,TRAILING_LOCK,2.4273781662602496,2296.831991997534,2024-12-04 06:25,2024-12-04 06:35
TRXUSDT,2024-12,1009,1012,0.38137625999999997,0.37298598227999996,-2.200000000000002,-16.169697223662652,-16.757686213614022,0.29399449497568436,0.29399449497568436,STOP_LOSS,3.4891439191488023,2280.07430578392,2024-12-04 12:05,2024-12-04 12:20
ENSUSDT,2024-12,1012,1034,41.73834599999999,42.07225276799999,0.8000000000000007,3.9684062167601115,3.5715655950840985,0.19842031083800643,0.19842031083800643,TRAILING_LOCK,11.712582302576475,1553.7302440170092,2024-12-04 12:20,2024-12-04 14:10
XRPUSDT,2024-12,858,1054,2.5219042799999998,2.49780034,-0.9557833019736894,-3.712389771635757,-4.023120437381407,0.15536533287282506,0.15536533287282506,STALL_EXIT,0.9608318013120244,1440.8832655378862,2024-12-03 23:30,2024-12-04 15:50
TRXUSDT,2024-12,1037,1060,0.35177034,0.35810220612000004,1.8000000000000016,8.949486205538014,8.55173126306966,0.1988774712341772,0.1988774712341772,TRAILING_LOCK,-3.323689694335926,1946.827552357633,2024-12-04 14:25,2024-12-04 16:20
HBARUSDT,2024-12,1060,1064,0.290418072,0.284028874416,-2.200000000000013,-13.705665968597797,-14.20405382200135,0.24919392670177704,0.24919392670177704,STOP_LOSS,7.080662353555106,1508.9041452258207,2024-12-04 16:20,2024-12-04 16:40
BONKUSDT,2024-12,1060,1066,4.1458289999999995e-05,4.0546207619999997e-05,-2.200000000000002,-9.318098533402464,-9.656938480071647,0.16941997333459055,0.16941997333459055,STOP_LOSS,4.621375191389602,1922.96656005556,2024-12-04 16:20,2024-12-04 16:50
ICPUSDT,2024-12,1012,1072,14.6389272,14.3291336,-2.116231577406835,-15.440528783148517,-16.024227805429202,0.29184951114034174,0.29184951114034174,STALL_EXIT,7.550117335775271,2636.8579596121253,2024-12-04 12:20,2024-12-04 17:20
ALGOUSDT,2024-12,1115,1138,0.48429684,0.48817121472,0.8000000000000007,6.750356376607072,6.075320738946368,0.3375178188303521,0.3375178188303521,TRAILING_LOCK,1.153035064394055,1678.851790999258,2024-12-04 20:55,2024-12-04 22:50
NEARUSDT,2024-12,1115,1156,7.4334864000000005,7.5447981632,1.497436831255916,8.590380105907458,8.131442276859799,0.22946891452382912,0.22946891452382912,TRAILING_LOCK,0.5858584397339616,1723.4375223512038,2024-12-04 20:55,2024-12-05 00:20
ORDIUSDT,2024-12,1145,1165,46.499298,45.476313444,-2.200000000000013,-11.819116608634824,-12.248902667130634,0.21489302924790502,0.21489302924790502,STOP_LOSS,8.84787321416194,1696.9154786778374,2024-12-04 23:25,2024-12-05 01:05
ICPUSDT,2024-12,1157,1166,14.4238842,14.1065587476,-2.200000000000002,-12.133000157352493,-12.5742001630744,0.2206000028609541,0.2206000028609541,STOP_LOSS,3.398711627536872,1692.8317273118305,2024-12-05 00:25,2024-12-05 01:10
APTUSDT,2024-12,1165,1166,13.502699999999999,13.205640599999999,-2.200000000000002,-11.946284969891986,-12.380695332433513,0.21720518127076321,0.21720518127076321,STOP_LOSS,5.788128142757436,2223.6811903375756,2024-12-05 01:05,2024-12-05 01:10
JUPUSDT,2024-12,1115,1277,1.2736546800000002,1.3564422342,6.499999999999995,25.351542101460968,25.03952312175068,0.15600948985514473,0.15600948985514473,TAKE_PROFIT,6.160068132151643,2638.9004475870433,2024-12-04 20:55,2024-12-05 10:25
RENDERUSDT,2024-12,1325,1390,9.8859768,9.767046200000001,-1.2030232561338727,-10.158907549021716,-10.834466063604001,0.33777925729114155,0.33777925729114155,STALL_EXIT,6.326926148869845,2628.0659815234394,2024-12-05 14:25,2024-12-05 19:50
HBARUSDT,2024-12,1964,2314,0.321054198,0.316706646,-1.3541489340687662,-11.38813679213554,-12.060921683405542,0.33639244563500026,0.33639244563500026,STALL_EXIT,0.8977879169608649,2616.005059840034,2024-12-07 19:40,2024-12-09 00:50
POLUSDT,2024-12,2407,2416,0.65002998,0.63572932044,-2.200000000000002,-18.41667562127389,-19.086372916592936,0.3348486476595244,0.3348486476595244,STOP_LOSS,2.4649924199113618,2596.918686923441,2024-12-09 08:35,2024-12-09 09:20
BONKUSDT,2024-12,2743,2775,3.6637326e-05,3.7040352087999995e-05,1.100042312039906,6.215053557226497,5.763067048038398,0.22599325459404973,0.22599325459404973,TRAILING_LOCK,-2.2957451537710605,1387.06550710965,2024-12-10 12:35,2024-12-10 15:15
ICPUSDT,2024-12,2743,2778,11.8983792,12.170219449600001,2.284683023045697,8.775837952149075,8.468544980174343,0.1536464859873658,0.1536464859873658,TRAILING_LOCK,-3.2556475356985,1779.8039135442264,2024-12-10 12:35,2024-12-10 15:30
ALGOUSDT,2024-12,2743,2780,0.4070814,0.4182150232,2.7349869583822795,22.7281239702875,22.063312786435098,0.33240559192620045,0.33240559192620045,TRAILING_LOCK,-3.4228859332856216,2633.2136117380887,2024-12-10 12:35,2024-12-10 15:40
BONKUSDT,2024-12,2897,2983,3.4436886e-05,3.667528359e-05,6.499999999999995,25.316504249602445,25.004916504991954,0.1557938723052458,0.1557938723052458,TAKE_PROFIT,3.9392099217302965,1242.1445438897247,2024-12-11 01:25,2024-12-11 08:35
HBARUSDT,2024-12,2897,3015,0.27545507999999996,0.2933596601999999,6.499999999999995,37.237162656503564,36.77885911611583,0.22915177019386854,0.22915177019386854,TAKE_PROFIT,4.615610677612887,1852.0319802607055,2024-12-11 01:25,2024-12-11 11:15
APTUSDT,2024-12,2889,3031,11.332266,12.06886329,6.499999999999995,54.77084312415215,54.096740439547204,0.33705134230247535,0.33705134230247535,TAKE_PROFIT,7.300908866289759,2749.0941277987436,2024-12-11 00:45,2024-12-11 12:35
ENSUSDT,2024-12,3178,3214,39.017801999999996,41.553959129999996,6.499999999999995,57.18115785821386,56.477389761497385,0.35188404835823917,0.35188404835823917,TAKE_PROFIT,0.18299308078471185,2805.571517560241,2024-12-12 00:50,2024-12-12 03:50
POLUSDT,2024-12,3290,3401,0.63822762,0.63147368,-1.0582337379883344,-9.500641389508374,-10.218867698003795,0.35911315424771084,0.35911315424771084,STALL_EXIT,0.25754359231567003,2795.352649862237,2024-12-12 10:10,2024-12-12 19:25
TIAUSDT,2024-12,3723,3894,6.931386,6.8276342,-1.496840603019356,-13.389431507428982,-14.105041785793714,0.35780513918236634,0.35780513918236634,STALL_EXIT,0.21040670280782348,2781.247608076443,2024-12-13 22:15,2024-12-14 12:30
BONKUSDT,2024-12,4291,4326,3.4996998e-05,3.727180287e-05,6.499999999999995,26.739747423145,26.410642839475525,0.16455229183473846,0.16455229183473846,TAKE_PROFIT,1.5512990665267494,1311.9754227983697,2024-12-15 21:35,2024-12-16 00:30
GALAUSDT,2024-12,4290,4332,0.04880976,0.0519823944,6.499999999999995,39.33056137500145,38.84649292730913,0.24203422384616288,0.24203422384616288,TAKE_PROFIT,-0.23545356348571028,1956.149509564932,2024-12-15 21:30,2024-12-16 01:00
TIAUSDT,2024-12,4290,4438,6.6553308,6.5846828,-1.061524995872476,-9.447564338187744,-10.159563725855312,0.35599969383378477,0.35599969383378477,STALL_EXIT,0.08075104240403906,2836.3451801173724,2024-12-15 21:30,2024-12-16 09:50
ENSUSDT,2024-12,4461,4467,46.049208,45.036125424,-2.200000000000002,-19.967870068026343,-20.693974434136393,0.3630521830550237,0.3630521830550237,STOP_LOSS,2.6731308803009344,2815.651205683236,2024-12-16 11:45,2024-12-16 12:15
CRVUSDT,2024-12,4610,4695,1.0512101999999999,1.1195388629999998,6.499999999999995,58.56554507821128,57.844738369556374,0.36040335432745424,0.36040335432745424,TAKE_PROFIT,2.042013703636857,2873.4959440527928,2024-12-17 00:10,2024-12-17 07:15
CRVUSDT,2024-12,5048,5062,1.0395078599999998,1.0447053992999997,0.49999999999998934,4.597593510484369,3.8619785488068548,0.3678074808387575,0.3678074808387575,TRAILING_LOCK,0.5738077647552025,1826.7574383053907,2024-12-18 12:40,2024-12-18 13:50
GALAUSDT,2024-12,5048,5135,0.043388676,0.042711456,-1.5608219988090921,-9.757557063710902,-10.257681078936518,0.2500620076128078,0.2500620076128078,STALL_EXIT,1.1204113481872344,2441.9048382660862,2024-12-18 12:40,2024-12-18 19:55
TIAUSDT,2024-12,5048,5136,6.1272252,6.0427912,-1.3780136561652667,-5.856907959078995,-6.1969282735584645,0.17001015723973487,0.17001015723973487,STALL_EXIT,0.21858772813464303,2860.9033132491045,2024-12-18 12:40,2024-12-18 20:00
APTUSDT,2024-12,5911,5919,10.262051999999999,10.036286855999998,-2.200000000000002,-20.14075932527373,-20.873150573465498,0.3661956240958854,0.3661956240958854,STOP_LOSS,0.036997188833645556,1794.0337649271419,2024-12-21 12:35,2024-12-21 13:15
CRVUSDT,2024-12,5911,5919,0.8391677999999999,0.8207061083999999,-2.200000000000002,-13.693138323992478,-14.191070626683114,0.24896615134531783,0.24896615134531783,STOP_LOSS,1.912242572508203,2402.5070388150984,2024-12-21 12:35,2024-12-21 13:15
INJUSDT,2024-12,5912,5920,21.614321999999998,21.138806915999997,-2.200000000000002,-9.309581338609439,-9.648111569104328,0.1692651152474439,0.1692651152474439,STOP_LOSS,1.9452047867884705,2816.190980479851,2024-12-21 12:40,2024-12-21 13:20
APTUSDT,2024-12,5990,5995,9.35187,9.398629349999998,0.49999999999998934,4.505905568767621,3.7849606777647784,0.360472445501421,0.360472445501421,TRAILING_LOCK,2.3553503575497508,2819.975941157616,2024-12-21 19:10,2024-12-21 19:35
ENAUSDT,2024-12,6027,6148,1.0016002800000001,1.0667042982000001,6.499999999999995,58.655499576078405,57.93358573514205,0.36095692046817485,0.36095692046817485,TAKE_PROFIT,4.1150768656385175,2877.909526892758,2024-12-21 22:15,2024-12-22 08:20
CRVUSDT,2024-12,8239,8299,0.9585916800000001,0.94251146,-1.6774837853798297,-15.448469014888747,-16.185213853773295,0.36837241944227306,0.36837241944227306,STALL_EXIT,1.1234388598309437,2861.7243130389847,2024-12-29 14:35,2024-12-29 19:35
BONKUSDT,2025-01,1051,1250,3.485697e-05,3.4523094000000005e-05,-0.9578457335792323,-8.771489356557966,-9.504090780695945,0.36630071206899006,0.36630071206899006,STALL_EXIT,1.3234792918618339,1805.9236525959805,2025-01-04 15:35,2025-01-05 08:10
NEARUSDT,2025-01,1052,1251,5.7641526,5.717856200000001,-0.8031779033747188,-5.000537389870676,-5.498612585302212,0.2490375977157684,0.2490375977157684,STALL_EXIT,0.8245013227160005,2423.268071897815,2025-01-04 15:40,2025-01-05 08:15
DOGEUSDT,2025-01,1052,1322,0.380966178,0.377734438,-0.8483010268696356,-3.590724419494759,-3.929351798763189,0.1693136896342149,0.1693136896342149,STALL_EXIT,2.069062604241554,2842.792257874223,2025-01-04 15:40,2025-01-05 14:10
ALGOUSDT,2025-01,1870,1907,0.40898177999999996,0.41259221863999995,0.8827871598583226,8.030657610867195,7.302902792851393,0.3638774090079006,0.3638774090079006,TRAILING_LOCK,-1.0887792927378352,2850.095160667074,2025-01-07 11:50,2025-01-07 14:55
ENAUSDT,2025-01,3496,3516,0.8363672400000001,0.84305817792,0.8000000000000007,7.2962436113076805,6.56661925017691,0.3648121805653855,0.3648121805653855,TRAILING_LOCK,-1.655660105740012,2856.661779917251,2025-01-13 03:20,2025-01-13 05:00
ENAUSDT,2025-01,4143,4165,0.7969593599999999,0.7794262540799999,-2.200000000000002,-20.110898930617463,-20.84220434627628,0.3656527078294081,0.3656527078294081,STOP_LOSS,14.982013411626049,2835.8195755709744,2025-01-15 09:15,2025-01-15 11:05
XRPUSDT,2025-01,4328,4404,2.93868762,3.1297023153,6.499999999999995,58.985047171876204,58.25907736053003,0.3629849056730847,0.3629849056730847,TAKE_PROFIT,0.6485500106758362,2894.0786529315046,2025-01-16 00:40,2025-01-16 07:00
XLMUSDT,2025-01,4497,4590,0.49049808,0.48400318,-1.32414381723982,-12.262964335631995,-13.003848470782462,0.3704420675752326,0.3704420675752326,STALL_EXIT,2.5199875752882446,1822.9489210210559,2025-01-16 14:45,2025-01-16 22:30
POLUSDT,2025-01,4497,4710,0.47319462,0.5039522703,6.499999999999995,40.92614327205763,40.422436893324615,0.2518531893665085,0.2518531893665085,TAKE_PROFIT,2.5890804484783385,2493.256184520018,2025-01-16 14:45,2025-01-17 08:30
RENDERUSDT,2025-01,4497,4710,7.356471,7.834641615,6.499999999999995,27.824538878660352,27.482083015538375,0.17122793156098687,0.17122793156098687,TAKE_PROFIT,2.4041735953738317,2948.9793243695844,2025-01-16 14:45,2025-01-17 08:30
HBARUSDT,2025-01,4967,4992,0.35091016799999997,0.35422907798399994,0.9458004602477033,8.925267207199045,8.17032850016043,0.3774693535193068,0.3774693535193068,TRAILING_LOCK,0.11882762939610873,2957.149652869745,2025-01-18 05:55,2025-01-18 08:00
HBARUSDT,2025-01,5090,5203,0.344928972,0.36734935518,6.499999999999995,61.5087127796907,60.75168246855604,0.37851515556732734,0.37851515556732734,TAKE_PROFIT,1.0101133342623656,3017.9013353383007,2025-01-18 16:10,2025-01-19 01:35
JUPUSDT,2025-01,5299,5300,1.11982392,1.0951877937599999,-2.200000000000013,-21.246025400781733,-22.018608142628338,0.3862913709233025,0.3862913709233025,STOP_LOSS,10.939877792890735,2995.8827271956725,2025-01-19 09:35,2025-01-19 09:40
BONKUSDT,2025-01,5327,5345,3.220643999999999e-05,3.429985859999999e-05,6.499999999999995,62.31436072566984,61.547414747507744,0.3834729890810461,0.3834729890810461,TAKE_PROFIT,2.595175129963984,3057.4301419431804,2025-01-19 11:55,2025-01-19 13:25
JUPUSDT,2025-01,5356,5359,1.07591514,1.0812947157,0.49999999999998934,4.891888227109013,4.109186110771559,0.3913510581687271,0.3913510581687271,TRAILING_LOCK,0.6016199104227429,3061.539328053952,2025-01-19 14:20,2025-01-19 14:35
JUPUSDT,2025-01,5360,5375,1.06451286,1.07302896288,0.8000000000000007,7.837540679818157,7.053786611836345,0.3918770339909059,0.3918770339909059,TRAILING_LOCK,1.3765739445051626,3068.593114665788,2025-01-19 14:40,2025-01-19 15:55
JUPUSDT,2025-01,5437,5441,1.05441084,1.0596828942,0.49999999999998934,4.909748983465248,4.124189146110807,0.3927799186772209,0.3927799186772209,TRAILING_LOCK,-0.8760067989026199,3072.717303811899,2025-01-19 21:05,2025-01-19 21:25
CRVUSDT,2025-01,5445,5446,0.86997396,0.85083453288,-2.200000000000002,-14.706943389791551,-15.241741331238515,0.26739897072348207,0.26739897072348207,STOP_LOSS,1.8411884467093533,2073.812717445965,2025-01-19 21:45,2025-01-19 21:50
ORDIUSDT,2025-01,5445,5448,22.75455,22.2539499,-2.200000000000002,-21.63192981883576,-22.418545448611606,0.3933078148879231,0.3933078148879231,STOP_LOSS,1.7796845134445103,3035.057017032049,2025-01-19 21:45,2025-01-19 22:00
BONKUSDT,2025-01,6017,6028,3.3706739999999996e-05,3.387527369999999e-05,0.49999999999998934,4.856091227251133,4.079116630890928,0.38848729818010225,0.38848729818010225,TRAILING_LOCK,0.9881139351503105,3039.1361336629398,2025-01-21 21:25,2025-01-21 22:20
ENAUSDT,2025-01,6326,6362,0.8421683999999999,0.8489057471999999,0.8000000000000007,7.780188502177087,7.002169651959375,0.38900942510885633,0.38900942510885633,TRAILING_LOCK,0.9652723906072855,3046.138303314899,2025-01-22 23:10,2025-01-23 02:10
JUPUSDT,2025-01,7441,7442,1.1657331,1.1400869718,-2.200000000000002,-14.579728349481206,-15.10990028946234,0.2650859699905673,0.2650859699905673,STOP_LOSS,1.4834857882199395,2055.8742402618445,2025-01-26 20:05,2025-01-26 20:10
FETUSDT,2025-01,7059,7497,1.1722344,1.1627674000000001,-0.8076029845225374,-7.872225232081726,-8.65203663773034,0.3899057028243071,0.3899057028243071,STALL_EXIT,-0.06599772233038143,3022.376366387706,2025-01-25 12:15,2025-01-27 00:45
RENDERUSDT,2025-01,8023,8038,5.668133399999999,5.543434465199999,-2.200000000000013,-21.27752961936954,-22.051257969164794,0.3868641748976264,0.3868641748976264,STOP_LOSS,3.2753257198188974,2342.5167895082277,2025-01-28 20:35,2025-01-28 21:50
ENAUSDT,2025-01,8025,8040,0.67493496,0.66008639088,-2.200000000000002,-14.465996617379936,-14.992032858011935,0.263018120315999,0.263018120315999,STOP_LOSS,2.1987438796686973,2985.3330755605293,2025-01-28 20:45,2025-01-28 22:00
FETUSDT,2025-01,8173,8220,0.990198,0.968413644,-2.200000000000002,-21.016744851946186,-21.780990119289683,0.3821226336717478,0.3821226336717478,STOP_LOSS,1.1964263485738353,2963.5520854412393,2025-01-29 09:05,2025-01-29 13:00
CRVUSDT,2025-01,8296,8301,0.67923582,0.7233861483,6.499999999999995,61.641883377177756,60.8832140433048,0.37933466693647866,0.37933466693647866,TAKE_PROFIT,3.1537584391979077,3024.435299484544,2025-01-29 19:20,2025-01-29 19:45
JUPUSDT,2025-02,923,926,0.9786957000000001,0.9571643946,-2.200000000000002,-21.29202450837122,-22.066279945039263,0.38712771833402165,0.38712771833402165,STOP_LOSS,0.34848824494709185,3002.3690195395047,2025-02-04 04:55,2025-02-04 05:10
ENAUSDT,2025-02,1346,1360,0.56221242,0.5650234821,0.49999999999998934,4.803790431263084,4.03518396226097,0.38430323450105663,0.38430323450105663,TRAILING_LOCK,0.5267954331627548,3006.4042035017656,2025-02-05 16:10,2025-02-05 17:20
FETUSDT,2025-02,2124,2347,0.6991398,0.7445838869999999,6.499999999999995,62.53320743283661,61.763567956740154,0.384819738048226,0.384819738048226,TAKE_PROFIT,3.5477685538473294,3068.1677714585057,2025-02-08 09:00,2025-02-09 03:35
NEARUSDT,2025-02,2563,2565,3.130626,3.061752228,-2.200000000000002,-21.599901111067844,-22.385352060561225,0.39272547474668873,0.39272547474668873,STOP_LOSS,6.0503841658345925,2378.0077814265255,2025-02-09 21:35,2025-02-09 21:45
RENDERUSDT,2025-02,2564,2654,4.102820400000001,4.3695037260000005,6.499999999999995,43.38799626963435,42.85399016170039,0.26700305396698076,0.26700305396698076,TAKE_PROFIT,1.6362561627896721,1809.8055016314333,2025-02-09 21:40,2025-02-10 05:10
HBARUSDT,2025-02,2613,2759,0.227425476,0.24220813194,6.499999999999995,49.46256185367173,48.85379186162653,0.3043849960225953,0.3043849960225953,TAKE_PROFIT,0.5374997319753559,2619.926168545571,2025-02-10 01:45,2025-02-10 13:55
ORDIUSDT,2025-02,2613,3026,11.882376,11.777644,-0.8814062103404297,-4.560017521246289,-4.973903193278037,0.2069428360158739,0.2069428360158739,STALL_EXIT,0.10491062558860414,3132.5162982279935,2025-02-10 01:45,2025-02-11 12:10
INJUSDT,2025-02,3047,3106,14.492898,14.786085224,2.0229716927560037,13.786698521503975,13.241492730602506,0.27260289545073446,0.27260289545073446,TRAILING_LOCK,-1.7319339102978872,2142.951613439465,2025-02-11 13:55,2025-02-11 18:50
ORDIUSDT,2025-02,3047,3110,11.162232,11.077784000000001,-0.7565511987208118,-7.583708673398002,-8.385632845744368,0.4009620861731832,0.4009620861731832,STALL_EXIT,1.283794665070193,3137.3721581128516,2025-02-11 13:55,2025-02-11 19:10
ENAUSDT,2025-02,3205,3298,0.42698537999999997,0.42501498,-0.46146779077071987,-4.632947835615738,-5.436115108092629,0.40158363623844506,0.40158363623844506,STALL_EXIT,4.1610345122423675,3131.936043004759,2025-02-12 03:05,2025-02-12 10:50
GALAUSDT,2025-02,4669,4778,0.022024404,0.02345599026,6.499999999999995,65.14426969449895,64.34249406748972,0.40088781350460917,0.40088781350460917,TAKE_PROFIT,0.1023608030778603,2051.187822614954,2025-02-17 05:05,2025-02-17 14:10
FETUSDT,2025-02,4669,4805,0.770154,0.7618476000000001,-1.0785375392453944,-7.348949857963487,-7.894054657049499,0.27255239954300564,0.27255239954300564,STALL_EXIT,1.7263820218111803,2724.9473192149617,2025-02-17 05:05,2025-02-17 16:25
ORDIUSDT,2025-02,4673,4813,12.062412,11.94761,-0.9517333680859275,-4.408922553266189,-4.779524043230394,0.1853007449821023,0.1853007449821023,STALL_EXIT,1.8613764593923035,3183.604958371969,2025-02-17 05:25,2025-02-17 17:05
JUPUSDT,2025-02,4937,4947,0.76685334,0.7706876066999999,0.49999999999998934,5.0937679333949735,4.278765064051749,0.4075014346716121,0.4075014346716121,TRAILING_LOCK,0.32599373314926855,3187.883723436021,2025-02-18 03:25,2025-02-18 04:15
BONKUSDT,2025-02,4960,4968,1.5943188e-05,1.5592437864e-05,-2.200000000000002,-15.25816429505204,-15.813006633053934,0.2774211690009465,0.2774211690009465,STOP_LOSS,1.7801073726953018,2151.53987618684,2025-02-18 05:20,2025-02-18 06:00
JUPUSDT,2025-02,4960,4970,0.73454688,0.74776872384,1.8000000000000016,18.362210246991513,17.546112013791895,0.4080491165998107,0.4080491165998107,TRAILING_LOCK,0.4321224005473862,3189.6168288167582,2025-02-18 05:20,2025-02-18 06:10
APTUSDT,2025-02,4970,5072,5.591118,5.635846944,0.8000000000000007,8.16541908177091,7.34887717359382,0.4082709540885451,0.4082709540885451,TRAILING_LOCK,-1.1683593371906795,2502.7581587550358,2025-02-18 06:10,2025-02-18 14:40
ORDIUSDT,2025-02,4980,5073,11.512302,11.661852376,1.2990484092582077,9.014486304788864,8.45934232459269,0.2775719900980873,0.2775719900980873,TRAILING_LOCK,-1.7308774754807417,3205.425048314945,2025-02-18 07:00,2025-02-18 14:45
ORDIUSDT,2025-02,5074,5085,11.382276000000001,11.131865928,-2.200000000000013,-22.566192340137313,-23.38678115250594,0.410294406184313,0.410294406184313,STOP_LOSS,1.1510565508851853,3182.038267162439,2025-02-18 14:50,2025-02-18 15:45
ENAUSDT,2025-02,5361,5365,0.41348268,0.40438606103999997,-2.200000000000002,-22.401549400823633,-23.216151197217215,0.4073008981967922,0.4073008981967922,STOP_LOSS,1.462448766109931,3158.8221159652217,2025-02-19 14:45,2025-02-19 15:05
ENAUSDT,2025-02,5448,5523,0.38867772,0.41394177179999997,6.499999999999995,65.70350001207652,64.89484155038943,0.4043292308435484,0.4043292308435484,TAKE_PROFIT,0.08654072248913164,3223.7169575156113,2025-02-19 22:00,2025-02-20 04:15
ORDIUSDT,2025-02,6164,6168,12.912582,12.628505196,-2.200000000000002,-22.69496738090988,-23.520238922033876,0.4126357705619983,0.4126357705619983,STOP_LOSS,2.3082288796327877,3200.1967185935773,2025-02-22 09:40,2025-02-22 10:00
ORDIUSDT,2025-02,6489,6509,13.182635999999999,12.892618007999998,-2.200000000000013,-22.529384898898865,-23.348635258858824,0.40962517997997794,0.40962517997997794,STOP_LOSS,0.9880226957857596,3176.8480833347185,2025-02-23 12:45,2025-02-23 14:25
APTUSDT,2025-02,6639,6665,5.95119,5.82026382,-2.200000000000002,-22.365010506676477,-23.178283616010162,0.406636554666844,0.406636554666844,STOP_LOSS,0.6827212859914696,3153.6697997187084,2025-02-24 01:15,2025-02-24 03:25
ORDIUSDT,2025-02,6724,6729,12.122423999999999,11.855730671999998,-2.200000000000002,-22.201835390019756,-23.009174858747745,0.40366973436399467,0.40366973436399467,STOP_LOSS,1.8916533632943,3130.6606248599605,2025-02-24 08:20,2025-02-24 08:45
HBARUSDT,2025-02,6803,6811,0.215423076,0.21650019137999996,0.49999999999998934,5.009056999775777,4.2076078798116265,0.400724559982075,0.400724559982075,TRAILING_LOCK,2.4340895896717702,3134.868232739772,2025-02-24 14:55,2025-02-24 15:35
ENAUSDT,2025-02,6861,6888,0.390078,0.399719064,2.4715733776321747,24.793781972558218,23.991255704976833,0.4012631337906908,0.4012631337906908,TRAILING_LOCK,-2.6566318588197264,2012.6967140243871,2025-02-24 19:45,2025-02-24 22:00
BONKUSDT,2025-02,6861,6888,1.395279e-05,1.418256652e-05,1.6468141497148592,11.231584131671639,10.68596899307855,0.27280756929654454,0.27280756929654454,TRAILING_LOCK,-3.402533098078505,2705.6744138281238,2025-02-24 19:45,2025-02-24 22:00
DOGEUSDT,2025-02,6861,6888,0.219163824,0.22261003411199998,1.5724356552566654,7.291157221241688,6.9202087657361275,0.1854742277527803,0.1854742277527803,TRAILING_LOCK,-3.2478473582023715,3176.4656662035636,2025-02-24 19:45,2025-02-24 22:00
ORDIUSDT,2025-03,152,348,11.05221,11.77060365,6.499999999999995,66.07048585703407,65.25731064648596,0.4065876052740562,0.4065876052740562,TAKE_PROFIT,-0.5148729139307916,3241.7229768500492,2025-03-01 12:40,2025-03-02 05:00
TIAUSDT,2025-03,478,484,4.1068212,4.373764577999999,6.499999999999995,67.42783791848093,66.5979568364073,0.4149405410368063,0.4149405410368063,TAKE_PROFIT,2.8861960846032675,2602.772688441502,2025-03-02 15:50,2025-03-02 16:20
HBARUSDT,2025-03,478,486,0.24439887000000002,0.26028479655000003,6.499999999999995,45.842299021313565,45.27808611028202,0.2821064555157756,0.2821064555157756,TAKE_PROFIT,9.702911497233197,3353.5990197967385,2025-03-02 15:50,2025-03-02 16:30
FETUSDT,2025-03,742,755,0.6971394,0.6818023331999999,-2.200000000000002,-23.60933709936907,-24.467858448437035,0.4292606745339826,0.4292606745339826,STOP_LOSS,0.7623421843696488,3329.131161348302,2025-03-03 13:50,2025-03-03 14:55
FETUSDT,2025-03,1144,1278,0.5751149999999999,0.6124974749999998,6.499999999999995,69.24592815604454,68.39367057873939,0.42612878865258275,0.42612878865258275,TAKE_PROFIT,0.7351091528989808,3397.524831927042,2025-03-04 23:20,2025-03-05 10:30
TIAUSDT,2025-03,1700,1738,3.1416282,3.2143004615999997,2.313203758484206,25.14933507442258,24.27956871744926,0.4348831784866614,0.4348831784866614,TRAILING_LOCK,0.519538810994898,3421.8044006444916,2025-03-06 21:40,2025-03-07 00:50
FETUSDT,2025-03,2378,2379,0.5731145999999999,0.5605060787999999,-2.200000000000002,-24.089502980537226,-24.965484907102216,0.437990963282495,0.437990963282495,STOP_LOSS,1.3369919584179955,3396.838915737389,2025-03-09 06:10,2025-03-09 06:15
XRPUSDT,2025-03,2426,2466,2.26965384,2.21972145552,-2.200000000000002,-23.91374596679118,-24.78333672921995,0.4347953812143858,0.4347953812143858,STOP_LOSS,0.04858918119288187,3372.055579008169,2025-03-09 10:10,2025-03-09 13:30
FETUSDT,2025-03,2874,2879,0.4680936,0.4704340679999999,0.49999999999998934,5.395288926412907,4.5320426981868165,0.43162311411304566,0.43162311411304566,TRAILING_LOCK,-0.7299785950025842,3376.587621706355,2025-03-10 23:30,2025-03-10 23:55
ORDIUSDT,2025-03,2970,2972,8.441688,8.255970863999998,-2.200000000000013,-23.77117685681286,-24.63558328796969,0.43220321557841346,0.43220321557841346,STOP_LOSS,1.6234206516453902,3351.952038418385,2025-03-11 07:30,2025-03-11 07:40
ORDIUSDT,2025-03,3526,3571,8.571714,8.727139432,1.8132363258970052,19.449219835919166,18.591120114084056,0.4290498609175533,0.4290498609175533,TRAILING_LOCK,2.209894427638387,3370.5431585324695,2025-03-13 05:50,2025-03-13 09:35
FETUSDT,2025-03,4121,4456,0.5161032,0.5108978000000001,-1.0085967302663312,-10.878460188535708,-11.74131923712002,0.43142952429215614,0.43142952429215614,STALL_EXIT,0.41147172683067784,3358.8018392953495,2025-03-15 07:25,2025-03-16 11:20
BONKUSDT,2025-03,6031,6138,1.1982396e-05,1.2761251739999999e-05,6.499999999999995,47.49795074097644,46.913360578010575,0.2922950814829322,0.2922950814829322,TAKE_PROFIT,2.105970993093202,2330.4686846634186,2025-03-21 22:35,2025-03-22 07:30
TIAUSDT,2025-03,6014,6577,3.3186636,3.534376734,6.499999999999995,69.86307825734329,69.00322498648367,0.42992663542980475,0.42992663542980475,TAKE_PROFIT,1.7718333588374091,3474.7184248598437,2025-03-21 21:10,2025-03-23 20:05
ENAUSDT,2025-03,7417,7459,0.41028204,0.41356429632,0.8000000000000007,8.895279167641228,8.005751250877108,0.44476395838206,0.44476395838206,TRAILING_LOCK,2.740977347625978,3482.7241761107207,2025-03-26 18:05,2025-03-26 21:35
ICPUSDT,2025-03,7833,7845,5.8901778,5.7605938884,-2.200000000000002,-24.518378199819505,-25.409955588903852,0.4457886945421723,0.4457886945421723,STOP_LOSS,0.8229379213046204,2183.9692159238857,2025-03-28 04:45,2025-03-28 05:45
NEARUSDT,2025-03,7833,7846,2.9225844000000003,2.8582875432000003,-2.200000000000002,-11.333030322028602,-11.745140515556916,0.2060550967641565,0.2060550967641565,STOP_LOSS,1.074505497988326,2687.567872415484,2025-03-28 04:45,2025-03-28 05:50
RENDERUSDT,2025-03,7833,7862,3.8597718,3.7748568203999997,-2.200000000000002,-16.6693588234677,-17.275517326139255,0.30307925133577573,0.30307925133577573,STOP_LOSS,0.45414118774930246,3428.29356268012,2025-03-28 04:45,2025-03-28 07:10
JUPUSDT,2025-03,8747,8755,0.45279053999999996,0.44282914811999996,-2.200000000000002,-24.135186681268053,-25.012829833314164,0.4388215760230553,0.4388215760230553,STOP_LOSS,3.4936390130777166,3403.280732846806,2025-03-31 08:55,2025-03-31 09:35
BONKUSDT,2025-04,314,358,1.2132426e-05,1.2344410888000001e-05,1.7472588582036375,19.028519703745086,18.1572798361363,0.4356199338043912,0.4356199338043912,TRAILING_LOCK,5.472833966153374,2680.727357798659,2025-04-02 02:10,2025-04-02 05:50
JUPUSDT,2025-04,315,375,0.4030806,0.39602078,-1.7514660839544227,-12.968108657072086,-13.560440248343003,0.29616579563545903,0.29616579563545903,STALL_EXIT,3.4794184284976106,3407.8775724345987,2025-04-02 02:15,2025-04-02 07:15
BONKUSDT,2025-04,501,541,1.2072414e-05,1.2585131031999999e-05,4.2470133313850855,46.31456474194553,45.44214808340227,0.43620832927162867,0.43620832927162867,TRAILING_LOCK,-7.827737585688401,3453.319720518001,2025-04-02 17:45,2025-04-02 21:05
CRVUSDT,2025-04,979,989,0.5281056000000001,0.5164872768000001,-2.200000000000002,-24.31137083244673,-25.195420680899336,0.44202492422630413,0.44202492422630413,STOP_LOSS,0.21544058294988142,2676.522856258853,2025-04-04 09:35,2025-04-04 10:25
FILUSDT,2025-04,986,1001,2.7855570000000003,2.7242747460000003,-2.200000000000002,-16.528620310597212,-17.129661049164383,0.30052036928358583,0.30052036928358583,STOP_LOSS,2.485992064472909,3410.9946387879368,2025-04-04 10:10,2025-04-04 11:25
ENAUSDT,2025-04,3692,3703,0.31796358,0.3195533979,0.49999999999998934,5.457591422060551,4.584376794530838,0.43660731376485595,0.43660731376485595,TRAILING_LOCK,-0.7677583515377752,2673.1894594349933,2025-04-13 19:40,2025-04-13 20:35
TIAUSDT,2025-04,3692,3709,2.4514902,2.3975574155999997,-2.200000000000002,-16.32603981931675,-16.919713994564628,0.29683708762394007,0.29683708762394007,STOP_LOSS,3.5637346511102432,3398.659301587903,2025-04-13 19:40,2025-04-13 21:05
ORDIUSDT,2025-04,4154,4200,6.381276,6.432326208,0.8000000000000007,5.915272439524322,5.323745195571894,0.2957636219762139,0.2957636219762139,TRAILING_LOCK,-0.5025585916304285,2315.977041884743,2025-04-15 10:10,2025-04-15 14:00
CRVUSDT,2025-04,4033,4344,0.5761151999999999,0.6135626879999999,6.499999999999995,70.69211347302834,69.82205669182184,0.4350283906032516,0.4350283906032516,TAKE_PROFIT,1.4077309733671524,3473.805103475297,2025-04-15 00:05,2025-04-16 02:00
RENDERUSDT,2025-04,4533,4684,3.6457289999999998,3.8827013849999994,6.499999999999995,72.25514615228607,71.3658520457964,0.44464705324483805,0.44464705324483805,TAKE_PROFIT,1.75904887416421,3545.1709555210937,2025-04-16 17:45,2025-04-17 06:20
FETUSDT,2025-04,5969,5971,0.6021204,0.5888737512,-2.200000000000002,-11.536236550482,-11.955736061408617,0.20974975546330848,0.20974975546330848,STOP_LOSS,6.983882150663612,1626.7142284956888,2025-04-21 17:25,2025-04-21 17:35
GALAUSDT,2025-04,5965,6014,0.015863172,0.016894278179999996,6.499999999999995,50.13345933173827,49.51643213996304,0.30851359588762073,0.30851359588762073,TAKE_PROFIT,-0.7356229054350523,2447.823163950591,2025-04-21 17:05,2025-04-21 21:10
TIAUSDT,2025-04,6109,6229,2.5115022000000002,2.6747498430000003,6.499999999999995,50.91472181017231,50.28807908020096,0.31332136498567564,0.31332136498567564,TAKE_PROFIT,1.280499448934813,2498.111243030792,2025-04-22 05:05,2025-04-22 15:05
CRVUSDT,2025-04,6500,6519,0.66883374,0.6541193977199999,-2.200000000000002,-17.586703150936795,-18.226219629152677,0.3197582391079414,0.3197582391079414,STOP_LOSS,2.091453384150531,1936.1809448811146,2025-04-23 13:40,2025-04-23 15:15
ENAUSDT,2025-04,6569,6667,0.33166632,0.32853428,-0.9443346553849707,-5.850888849111192,-6.346551171000757,0.2478311609447827,0.2478311609447827,STALL_EXIT,1.6027916478000326,1929.834393710114,2025-04-23 19:25,2025-04-24 03:35
ENSUSDT,2025-04,6508,6722,16.673334,16.4967,-1.0593802055425705,-5.7575903484347215,-6.19237969551231,0.21739467353879438,0.21739467353879438,STALL_EXIT,1.1717495014154387,2467.3460925351264,2025-04-23 14:20,2025-04-24 08:10
GALAUSDT,2025-04,6954,7175,0.017313461999999998,0.017176564000000002,-0.7907026335922662,-6.242998570723566,-6.874639170412559,0.3158202998444962,0.3158202998444962,STALL_EXIT,6.7151730695382215,2460.471453364714,2025-04-25 03:30,2025-04-25 21:55
BONKUSDT,2025-04,7340,7361,1.8233646e-05,1.8379515168e-05,0.8000000000000007,6.2988069206136545,5.668926228552288,0.3149403460306834,0.3149403460306834,TRAILING_LOCK,4.572943433586,2466.140379593266,2025-04-26 11:40,2025-04-26 13:25
ENAUSDT,2025-04,7505,7546,0.3570714,0.3492158292,-2.200000000000002,-17.36162827233657,-17.99296020951245,0.31566596858793805,0.31566596858793805,STOP_LOSS,1.4272465287206462,1911.401673440811,2025-04-27 01:25,2025-04-27 04:50
GALAUSDT,2025-04,7505,7546,0.017383476,0.017001039527999997,-2.200000000000013,-11.803684936770072,-12.23290984356171,0.21461245339581866,0.21461245339581866,STOP_LOSS,1.2291040889344065,2435.914509540192,2025-04-27 01:25,2025-04-27 04:50
ENAUSDT,2025-04,7901,7943,0.34896978,0.35441236264,1.5596143138812746,8.26525750286752,7.841293325093411,0.21198208888705405,0.21198208888705405,TRAILING_LOCK,-2.2889615304532263,1663.9513627552028,2025-04-28 10:25,2025-04-28 13:55
ORDIUSDT,2025-04,8504,8505,7.991598,7.815782843999999,-2.200000000000002,-11.714217593796663,-12.140189142661994,0.21298577443266595,0.21298577443266595,STOP_LOSS,1.4613655251141275,1651.8111736125406,2025-04-30 12:40,2025-04-30 12:45
POLUSDT,2025-04,7778,8516,0.23464692,0.23315336,-0.6365137884614014,-4.961578153073713,-5.585172267516002,0.31179705722114454,0.31179705722114454,STALL_EXIT,0.7491378207030744,1897.2394340688718,2025-04-28 00:10,2025-04-30 13:40
ENAUSDT,2025-04,8506,8519,0.31016202,0.30333845556,-2.199999999999991,-11.62875066223226,-12.051614322677072,0.2114318302224052,0.2114318302224052,STOP_LOSS,4.503729807280491,2413.97882713243,2025-04-30 12:50,2025-04-30 13:55
TRXUSDT,2025-04,5262,8639,0.24174834,0.2464,1.924174536213985,21.828888573245063,20.921324808631663,0.4537818823067,0.4537818823067,MONTH_END,0.0,3569.808639590118,2025-04-19 06:30,2025-04-30 23:55
ENAUSDT,2025-05,168,228,0.32826563999999997,0.32423514,-1.22781659390242,-14.025824911183951,-14.939695922919023,0.4569355058675352,0.4569355058675352,STALL_EXIT,1.469569276174087,3554.8689436671993,2025-05-01 14:00,2025-05-01 19:00
GALAUSDT,2025-05,776,870,0.015703139999999997,0.015828765119999998,0.8000000000000007,9.10046449578805,8.190418046209246,0.45502322478940155,0.45502322478940155,TRAILING_LOCK,-0.4344313626406122,2789.3561294534748,2025-05-03 16:40,2025-05-04 00:30
TIAUSDT,2025-05,782,1029,2.4074814,2.3925213999999997,-0.6213962857615551,-4.805840811755632,-5.424555911523673,0.30935754988402003,0.30935754988402003,STALL_EXIT,1.4410989176523297,3557.6348058018852,2025-05-03 17:10,2025-05-04 13:45
RENDERUSDT,2025-05,1810,1925,4.125825,4.0781842,-1.1546975453394115,-13.145574967915213,-14.056329478200496,0.4553772551426413,0.4553772551426413,STALL_EXIT,2.3004306671581873,3543.5784763236848,2025-05-07 06:50,2025-05-07 16:25
TRXUSDT,2025-05,2301,2362,0.25685136,0.25424914000000004,-1.013122920587195,-11.488257840841527,-12.39541393078039,0.45357804496943166,0.45357804496943166,STALL_EXIT,2.61588298784412,3531.1830623929045,2025-05-08 23:45,2025-05-09 04:50
TIAUSDT,2025-05,2480,2568,2.8635726,3.0497048189999996,6.499999999999995,73.44860769777227,72.5446248337997,0.4519914319862918,0.4519914319862918,TAKE_PROFIT,3.6493755168244197,3603.727687226705,2025-05-09 14:40,2025-05-09 22:00
HBARUSDT,2025-05,2886,2914,0.21329265,0.21435911324999998,0.49999999999998934,5.765964299562634,4.843410011632597,0.4612771439650183,0.4612771439650183,TRAILING_LOCK,0.36428903728916456,2290.9850880052327,2025-05-11 00:30,2025-05-11 02:50
INJUSDT,2025-05,2886,2953,13.022604,12.967406,-0.42386300005743394,-2.2593408953650433,-2.685769414968579,0.21321425980176775,0.21321425980176775,STALL_EXIT,1.099633959174248,2088.1397081015457,2025-05-11 00:30,2025-05-11 06:05
DOGEUSDT,2025-05,2915,2961,0.23634726,0.23984383288,1.4794217965547807,10.845866479286107,10.259374296756766,0.29324609126466983,0.29324609126466983,TRAILING_LOCK,-2.05710224889064,2831.8075566512416,2025-05-11 02:55,2025-05-11 06:45
RENDERUSDT,2025-05,2886,2964,5.2850567999999996,5.2069584,-1.4777211098279786,-11.585681298296572,-12.212900127140143,0.31360941442178486,0.31360941442178486,STALL_EXIT,0.4617206083305648,2697.390912497337,2025-05-11 00:30,2025-05-11 07:00
ENAUSDT,2025-05,2962,2972,0.39697938,0.38824583364,-2.200000000000002,-19.935925198824766,-20.660867933327484,0.3624713672513589,0.3624713672513589,STOP_LOSS,6.581955077384053,2719.7605760237107,2025-05-11 06:50,2025-05-11 07:40
FETUSDT,2025-05,2966,2972,0.8571713999999999,0.8614572569999999,0.49999999999998934,4.315825459995688,3.62529338639637,0.34526603679965917,0.34526603679965917,TRAILING_LOCK,1.2238265931747945,3586.8962274460546,2025-05-11 07:10,2025-05-11 07:40
DOGEUSDT,2025-05,2973,3071,0.227825556,0.22688461399999998,-0.4130098556634376,-4.740555178167135,-5.658800612393325,0.45912271711309505,0.45912271711309505,STALL_EXIT,2.8716737927411913,2800.5635823309467,2025-05-11 07:45,2025-05-11 15:55
DOGEUSDT,2025-05,3074,3180,0.22344467999999998,0.23796858419999997,6.499999999999995,58.251722512483674,57.534778235406954,0.35847213853836124,0.35847213853836124,TAKE_PROFIT,2.8623172352344595,2858.0983605663537,2025-05-11 16:10,2025-05-12 01:00
ENAUSDT,2025-05,3048,3253,0.40038006,0.4264047639,6.499999999999995,50.72351048848104,50.099221128622816,0.3121446799291141,0.3121446799291141,TAKE_PROFIT,3.0710810968029194,3688.8714261976907,2025-05-11 14:00,2025-05-12 07:05
GALAUSDT,2025-05,3851,3900,0.022064412,0.022240927296,0.8000000000000007,6.420378609336037,5.778340748402437,0.3210189304668002,0.3210189304668002,TRAILING_LOCK,-0.004169322563123752,1967.8910275021733,2025-05-14 08:55,2025-05-14 13:00
ALGOUSDT,2025-05,3851,3900,0.24314862,0.24509380896000002,0.8000000000000007,4.365035645886511,3.928532081297863,0.21825178229432438,0.21825178229432438,TRAILING_LOCK,0.08412739631200597,2517.6672671015763,2025-05-14 08:55,2025-05-14 13:00
JUPUSDT,2025-05,3851,3901,0.55891176,0.56559305888,1.1954121129961637,14.111109075718833,13.166757990612226,0.47217554255330446,0.47217554255330446,TRAILING_LOCK,-0.5645505774634071,3711.7450570180026,2025-05-14 08:55,2025-05-14 13:05
ENAUSDT,2025-05,4076,4098,0.39147828,0.38286575784,-2.200000000000002,-26.13068520140681,-27.080891936003415,0.4751033672983043,0.4751033672983043,STOP_LOSS,-0.22612569086467696,3684.6641650819993,2025-05-15 03:40,2025-05-15 05:30
ORDIUSDT,2025-05,4112,4125,11.382276000000001,11.131865928,-2.200000000000013,-25.94003572217739,-26.883309748438386,0.471637013130496,0.471637013130496,STOP_LOSS,3.666358134743781,2855.828204056529,2025-05-15 06:40,2025-05-15 07:45
FETUSDT,2025-05,4123,4201,0.775155,0.7678464,-0.9428565899723296,-7.558240124973312,-8.199545723755426,0.32065279939105656,0.32065279939105656,STALL_EXIT,6.661957391478284,2735.3507383015976,2025-05-15 07:35,2025-05-15 14:05
ORDIUSDT,2025-05,4196,4256,10.832165999999999,10.617875999999999,-1.978274705169769,-18.078760634865425,-18.809852655103896,0.36554601011923576,0.36554601011923576,STALL_EXIT,0.30254638498322434,3630.7714569547024,2025-05-15 13:40,2025-05-15 18:40
ORDIUSDT,2025-05,4256,4275,10.542107999999999,10.310181623999998,-2.200000000000002,-25.560631056961167,-26.49010854994157,0.4647387464902019,0.4647387464902019,STOP_LOSS,1.9380684384343434,2814.058232909241,2025-05-15 18:40,2025-05-15 20:15
APTUSDT,2025-05,4258,4275,5.3500698,5.3928703584,0.8000000000000007,6.319257221075693,5.6873314989681205,0.31596286105378657,0.31596286105378657,TRAILING_LOCK,-0.016139056609133978,3609.968679903729,2025-05-15 18:50,2025-05-15 20:15
RENDERUSDT,2025-05,4284,4310,4.7349467999999995,4.772826374399999,0.8000000000000007,9.241519820553496,8.31736783849814,0.4620759910276774,0.4620759910276774,TRAILING_LOCK,3.1254777336993187,3618.2860477422273,2025-05-15 21:00,2025-05-15 23:10
DOGEUSDT,2025-05,4312,4437,0.214712934,0.22866927470999998,6.499999999999995,34.787285655674495,34.35913444760466,0.21407560403492018,0.21407560403492018,TAKE_PROFIT,0.6387938615069831,1706.8247909704182,2025-05-15 23:20,2025-05-16 09:45
ENSUSDT,2025-05,4312,4443,22.174434,23.61577221,6.499999999999995,75.26034979303822,74.33406856481619,0.46314061411100516,0.46314061411100516,TAKE_PROFIT,0.1872807275015665,2939.4735354268582,2025-05-15 23:20,2025-05-16 10:15
ORDIUSDT,2025-05,4312,4515,9.911982,9.8140368,-0.9881494942182045,-7.778622294033426,-8.40837496522718,0.3148763355968773,0.3148763355968773,STALL_EXIT,0.8351629576119031,2777.563091840292,2025-05-15 23:20,2025-05-16 16:15
TRXUSDT,2025-05,4511,4615,0.27245447999999994,0.26974603999999996,-0.9940889942422593,-9.350714529389522,-10.103219754458797,0.3762526125346379,0.3762526125346379,STALL_EXIT,0.42779497337570166,2819.2919385703135,2025-05-16 15:55,2025-05-17 00:35
RENDERUSDT,2025-05,4612,4770,4.5279054,4.5656651352,0.8339338361618598,7.41217230195188,6.701116150440766,0.3555280757555574,0.3555280757555574,TRAILING_LOCK,0.31397100697295016,2812.634482474766,2025-05-17 00:20,2025-05-17 13:30
POLUSDT,2025-05,4630,5064,0.22744547999999998,0.24222943619999995,6.499999999999995,58.64127232226244,57.91953358598843,0.36086936813700016,0.36086936813700016,TAKE_PROFIT,1.061210330307509,3773.088305771392,2025-05-17 01:50,2025-05-18 14:00
DOGEUSDT,2025-05,5113,5132,0.22847568599999998,0.22344922090799998,-2.200000000000002,-18.059128332054705,-18.715823907765788,0.3283477878555402,0.3283477878555402,STOP_LOSS,3.240458419401356,1988.1918661841123,2025-05-18 18:05,2025-05-18 19:40
XLMUSDT,2025-05,5113,5134,0.28775754,0.29005960032,0.8000000000000007,9.659106062774853,8.693195456497378,0.4829553031387382,0.4829553031387382,TRAILING_LOCK,0.9102955658378727,3204.7562747905936,2025-05-18 18:05,2025-05-18 19:50
TIAUSDT,2025-05,5113,5134,2.6315261999999997,2.5736326235999996,-2.200000000000002,-12.277895697370731,-12.724364631820574,0.22323446722492182,0.22323446722492182,STOP_LOSS,5.026645031373635,3750.3413126883024,2025-05-18 18:05,2025-05-18 19:50
ENAUSDT,2025-05,5785,5824,0.36987396,0.3939157674,6.499999999999995,78.00709930391672,77.04701192786852,0.48004368802410274,0.48004368802410274,TAKE_PROFIT,2.103046713432979,3827.3883246161704,2025-05-21 02:05,2025-05-21 05:20
ENAUSDT,2025-05,6403,6475,0.42038406,0.41801638,-0.5632183104183341,-6.898096593616532,-7.877908004718271,0.4899057055508698,0.4899057055508698,STALL_EXIT,0.4266866288828169,3819.510416611452,2025-05-23 05:35,2025-05-23 11:35
CRVUSDT,2025-05,6528,6584,0.8190637799999999,0.82817123464,1.1119347311390193,13.590548122168093,12.612753455515561,0.48889733332626584,0.48889733332626584,TRAILING_LOCK,-1.8198210719732721,3832.1231700669673,2025-05-23 16:00,2025-05-23 20:40
ORDIUSDT,2025-05,7044,7094,9.9479892,9.7291334376,-2.200000000000002,-26.978147117271508,-27.95917064880865,0.4905117657685718,0.4905117657685718,STOP_LOSS,1.0984180974124096,3804.1639994181587,2025-05-25 11:00,2025-05-25 15:10
TIAUSDT,2025-05,7097,7211,2.4404879999999998,2.5991197199999996,6.499999999999995,79.12661118789762,78.15274520404657,0.48693299192552436,0.48693299192552436,TAKE_PROFIT,0.11081751940231098,3882.3167446222055,2025-05-25 15:25,2025-05-26 00:55
RENDERUSDT,2025-05,7778,7955,4.419883799999999,4.3751248,-1.0126736816021942,-12.58086397095177,-13.574737057575055,0.4969365433116424,0.4969365433116424,STALL_EXIT,1.0485460894738414,3023.771050387124,2025-05-28 00:10,2025-05-28 14:55
INJUSDT,2025-05,7942,7958,15.003,14.672934,-2.200000000000002,-18.58192828659053,-19.257634769739273,0.33785324157437285,0.33785324157437285,STOP_LOSS,1.615668686303642,3849.484372794891,2025-05-28 13:50,2025-05-28 15:10
FILUSDT,2025-05,8644,8658,2.4734946,2.4932825568,0.8000000000000007,6.699920997122108,6.029928897409901,0.3349960498561035,0.3349960498561035,TRAILING_LOCK,0.18920612054715175,2053.572727944388,2025-05-31 00:20,2025-05-31 01:30
TIAUSDT,2025-05,8644,8658,2.0824163999999996,2.0928284819999994,0.49999999999998934,2.8469304300970464,2.3914215612815086,0.22775443440776877,0.22775443440776877,TRAILING_LOCK,2.15839560616227,2625.577989959499,2025-05-31 00:20,2025-05-31 01:30
NEARUSDT,2025-05,8644,8679,2.3864772,2.3339747016,-2.200000000000002,-27.10036998447603,-28.08583798391152,0.49273399971774606,0.49273399971774606,STOP_LOSS,3.3858678222101575,3829.8198852696705,2025-05-31 00:20,2025-05-31 03:15
FETUSDT,2025-06,1283,1317,0.7791558,0.7896501304,1.3468847180499788,11.222404256666543,10.5558347065768,0.33328477504487186,0.33328477504487186,TRAILING_LOCK,-1.475353444708297,2614.3431397446384,2025-06-05 10:55,2025-06-05 13:45
GALAUSDT,2025-06,1348,1383,0.015893178,0.015543528084,-2.200000000000002,-18.40497570380227,-19.0742475475769,0.3346359218873137,0.3346359218873137,STOP_LOSS,1.3926819884787178,2026.2673988901468,2025-06-05 16:20,2025-06-05 19:15
ORDIUSDT,2025-06,1348,1383,8.5407078,8.3528122284,-2.200000000000002,-12.513027641695471,-12.968046828666216,0.22750959348537178,0.22750959348537178,STOP_LOSS,-0.0336680428471517,2582.300845368395,2025-06-05 16:20,2025-06-05 19:15
TIAUSDT,2025-06,1670,1773,1.9023804,2.026035126,6.499999999999995,53.71185758366264,53.05078856724834,0.3305345082071546,0.3305345082071546,TAKE_PROFIT,0.6399135845979467,2635.3516339356433,2025-06-06 19:10,2025-06-07 03:45
TRXUSDT,2025-06,936,1999,0.26845368000000003,0.28590316920000003,6.499999999999995,79.66025361360916,78.67981972298013,0.49021694531451787,0.49021694531451787,TAKE_PROFIT,0.6284752998813494,3940.0640338902326,2025-06-04 06:00,2025-06-07 22:35
ENAUSDT,2025-06,2757,2817,0.3575715,0.35612876000000004,-0.40348293977566785,-5.08719558175487,-6.0958519744307695,0.5043281963379498,0.5043281963379498,STALL_EXIT,3.3053325993665768,3933.9681819158022,2025-06-10 13:45,2025-06-10 18:45
TIAUSDT,2025-06,3142,3202,2.1074214000000002,2.0835832,-1.131154879607854,-14.239767376627505,-15.246863231197949,0.5035479272852227,0.5035479272852227,STALL_EXIT,0.11599248832490944,3062.508629500038,2025-06-11 21:50,2025-06-12 02:50
JUPUSDT,2025-06,3145,3208,0.46139226,0.46508339808,0.8000000000000007,6.846962728385159,6.16226645554664,0.34234813641925893,0.34234813641925893,TRAILING_LOCK,-0.4479622555010221,3924.883585140151,2025-06-11 22:05,2025-06-12 03:20
RENDERUSDT,2025-06,3406,3417,3.6747348,3.5938906344,-2.199999999999991,-27.63118043938661,-28.63595063718249,0.5023850988979394,0.5023850988979394,STOP_LOSS,0.7543180457556073,3896.247634502968,2025-06-12 19:50,2025-06-12 20:45
FETUSDT,2025-06,3967,4209,0.6541308,0.696649302,6.499999999999995,81.04195079766166,80.04451140322891,0.49871969721638,0.49871969721638,TAKE_PROFIT,1.9164159013253406,3976.292145906197,2025-06-14 18:35,2025-06-15 14:45
TRXUSDT,2025-06,7021,7092,0.27365472,0.27084581999999996,-1.026439448952332,-13.060553981175868,-14.078484770527854,0.5089653946759932,0.5089653946759932,STALL_EXIT,0.6476673703142437,3962.213661135669,2025-06-25 09:05,2025-06-25 15:00
TIAUSDT,2025-06,7347,7363,1.5143028,1.4809881384,-2.200000000000002,-27.89398417439508,-28.90831087164581,0.5071633486253657,0.5071633486253657,STOP_LOSS,1.8239080313757565,3933.305350264023,2025-06-26 12:15,2025-06-26 13:35
JUPUSDT,2025-06,8295,8539,0.44588915999999995,0.47487195539999993,6.499999999999995,55.62219884196978,54.93761793314553,0.34229045441212186,0.34229045441212186,TAKE_PROFIT,1.8590368413236655,2147.06483977683,2025-06-29 19:15,2025-06-30 15:35
APTUSDT,2025-06,8068,8639,4.7549508,4.892,2.8822422305610607,36.27756411591268,35.27063794624509,0.503463084833795,0.503463084833795,MONTH_END,0.0,3441.496652892396,2025-06-29 00:20,2025-06-30 23:55
TRXUSDT,2025-06,8298,8639,0.27595517999999997,0.2798,1.3932769807039058,8.1058658870858,7.640438495441645,0.2327136958220781,0.2327136958220781,MONTH_END,0.0,4031.154044638855,2025-06-29 19:30,2025-06-30 23:55
ORDIUSDT,2025-07,728,763,7.991598,8.123100824,1.6455135005539523,14.431383838288674,13.729772635053678,0.3508056016174986,0.3508056016174986,TRAILING_LOCK,-1.4908201513663633,2754.398535271761,2025-07-03 12:40,2025-07-03 15:35
RENDERUSDT,2025-07,728,769,3.2986596,3.3504160848,1.5690156328952432,20.23981988687126,19.207844451443712,0.5159877177137735,0.5159877177137735,TRAILING_LOCK,-1.3256886212284078,4064.091661725352,2025-07-03 12:40,2025-07-03 16:05
JUPUSDT,2025-07,951,1027,0.4430886,0.43831232000000003,-1.0779514525988576,-14.018859232805667,-15.059266698207356,0.5202037327008451,0.5202037327008451,STALL_EXIT,0.3850405117519784,3164.4988426780137,2025-07-04 07:15,2025-07-04 13:35
BONKUSDT,2025-07,983,1036,1.6383275999999997e-05,1.6543400688e-05,0.9773667244573181,8.641679935346518,7.93433603102894,0.35367195215878894,0.35367195215878894,TRAILING_LOCK,1.5510675032257881,4056.9667310581735,2025-07-04 09:55,2025-07-04 14:20
BONKUSDT,2025-07,1896,1917,2.220444e-05,2.238207552e-05,0.8000000000000007,10.385834831508918,9.347251348358027,0.5192917415754462,0.5192917415754462,TRAILING_LOCK,3.2075867108860483,4066.313982406532,2025-07-07 14:00,2025-07-07 15:45
ORDIUSDT,2025-07,2962,3028,9.9309858,9.8170362,-1.1474147913895894,-6.901216360205834,-7.382382641972032,0.2405831408830991,0.2405831408830991,STALL_EXIT,3.3305754745001317,1872.1734055072393,2025-07-11 06:50,2025-07-11 12:20
RENDERUSDT,2025-07,2962,3133,3.7317462,3.6932612000000002,-1.0312866400185472,-9.123415106315564,-9.83114579939632,0.35386534654037677,0.35386534654037677,STALL_EXIT,0.8322942336166193,2148.0243634471035,2025-07-11 06:50,2025-07-11 21:05
GALAUSDT,2025-07,3072,3140,0.01730346,0.01709658,-1.195599030482919,-7.162779867265147,-7.642056259075,0.23963819590492663,0.23963819590492663,STALL_EXIT,1.3068110698162936,2739.71743514625,2025-07-11 16:00,2025-07-11 21:40
TRXUSDT,2025-07,1957,3195,0.28635726,0.3049704819,6.499999999999995,84.57933083405575,83.53835445455968,0.5204881897480361,0.5204881897480361,TAKE_PROFIT,0.5999000587210727,4124.996752160648,2025-07-07 19:05,2025-07-12 02:15
XLMUSDT,2025-07,3343,3354,0.38527703999999996,0.37680094511999995,-2.200000000000002,-29.039977135210986,-30.095976303764115,0.5279995842765629,0.5279995842765629,STOP_LOSS,4.5910327731505065,4094.9007758568832,2025-07-12 14:35,2025-07-12 15:30
HBARUSDT,2025-07,3670,3698,0.24065812199999997,0.243252102536,1.0778695164919583,14.124059901937244,13.075765303317883,0.5241472993096811,0.5241472993096811,TRAILING_LOCK,3.649669364188187,4107.9765411602,2025-07-13 17:50,2025-07-13 20:10
ORDIUSDT,2025-07,3716,3800,9.3788754,9.988502301,6.499999999999995,58.092283121426725,57.37730117531685,0.3574909730549335,0.3574909730549335,TAKE_PROFIT,0.7858805718264777,2850.2755281669847,2025-07-13 21:40,2025-07-14 04:40
XRPUSDT,2025-07,3716,3812,2.79475884,2.9764181646,6.499999999999995,85.44591205613217,84.39427006159515,0.5258209972685057,0.5258209972685057,TAKE_PROFIT,1.538151995727816,4249.748112397112,2025-07-13 21:40,2025-07-14 05:40
ALGOUSDT,2025-07,3845,3864,0.27675534,0.27896938272,0.8000000000000007,7.39656895659934,6.656912060939398,0.3698284478299711,0.3698284478299711,TRAILING_LOCK,2.484364847649327,2895.9416607325884,2025-07-14 08:25,2025-07-14 10:00
XLMUSDT,2025-07,3827,3880,0.46999398,0.4830600722400001,2.7800552338989704,37.80651034439003,36.71857482761637,0.5439677583868303,0.5439677583868303,TRAILING_LOCK,-0.11594256536314093,2735.7612843986362,2025-07-14 06:55,2025-07-14 11:20
HBARUSDT,2025-07,3865,3918,0.241588308,0.243521014464,0.8000000000000007,5.040306300839931,4.53627567075594,0.2520153150419951,0.2520153150419951,TRAILING_LOCK,0.5662696252457714,3370.587862989422,2025-07-14 10:05,2025-07-14 14:30
ALGOUSDT,2025-07,3865,3947,0.27385476,0.29165531939999995,6.499999999999995,60.23558654323775,59.49422547809021,0.3706805325737713,0.3706805325737713,TAKE_PROFIT,-0.12182853401436804,3278.134549031436,2025-07-14 10:05,2025-07-14 16:55
INJUSDT,2025-07,3919,3972,12.512502,12.237226955999999,-2.200000000000002,-23.72893855544559,-24.59180904837088,0.4314352464626461,0.4314352464626461,STOP_LOSS,1.7387357835647255,4332.5622913861425,2025-07-14 14:35,2025-07-14 19:00
CRVUSDT,2025-07,4366,4494,0.76895376,0.8189357544,6.499999999999995,90.11729566083167,89.00815971423683,0.5545679732974262,0.5545679732974262,TAKE_PROFIT,2.8407900711386933,4421.570451100379,2025-07-16 03:50,2025-07-16 14:30
BONKUSDT,2025-07,4647,4650,3.6767352e-05,3.5958470256e-05,-2.200000000000002,-31.127855975746726,-32.25977801122842,0.5659610177408485,0.5659610177408485,STOP_LOSS,13.325176821726709,4389.31067308915,2025-07-17 03:15,2025-07-17 03:30
BONKUSDT,2025-07,4787,4790,3.6487296e-05,3.5684575488e-05,-2.200000000000002,-21.008552758578684,-21.772500131617907,0.3819736865196118,0.3819736865196118,STOP_LOSS,3.8543950521774564,2962.3969258028487,2025-07-17 14:55,2025-07-17 15:10
CRVUSDT,2025-07,4739,4803,0.96359268,0.9553089,-0.8596765180906019,-12.074839412029501,-13.198502944340323,0.5618317661554113,0.5618317661554113,STALL_EXIT,3.3068989517422045,4354.3396700131925,2025-07-17 10:55,2025-07-17 16:15
POLUSDT,2025-07,4849,4914,0.2295459,0.2444663835,6.499999999999995,61.57618729872914,60.81832653197554,0.3789303833767948,0.3789303833767948,TAKE_PROFIT,3.490711638068637,2376.893928487707,2025-07-17 20:05,2025-07-18 01:30
ORDIUSDT,2025-07,4848,4924,10.006000799999999,10.656390851999998,6.499999999999995,90.57026513627426,89.45555418075088,0.5573554777616887,0.5573554777616887,TAKE_PROFIT,6.443167837365303,3860.2955325504413,2025-07-17 20:00,2025-07-18 02:20
JUPUSDT,2025-07,4849,4927,0.52920582,0.5636041983,6.499999999999995,41.863925611161484,41.34867729594719,0.25762415760714824,0.25762415760714824,TAKE_PROFIT,2.2171236015791007,4545.962228021866,2025-07-17 20:05,2025-07-18 02:35
BONKUSDT,2025-07,5068,5072,3.415683e-05,3.340537974e-05,-2.200000000000002,-32.00357408527394,-33.167340415647544,0.581883165186799,0.581883165186799,STOP_LOSS,1.9895605593256376,4512.794887606219,2025-07-18 14:20,2025-07-18 14:40
GALAUSDT,2025-07,5142,5196,0.018413681999999997,0.018739035816,1.7669134071067516,25.515896929389672,24.36062143816248,0.577637745613596,0.577637745613596,TRAILING_LOCK,3.2070176390125438,2887.1985970601536,2025-07-18 20:30,2025-07-19 01:00
BONKUSDT,2025-07,5142,5216,3.1576313999999996e-05,3.362877441e-05,6.499999999999995,63.81695602519365,63.03151656642203,0.3927197293858068,0.3927197293858068,TAKE_PROFIT,2.7393968592743674,3008.1490443408056,2025-07-18 20:30,2025-07-19 02:40
GALAUSDT,2025-07,5197,5233,0.018113622,0.01929100743,6.499999999999995,60.05373081885122,59.31460797800382,0.36956142042369966,0.36956142042369966,TAKE_PROFIT,0.04661534672376306,3991.7367647984825,2025-07-19 01:05,2025-07-19 04:05
CRVUSDT,2025-07,5290,5331,0.94828962,0.9558759369600001,0.8000000000000007,10.218846117884123,9.196961506095711,0.5109423058942058,0.5109423058942058,TRAILING_LOCK,1.2474488141130926,4000.933726304578,2025-07-19 08:50,2025-07-19 12:15
ENAUSDT,2025-07,5643,5656,0.47719542000000004,0.5082131223,6.499999999999995,83.21942150713522,82.19518247320124,0.512119516966986,0.512119516966986,TAKE_PROFIT,3.440855210676228,4083.1289087777795,2025-07-20 14:15,2025-07-20 15:20
XLMUSDT,2025-07,5143,5784,0.4525905,0.48200888249999996,6.499999999999995,43.387361526760344,42.85336323104637,0.2669991478569872,0.2669991478569872,TAKE_PROFIT,1.720117159874135,4793.747140799151,2025-07-18 20:35,2025-07-21 02:00
CRVUSDT,2025-07,5956,5984,0.9709941599999999,0.97876211328,0.8000000000000007,5.672433308016678,5.105189977215011,0.2836216654008333,0.2836216654008333,TRAILING_LOCK,-1.2834695080199017,2220.899450921225,2025-07-21 16:20,2025-07-21 18:40
ICPUSDT,2025-07,5956,5993,6.0842166,6.1389894008,0.9002440971611625,9.38885297909452,8.554514558330514,0.4171692103820033,0.4171692103820033,TRAILING_LOCK,0.29338052282111937,3272.7941606449454,2025-07-21 16:20,2025-07-21 19:25
APTUSDT,2025-07,5956,5994,5.3820762,5.4404150856,1.0839475962826306,16.627746209459115,15.400546941414534,0.6135996340222913,0.6135996340222913,TRAILING_LOCK,0.13941793559239302,4822.8073922761105,2025-07-21 16:20,2025-07-21 19:30
BONKUSDT,2025-07,6063,6078,3.3186636e-05,3.5343767339999996e-05,6.499999999999995,68.20094751395209,67.36155123685728,0.4196981385473976,0.4196981385473976,TAKE_PROFIT,1.0362015358377648,3346.253258638401,2025-07-22 01:15,2025-07-22 02:30
GALAUSDT,2025-07,6061,6105,0.019893978,0.020461272263999998,2.851587872470751,44.00850902744583,42.773870335023155,0.6173193462113422,0.6173193462113422,TRAILING_LOCK,-3.280696602532631,3133.414601061736,2025-07-22 01:05,2025-07-22 04:45
CRVUSDT,2025-07,6102,6107,0.94328862,0.92253627036,-2.200000000000002,-16.01616822401737,-16.598574341254363,0.2912030586184969,0.2912030586184969,STOP_LOSS,3.518965127228192,3845.1148763253423,2025-07-22 04:30,2025-07-22 04:55
ENAUSDT,2025-07,6146,6149,0.48329664,0.47266411392,-2.199999999999991,-18.403869026027294,-19.07310062697374,0.3346158004732241,0.3346158004732241,STOP_LOSS,8.025971289713949,2595.1128405700892,2025-07-22 08:10,2025-07-22 08:25
ENSUSDT,2025-07,6108,6223,26.345268,28.05771042,6.499999999999995,79.97838942756705,78.99404001922777,0.4921747041696438,0.4921747041696438,TAKE_PROFIT,7.350170591717162,3905.035815717596,2025-07-22 05:00,2025-07-22 14:35
ENAUSDT,2025-07,6286,6370,0.49539906,0.48800238,-1.493075097881691,-18.65763754490902,-19.657326713732726,0.49984458441185237,0.49984458441185237,STALL_EXIT,0.9011472444048308,3885.3784890038633,2025-07-22 19:50,2025-07-23 02:50
DOGEUSDT,2025-07,6101,6447,0.259221834,0.25734852,-0.7226682919001193,-7.738339605393334,-8.594980439604765,0.42832041710571533,0.42832041710571533,STALL_EXIT,0.22595039598439018,4948.012871745653,2025-07-22 04:25,2025-07-23 09:15
TIAUSDT,2025-07,6489,6500,2.0594118,2.0141047403999996,-2.200000000000013,-34.8340106170896,-36.10070191225649,0.6333456475834436,0.6333456475834436,STOP_LOSS,1.2856957774131255,4911.912169833397,2025-07-23 12:45,2025-07-23 13:40
GALAUSDT,2025-07,6501,6532,0.018413681999999997,0.018560991455999997,0.8000000000000007,5.812257797471247,5.231032017724122,0.29061288987356254,0.29061288987356254,TRAILING_LOCK,-1.1367466899608456,2275.644234154931,2025-07-23 13:45,2025-07-23 16:20
CRVUSDT,2025-07,6501,6581,0.93248646,0.91961604,-1.38022593915198,-14.749520823603879,-15.604425540590496,0.4274523584933083,0.4274523584933083,STALL_EXIT,5.761530649247924,3329.0981572061046,2025-07-23 13:45,2025-07-23 20:25
ENAUSDT,2025-07,6501,6593,0.44668932,0.44561086,-0.24143402398786318,-3.7948887060409984,-5.052338221518347,0.6287247577386749,0.6287247577386749,STALL_EXIT,7.044069796683138,3106.1837939117477,2025-07-23 13:45,2025-07-23 21:25
CRVUSDT,2025-07,6583,6610,0.90858168,0.9676394891999999,6.499999999999995,69.2452416698869,68.39299254164214,0.4261245641223815,0.4261245641223815,TAKE_PROFIT,0.037256726706984246,4240.314321323465,2025-07-23 20:35,2025-07-23 22:50
ENSUSDT,2025-07,6583,6695,27.275454,26.884622,-1.4329074045843604,-10.378195823967838,-10.95761614328586,0.28971015965901165,0.28971015965901165,STALL_EXIT,6.157341546405223,4953.921814487368,2025-07-23 20:35,2025-07-24 05:55
TIAUSDT,2025-07,6883,6913,1.8283656,1.8480596128000002,1.0771375702977704,17.075376981446563,15.807172996937798,0.6341019922543831,0.6341019922543831,TRAILING_LOCK,0.7002148150618246,4969.728987484305,2025-07-24 21:35,2025-07-25 00:05
ENAUSDT,2025-07,7338,7375,0.57731544,0.56461450032,-2.199999999999991,-34.98689207188942,-36.25914269268541,0.6361253103979911,0.6361253103979911,STOP_LOSS,4.248119675708998,4933.46984479162,2025-07-26 11:30,2025-07-26 14:35
CRVUSDT,2025-07,7765,7771,1.0387077,1.0158561306,-2.200000000000002,-34.731627707333,-35.994595987599645,0.6314841401333273,0.6314841401333273,STOP_LOSS,2.051852498806974,4897.475248804019,2025-07-27 23:05,2025-07-27 23:35
CRVUSDT,2025-07,7935,7964,0.99379872,1.00174910976,0.8000000000000007,8.52392010842846,7.671528097585608,0.42619600542142544,0.42619600542142544,TRAILING_LOCK,1.063229319220632,3337.327820452472,2025-07-28 13:15,2025-07-28 15:40
ENAUSDT,2025-07,8071,8088,0.62192436,0.6082420240799999,-2.200000000000002,-23.494787855985425,-24.34914377802126,0.4271779610179165,0.4271779610179165,STOP_LOSS,5.122627948492741,3312.978676674451,2025-07-29 00:35,2025-07-29 02:00
TRXUSDT,2025-07,7903,8191,0.3225645,0.34353119249999997,6.499999999999995,101.86748517512359,100.61373151142976,0.6268768318469146,0.6268768318469146,TAKE_PROFIT,2.17412789960842,3920.834126828576,2025-07-28 10:35,2025-07-29 10:35
BONKUSDT,2025-07,8099,8233,3.1026203999999995e-05,3.0673864e-05,-1.1356207159599507,-12.039319093648329,-12.887441634876987,0.42406127061432974,0.42406127061432974,STALL_EXIT,2.302077103817118,3713.3551356467588,2025-07-29 02:55,2025-07-29 14:05
ENAUSDT,2025-07,8231,8233,0.5866173,0.5737117194,-2.200000000000002,-27.60267225287322,-28.606405789341338,0.5018667682340577,0.5018667682340577,STOP_LOSS,2.438207226205743,4939.917517210795,2025-07-29 13:55,2025-07-29 14:05
CRVUSDT,2025-07,8233,8242,0.98429682,0.9626422899599999,-2.200000000000002,-23.64392167991848,-24.503700650097333,0.4298894850894257,0.4298894850894257,STOP_LOSS,3.5171642045153684,2603.041071770239,2025-07-29 14:05,2025-07-29 14:50
INJUSDT,2025-07,8234,8250,14.382876000000001,14.066452728000002,-2.200000000000002,-16.074840320369475,-16.659379968382908,0.292269824006718,0.292269824006718,STOP_LOSS,2.0868606867435515,3317.348521642658,2025-07-29 14:10,2025-07-29 15:30
RENDERUSDT,2025-07,8233,8262,3.9787956,3.8912620968000002,-2.200000000000002,-34.77701932116398,-36.041638205569946,0.6323094422029818,0.6323094422029818,STOP_LOSS,2.1519471348090935,4862.712798386745,2025-07-29 14:05,2025-07-29 16:30
ENAUSDT,2025-07,8539,8571,0.5471094000000001,0.582671511,6.499999999999995,101.14442620644415,99.89957173005713,0.6224272381935034,0.6224272381935034,TAKE_PROFIT,4.896153057327001,4962.612370116802,2025-07-30 15:35,2025-07-30 18:15
ENAUSDT,2025-07,8797,8804,0.65333064,0.63895736592,-2.200000000000002,-34.93679108562228,-36.207219852372184,0.6352143833749507,0.6352143833749507,STOP_LOSS,1.4308676239824019,4926.40515026443,2025-07-31 13:05,2025-07-31 13:40
ENAUSDT,2025-08,204,215,0.5849169599999999,0.5926809964799999,1.3273741421346408,20.925384992447743,19.664225273980048,0.6305798592338471,0.6305798592338471,TRAILING_LOCK,2.4665888744238362,3873.856686805768,2025-08-01 17:00,2025-08-01 17:55
JUPUSDT,2025-08,205,219,0.4630926,0.465408063,0.49999999999998934,5.358919875712838,4.501492695598769,0.4287135900570341,0.4287135900570341,TRAILING_LOCK,1.0296205375367602,3710.4408748002525,2025-08-01 17:05,2025-08-01 18:15
ENAUSDT,2025-08,216,276,0.5756151,0.56928612,-1.0995159786461595,-13.629975443610217,-14.621682755432495,0.49585365591113834,0.49585365591113834,STALL_EXIT,4.604693330657705,2940.5703184303393,2025-08-01 18:00,2025-08-01 23:00
ENAUSDT,2025-08,365,372,0.56041206,0.54808299468,-2.200000000000002,-20.701615041749587,-21.454401043267755,0.3763930007590835,0.3763930007590835,STOP_LOSS,1.2437907007094953,2919.1159173870715,2025-08-02 06:25,2025-08-02 07:00
GALAUSDT,2025-08,270,477,0.014712942,0.014557088000000001,-1.0592986773141577,-8.551082162870504,-9.196874126629147,0.3228959818793213,0.3228959818793213,STALL_EXIT,1.5999903277358654,3717.481893940625,2025-08-01 22:30,2025-08-02 15:45
FILUSDT,2025-08,270,509,2.2564512,2.2385522,-0.7932367427223697,-9.418425707489611,-10.368298571438476,0.47493643197443236,0.47493643197443236,STALL_EXIT,2.0749035917053957,4894.929611737241,2025-08-01 22:30,2025-08-02 18:25
ENAUSDT,2025-08,1074,1152,0.6066213,0.6003799000000001,-1.028879137610228,-16.116131064278335,-17.369233044883067,0.6265509903023669,0.6265509903023669,STALL_EXIT,1.3358375255400745,4877.560378692358,2025-08-04 17:30,2025-08-05 00:00
CRVUSDT,2025-08,1153,1191,0.91858368,0.89837483904,-2.200000000000002,-34.33802506599416,-35.5866805229394,0.6243277284726219,0.6243277284726219,STOP_LOSS,2.351486266308862,4841.973698169419,2025-08-05 00:05,2025-08-05 03:15
ORDIUSDT,2025-08,1304,1322,9.1028202,9.1756427616,0.8000000000000007,5.7294997160526835,5.15654974444742,0.28647498580263153,0.28647498580263153,TRAILING_LOCK,-1.358409049245352,2243.2423763275065,2025-08-05 12:40,2025-08-05 14:10
CRVUSDT,2025-08,1294,1323,0.90378072,0.91101096576,0.8000000000000007,12.395452667313672,11.155907400582299,0.6197726333656856,0.6197726333656856,TRAILING_LOCK,-0.8793489937101779,3804.4496397756684,2025-08-05 11:50,2025-08-05 14:15
TIAUSDT,2025-08,1304,1323,1.6863371999999999,1.6492377816,-2.200000000000002,-23.17513328853773,-24.01786540812092,0.4213660597915954,0.4213660597915954,STOP_LOSS,0.713191180266867,4834.2682899063275,2025-08-05 12:40,2025-08-05 14:15
ORDIUSDT,2025-08,1324,1339,8.960791799999999,8.763654380399998,-2.200000000000002,-15.731050276715402,-16.30308846859596,0.2860190959402791,0.2860190959402791,STOP_LOSS,2.000827645510118,2218.2210985648344,2025-08-05 14:20,2025-08-05 15:35
ENAUSDT,2025-08,1324,1342,0.5821164,0.5888146032,1.150663887840997,12.101978200727778,11.260587186124209,0.420695507301785,0.420695507301785,TRAILING_LOCK,-0.8516438234968053,3281.6411495127227,2025-08-05 14:20,2025-08-05 15:50
JUPUSDT,2025-08,1324,1389,0.46669332,0.46180762,-1.0468759227151625,-16.194813045274753,-17.43238572749077,0.61878634110801,0.61878634110801,STALL_EXIT,1.1243599661694739,4811.793402896365,2025-08-05 14:20,2025-08-05 19:45
ENAUSDT,2025-08,1546,1656,0.5662132200000001,0.6030170793,6.499999999999995,68.04519497181025,67.20771564908028,0.4187396613649866,0.4187396613649866,TAKE_PROFIT,0.5444158735621261,3338.611320063038,2025-08-06 08:50,2025-08-06 18:00
CRVUSDT,2025-08,1417,1658,0.8746749,0.9315287685,6.499999999999995,100.0853027802443,98.85348366910283,0.6159095555707347,0.6159095555707347,TAKE_PROFIT,0.3404330179846703,4977.854602214548,2025-08-05 22:05,2025-08-06 18:10
POLUSDT,2025-08,2020,2186,0.23334666,0.24851419289999999,6.499999999999995,103.53937572606243,102.2650449478955,0.6371653890834622,0.6371653890834622,TAKE_PROFIT,0.1150063489995574,5080.1196471624435,2025-08-08 00:20,2025-08-08 14:10
BONKUSDT,2025-08,2281,2344,2.6085216e-05,2.5804837999999998e-05,-1.0748540475953972,-17.473238928068607,-18.773749557742196,0.6502553148367928,0.6502553148367928,STALL_EXIT,4.709047194948486,5061.3458976047,2025-08-08 22:05,2025-08-09 03:20
JUPUSDT,2025-08,2685,2718,0.515103,0.519223824,0.8000000000000007,8.809132436726586,7.928219193053931,0.4404566218363268,0.4404566218363268,TRAILING_LOCK,-0.19718355604576546,2700.060812162188,2025-08-10 07:45,2025-08-10 10:30
RENDERUSDT,2025-08,2685,2719,3.8597718,3.8906499744,0.8000000000000007,12.95704549786811,11.661340948081307,0.6478522748934017,0.6478522748934017,TRAILING_LOCK,0.5487521555647624,4332.000692618667,2025-08-10 07:45,2025-08-10 10:35
ENAUSDT,2025-08,2689,2764,0.71834364,0.7650359765999999,6.499999999999995,48.66129521517986,48.062386966377645,0.29945412440110725,0.29945412440110725,TAKE_PROFIT,5.8773737151330945,5128.997844712214,2025-08-10 08:05,2025-08-10 14:20
ORDIUSDT,2025-08,3139,3232,9.6689334,9.7462848672,0.8000000000000007,13.130234482463225,11.817211034216898,0.6565117241231634,0.6565117241231634,TRAILING_LOCK,-0.6185420190505801,5140.8150557464305,2025-08-11 21:35,2025-08-12 05:20
TRXUSDT,2025-09,1704,1753,0.30506099999999997,0.32488996499999995,6.499999999999995,72.69800124247303,71.80325661179643,0.447372315338296,0.447372315338296,TAKE_PROFIT,2.4962405348531074,3566.899470192234,2025-09-06 22:00,2025-09-07 02:05
XRPUSDT,2025-09,1659,2177,2.80276044,2.9849398686,6.499999999999995,106.92895315952575,105.61290450525465,0.6580243271355432,0.6580243271355432,TAKE_PROFIT,0.383931734121493,5318.231216863482,2025-09-06 18:15,2025-09-08 13:25
RENDERUSDT,2025-09,2479,2549,3.8087615999999995,3.759248,-1.2999921024198446,-22.123707458448614,-23.485174649965664,0.6807335957585257,0.6807335957585257,STALL_EXIT,2.5471051657139956,5294.746042213516,2025-09-09 14:35,2025-09-09 20:25
DOGEUSDT,2025-09,3661,3662,0.289637916,0.283265881848,-2.200000000000002,-25.34223705173096,-26.26377294452118,0.4607679463951088,0.4607679463951088,STOP_LOSS,2.906851364619476,3573.4858082672663,2025-09-13 17:05,2025-09-13 17:10
BONKUSDT,2025-09,4123,4128,2.3714742e-05,2.3193017676e-05,-2.200000000000002,-25.157340090201565,-26.072152457117987,0.45740618345821016,0.45740618345821016,STOP_LOSS,1.0217830526004774,3547.413655810148,2025-09-15 07:35,2025-09-15 08:00
DOGEUSDT,2025-09,4486,4872,0.26086216199999995,0.27781820252999995,6.499999999999995,73.78620404085108,72.87806614496368,0.454068947943699,0.454068947943699,TAKE_PROFIT,2.8802279321982165,3620.291721955112,2025-09-16 13:50,2025-09-17 22:00
CRVUSDT,2025-09,6056,6077,0.7611522,0.7444068516,-2.199999999999991,-25.486853722563946,-26.413648403384453,0.4633973404102543,0.4633973404102543,STOP_LOSS,0.5229866425372368,2805.935831126607,2025-09-22 00:40,2025-09-22 02:25
DOGEUSDT,2025-09,6056,6079,0.250880166,0.245360802348,-2.200000000000002,-17.32779821406705,-17.957899967305856,0.3150508766194005,0.3150508766194005,STOP_LOSS,1.7847992059419833,3575.9201735844217,2025-09-22 00:40,2025-09-22 02:35
NEARUSDT,2025-09,6456,6516,3.0326064,3.0568672512000004,0.8000000000000007,9.1543556443762,8.238920079938588,0.457717782218806,0.457717782218806,TRAILING_LOCK,0.3969013962002038,3584.15909366436,2025-09-23 10:00,2025-09-23 15:00
TRXUSDT,2025-09,2742,6971,0.33726744,0.33403318000000004,-0.9589600466620607,-16.247839717455452,-17.603294704262115,0.6777274934033302,0.6777274934033302,STALL_EXIT,0.46906118727485957,5261.552259961827,2025-09-10 12:30,2025-09-25 04:55
DOGEUSDT,2025-09,7062,7122,0.227155422,0.224365118,-1.2283677736734777,-20.68198795403509,-22.02894533258532,0.6734786892751139,0.6734786892751139,STALL_EXIT,2.1593739896769493,3315.80758295875,2025-09-25 12:30,2025-09-25 17:30
ICPUSDT,2025-09,7062,7123,4.0868172000000005,4.0411916,-1.116409121504136,-12.779515772565734,-13.695274379435435,0.4578793034348502,0.4578793034348502,STALL_EXIT,2.56875719527872,4447.268446469875,2025-09-25 12:30,2025-09-25 17:35
BONKUSDT,2025-09,7062,7123,1.9173834000000002e-05,1.8916215999999997e-05,-1.3435914799304394,-10.456477777097323,-11.079076412667039,0.3112993177848585,0.3112993177848585,STALL_EXIT,2.6103740832733227,5214.748963837139,2025-09-25 12:30,2025-09-25 17:35
TRXUSDT,2025-09,7512,7985,0.33816762,0.33513296,-0.8973833745525406,-14.974812872360165,-16.309788607102472,0.6674878673711538,0.6674878673711538,STALL_EXIT,0.020004000800165463,5198.439175230036,2025-09-27 02:00,2025-09-28 17:25
INJUSDT,2025-10,1088,1217,12.122423999999999,12.910381559999998,6.499999999999995,108.12753484478459,106.79673441592571,0.6654002144294446,0.6654002144294446,TAKE_PROFIT,1.9334706634340761,5305.235909645962,2025-10-04 18:40,2025-10-05 05:25
TRXUSDT,2025-10,1703,1906,0.34606919999999997,0.34263146,-0.9933678004283464,-16.86416168421912,-18.222302077088486,0.6790701964346832,0.6790701964346832,STALL_EXIT,0.04918987882782124,5287.013607568873,2025-10-06 21:55,2025-10-07 14:50
RENDERUSDT,2025-10,3593,3610,2.8225644,2.8451449152,0.8000000000000007,13.53475483537634,12.181279351838707,0.6767377417688158,0.6767377417688158,TRAILING_LOCK,2.4552381998823223,5299.194886920712,2025-10-13 11:25,2025-10-13 12:50
ENAUSDT,2025-10,5665,5697,0.4605921,0.4504590738,-2.200000000000002,-25.363530552170342,-26.285840754067447,0.46115510094855144,0.46115510094855144,STOP_LOSS,1.5630556935181488,2792.3587569854644,2025-10-20 16:05,2025-10-20 18:45
RENDERUSDT,2025-10,5665,5762,2.5765152000000002,2.5971273216000004,0.8000000000000007,6.270528815841915,5.643475934257727,0.3135264407920936,0.3135264407920936,TRAILING_LOCK,-1.1985289031122304,3582.131861340748,2025-10-20 16:05,2025-10-21 00:10
APTUSDT,2025-10,5665,5783,3.25065,3.2766552,0.8000000000000007,13.565938910517115,12.209345019465413,0.6782969455258512,0.6782969455258512,TRAILING_LOCK,-1.4238666308252392,5290.761867120367,2025-10-20 16:05,2025-10-21 01:55
ENAUSDT,2025-11,460,523,0.36877374,0.37197471512,0.8680051676130729,14.695707652066172,13.341272614083358,0.677217518991407,0.677217518991407,TRAILING_LOCK,-0.5577570290848145,4152.589645826064,2025-11-02 14:20,2025-11-02 19:35
JUPUSDT,2025-11,465,606,0.39377873999999996,0.39102178,-0.7001292146955329,-8.05885883847852,-8.97970129662197,0.4604212290717259,0.4604212290717259,STALL_EXIT,0.6593545761057146,5295.123438437829,2025-11-02 14:45,2025-11-03 02:30
ICPUSDT,2025-11,1445,1490,5.6421282,6.008866533,6.499999999999995,110.13856751950678,108.78301591926669,0.6777758001200421,0.6777758001200421,TAKE_PROFIT,4.07952923656658,5403.906454357095,2025-11-06 00:25,2025-11-06 04:10
ICPUSDT,2025-11,1508,1528,5.7621522,6.136692093,6.499999999999995,112.40125425062749,111.01785419831208,0.6917000261577082,0.6917000261577082,TAKE_PROFIT,1.9115820905176353,5514.924308555407,2025-11-06 05:40,2025-11-06 07:20
ICPUSDT,2025-11,1742,1767,6.541308,6.96649302,6.499999999999995,114.71042561795244,113.29860499496226,0.7059103114950922,0.7059103114950922,TAKE_PROFIT,19.141725631126825,5628.222913550369,2025-11-07 01:10,2025-11-07 03:15
FILUSDT,2025-11,1786,1792,2.0124024,2.143208556,6.499999999999995,117.06703660184749,115.6262115359786,0.7204125329344474,0.7204125329344474,TAKE_PROFIT,6.942462206183913,5743.849125086348,2025-11-07 04:50,2025-11-07 05:20
ICPUSDT,2025-11,1949,1988,7.4404878,7.9241195069999995,6.499999999999995,119.47206180179599,118.0016364257739,0.7352126880110526,0.7352126880110526,TAKE_PROFIT,6.144285085174451,5861.850761512122,2025-11-07 18:25,2025-11-07 21:40
FETUSDT,2025-11,2005,2011,0.35037006,0.37314411389999996,6.499999999999995,121.92649583945203,120.42586204450492,0.7503168974735516,0.7503168974735516,TAKE_PROFIT,5.080044249359401,4706.467879809061,2025-11-07 23:05,2025-11-07 23:35
FILUSDT,2025-11,2022,2025,3.0566112,3.1116302015999997,1.8000000000000016,27.109254987700112,25.904399210468995,0.6024278886155598,0.6024278886155598,TRAILING_LOCK,11.581382588930337,4732.37227901953,2025-11-08 00:30,2025-11-08 00:45
GALAUSDT,2025-11,2007,2027,0.010342068,0.010445895184,1.003930587190105,12.803112967340711,11.782874067902435,0.5101194497191385,0.5101194497191385,TRAILING_LOCK,1.5709981108307494,4504.999023897033,2025-11-07 23:15,2025-11-08 00:55
FILUSDT,2025-11,2026,2027,3.0116022,2.9453469516,-2.200000000000002,-33.31590084429753,-34.527388147726526,0.6057436517144998,0.6057436517144998,STOP_LOSS,17.88084925322317,5985.43650868727,2025-11-08 00:50,2025-11-08 00:55
TIAUSDT,2025-11,2063,2078,1.0082016,1.0132426079999999,0.49999999999998934,9.576698413899342,8.0444266676754,0.7661358731119706,0.7661358731119706,TRAILING_LOCK,5.700252984229033,5993.480935354945,2025-11-08 03:55,2025-11-08 05:10
ORDIUSDT,2025-11,2083,2085,6.321264,6.182196192,-2.200000000000002,-42.19410578489883,-43.7284369043497,0.7671655597254331,0.7671655597254331,STOP_LOSS,-0.3105076481532647,4645.29496551305,2025-11-08 05:35,2025-11-08 05:45
FILUSDT,2025-11,2086,2088,3.185637,3.115552986,-2.199999999999991,-32.7028765572118,-33.892072068383136,0.5945977555856704,0.5945977555856704,STOP_LOSS,17.63561770475375,4611.402893444667,2025-11-08 05:50,2025-11-08 06:00
NEARUSDT,2025-11,2084,2122,2.640528,2.81216232,6.499999999999995,84.75583730601801,83.7126885391747,0.5215743834216496,0.5215743834216496,TAKE_PROFIT,13.258042658078143,5999.573114921387,2025-11-08 05:40,2025-11-08 08:50
ICPUSDT,2025-11,2140,2170,8.2896576,8.828485343999999,6.499999999999995,124.7911207903646,123.25523007294473,0.7679453587099376,0.7679453587099376,TAKE_PROFIT,8.772905269943902,6122.828344994332,2025-11-08 10:20,2025-11-08 12:50
ORDIUSDT,2025-11,2179,2185,5.389077599999999,5.270517892799999,-2.200000000000002,-29.305686450078678,-30.371347775536083,0.5328306627287023,0.5328306627287023,STOP_LOSS,1.2613961009566272,4132.36820479245,2025-11-08 13:35,2025-11-08 14:05
NEARUSDT,2025-11,2179,2196,2.8945788,2.8308980664,-2.200000000000002,-43.10471154876012,-44.67215560507867,0.7837220281592745,0.7837220281592745,STOP_LOSS,3.2887773214100866,4724.89807294992,2025-11-08 13:35,2025-11-08 15:00
FILUSDT,2025-11,2187,2199,3.0596118,3.1146848123999997,1.8000000000000016,23.80244085960445,22.74455459917758,0.5289431302134338,0.5289431302134338,TRAILING_LOCK,-2.2694049850114357,6070.529396212895,2025-11-08 14:15,2025-11-08 15:15
FILUSDT,2025-11,2271,2282,2.7725543999999998,2.9527704359999998,6.499999999999995,126.26701144122826,124.71295591579776,0.7770277627152506,0.7770277627152506,TAKE_PROFIT,7.898669031512892,6195.242352128693,2025-11-08 21:15,2025-11-08 22:10
FILUSDT,2025-11,2323,2333,2.8295658,2.843713629,0.49999999999998934,9.912387763405675,8.32640572126073,0.7929910210724728,0.7929910210724728,TRAILING_LOCK,-0.6580700957072222,4855.1986467620145,2025-11-09 01:35,2025-11-09 02:25
FETUSDT,2025-11,2323,2334,0.33176634,0.32446748051999996,-2.200000000000013,-29.652281531322252,-30.730546314279422,0.5391323914785842,0.5391323914785842,STOP_LOSS,-1.3768654143214156,4618.553179145043,2025-11-09 01:35,2025-11-09 02:30
ICPUSDT,2025-11,2333,2334,8.6257248,8.4359588544,-2.199999999999991,-34.18059847320451,-35.42352932677559,0.621465426785538,0.621465426785538,STOP_LOSS,-2.2043594286025825,6137.414682208898,2025-11-09 02:25,2025-11-09 02:30
ICPUSDT,2025-11,2419,2420,7.522504199999999,7.357009107599999,-2.200000000000002,-29.375501019552097,-30.443701056626715,0.5341000185373093,0.5341000185373093,STOP_LOSS,0.9513498131692975,4142.2126937661005,2025-11-09 09:35,2025-11-09 09:40
NEARUSDT,2025-11,2405,2482,2.6885376,2.863292544,6.499999999999995,127.65822538994509,126.08704723129962,0.785589079322739,0.785589079322739,TAKE_PROFIT,4.320461639842834,6233.058028383571,2025-11-09 08:25,2025-11-09 14:50
FILUSDT,2025-11,2593,2605,2.7275454,2.7592694551999997,1.1630990706882338,23.198924801148124,21.603261945881933,0.7978314276330971,0.7978314276330971,TRAILING_LOCK,6.042561174508975,6254.661290329453,2025-11-10 00:05,2025-11-10 01:05
FILUSDT,2025-11,2606,2615,2.6885376,2.6293897728,-2.199999999999991,-44.03281548391927,-45.63400877424362,0.80059664516217,0.80059664516217,STOP_LOSS,11.280572787964559,6209.027281555209,2025-11-10 01:10,2025-11-10 01:55
ICPUSDT,2025-11,2616,2632,7.266452999999999,7.324584623999999,0.8000000000000007,15.89510984078123,14.305598856703094,0.7947554920390668,0.7947554920390668,TRAILING_LOCK,0.21046075363086517,6223.332880411912,2025-11-10 02:00,2025-11-10 03:20
NEARUSDT,2025-11,2718,2719,2.9235846,2.8592657388,-2.199999999999991,-43.81226347809976,-45.405436695485214,0.7965866086927248,0.7965866086927248,STOP_LOSS,1.80935477587726,6177.927443716426,2025-11-10 10:30,2025-11-10 10:35
FILUSDT,2025-11,2743,2759,2.5735145999999998,2.5941027167999997,0.8000000000000007,15.81549425591401,14.233944830322605,0.7907747127957026,0.7907747127957026,TRAILING_LOCK,-1.083330918933945,6192.161388546749,2025-11-10 12:35,2025-11-10 13:55
FETUSDT,2025-11,2764,2782,0.34126824,0.34399838592,0.8000000000000007,15.851933154679573,14.266739839211604,0.7925966577339839,0.7925966577339839,TRAILING_LOCK,1.4248944996910309,6206.42812838596,2025-11-10 14:20,2025-11-10 15:50
FILUSDT,2025-11,2941,2944,2.435487,2.381906286,-2.200000000000013,-43.69325402383731,-45.28209962470412,0.794422800433403,0.794422800433403,STOP_LOSS,2.3130093036750083,6161.146028761255,2025-11-11 05:05,2025-11-11 05:20
ENAUSDT,2025-11,3346,3358,0.32236445999999996,0.31527244188,-2.200000000000002,-43.374468042479165,-44.95172142584205,0.7886266916814407,0.7886266916814407,STOP_LOSS,0.3893642313549449,3863.571325551481,2025-11-12 14:50,2025-11-12 15:50
APTUSDT,2025-11,3346,3362,3.065613,3.0809410649999998,0.49999999999998934,6.702065076585485,5.629734664331795,0.5361652061268446,0.5361652061268446,TRAILING_LOCK,-0.2577480332295744,5210.150240739051,2025-11-12 14:50,2025-11-12 16:10
POLUSDT,2025-11,3346,3362,0.17463492,0.17079295176,-2.199999999999991,-20.048804106092813,-20.777851528132555,0.36452371101987,0.36452371101987,STOP_LOSS,0.23832847655913436,6101.046190471613,2025-11-12 14:50,2025-11-12 16:10
ICPUSDT,2025-11,3482,3505,6.2352468,6.0980713704,-2.200000000000002,-42.95136518092018,-44.51323300568092,0.7809339123803665,0.7809339123803665,STOP_LOSS,2.4094278448952102,6056.532957465932,2025-11-13 02:10,2025-11-13 04:05
ICPUSDT,2025-11,4129,4136,5.3470692,5.229433677599999,-2.200000000000013,-42.637992020560354,-44.188464457671635,0.7752362185556393,0.7752362185556393,STOP_LOSS,1.8274698235366094,6012.34449300826,2025-11-15 08:05,2025-11-15 08:40
FILUSDT,2025-11,4280,4323,2.0574114,2.0121483492,-2.200000000000002,-42.32690523077819,-43.8660654209883,0.7695800951050573,0.7695800951050573,STOP_LOSS,3.0242129425593203,5968.478427587272,2025-11-15 20:40,2025-11-16 00:15
CRVUSDT,2025-11,4511,4528,0.42108419999999996,0.41182034759999997,-2.200000000000002,-42.018088130214366,-43.546018607676714,0.7639652387311708,0.7639652387311708,STOP_LOSS,3.2974699961134295,4625.916573438212,2025-11-16 15:55,2025-11-16 17:20
FILUSDT,2025-11,4511,4528,1.9443887999999998,1.9016122463999998,-2.200000000000002,-28.566921613265112,-29.60571876283839,0.5193985747866385,0.5193985747866385,STOP_LOSS,2.071282075226766,5895.326690216757,2025-11-16 15:55,2025-11-16 17:20
FETUSDT,2025-11,6151,6173,0.27215442,0.27433165536000004,0.8000000000000007,15.092036326955101,13.582832694259613,0.7546018163477449,0.7546018163477449,TRAILING_LOCK,0.6081487890307992,4625.814875054998,2025-11-22 08:35,2025-11-22 10:25
DOGEUSDT,2025-11,6151,6486,0.13592717999999998,0.14476244669999996,6.499999999999995,83.36780498864562,82.34173969647767,0.513032646083974,0.513032646083974,TAKE_PROFIT,2.0637626457028024,4510.398398285888,2025-11-22 08:35,2025-11-23 12:30
ORDIUSDT,2025-11,6202,6654,3.7577514,4.002005241,6.499999999999995,96.21694940114394,95.03274079312986,0.5921043040070398,0.5921043040070398,TAKE_PROFIT,1.374180084438335,6086.284003400624,2025-11-22 12:50,2025-11-24 02:30
FETUSDT,2025-11,7383,7388,0.25935186,0.25364611908,-2.199999999999991,-42.84743938394024,-44.4055280888108,0.7790443524352799,0.7790443524352799,STOP_LOSS,6.802343746705657,6041.878475311813,2025-11-26 15:15,2025-11-26 15:40
TIAUSDT,2025-11,7802,7864,0.6241248,0.619876,-0.6807612836407184,-13.161846228654346,-14.708567118334171,0.7733604448399122,0.7733604448399122,STALL_EXIT,2.762487981467266,6027.169908193479,2025-11-28 02:10,2025-11-28 07:20
APTUSDT,2025-11,7973,8038,2.1484296,2.124575,-1.1103272827743593,-21.414819798348244,-22.957775294845778,0.7714777482487655,0.7714777482487655,STALL_EXIT,1.7615287763434955,6004.212132898634,2025-11-28 16:25,2025-11-28 21:50
TIAUSDT,2025-11,8229,8441,0.6131226,0.652975569,6.499999999999995,124.88761236429164,123.3505340582696,0.7685391530110252,0.7685391530110252,TAKE_PROFIT,3.679223563722653,4820.769531116089,2025-11-29 13:45,2025-11-30 07:25
ENAUSDT,2025-11,8534,8606,0.270054,0.272214432,0.8000000000000007,12.34116999965713,11.107052999691412,0.6170584999828594,0.6170584999828594,TRAILING_LOCK,-1.1441098023781486,4831.87658411578,2025-11-30 15:10,2025-11-30 21:10
ICPUSDT,2025-11,8236,8633,3.9487896,3.9142170000000003,-0.8755239833492245,-11.436712631994892,-12.481729134066716,0.5225082510359118,0.5225082510359118,STALL_EXIT,0.17329136325348182,6126.187990822529,2025-11-29 14:20,2025-11-30 23:25
ICPUSDT,2025-12,1028,1092,3.7047408,3.7385431104,0.9124068922716555,17.886643667770613,16.318339542120043,0.7841520628252838,0.7841520628252838,TRAILING_LOCK,-0.9507208918127862,6142.506330364649,2025-12-04 13:40,2025-12-04 19:00
TIAUSDT,2025-12,1901,1941,0.5521104,0.587997576,6.499999999999995,86.86325572782368,85.79416950348124,0.5345431121712223,0.5345431121712223,TAKE_PROFIT,0.17048097490795544,4261.912233341156,2025-12-07 14:25,2025-12-07 17:45
ORDIUSDT,2025-12,1901,1993,3.9867972000000003,4.1311584336,3.620982617324997,71.1741076769891,69.60162605641575,0.7862408102866751,0.7862408102866751,TRAILING_LOCK,-2.0371630609834055,4933.544686489508,2025-12-07 14:25,2025-12-07 22:05
RENDERUSDT,2025-12,1990,1993,1.5993198,1.5641347643999999,-2.200000000000002,-30.00386212272181,-31.094911654457146,0.545524765867668,0.545524765867668,STOP_LOSS,3.4437720346087226,6266.807214270089,2025-12-07 21:50,2025-12-07 22:05
BONKUSDT,2025-12,2551,2600,9.95199e-06,1.003160592e-05,0.8000000000000007,16.043026468531473,14.43872382167833,0.8021513234265715,0.8021513234265715,TRAILING_LOCK,-1.3119127789661023,6281.245938091768,2025-12-09 20:35,2025-12-10 00:40
ORDIUSDT,2025-12,3919,4077,4.3588716,4.642198253999999,6.499999999999995,130.64991551230864,129.04191655215712,0.8039994800757464,0.8039994800757464,TAKE_PROFIT,1.7621338323824398,6410.287854643925,2025-12-14 14:35,2025-12-15 03:45
TRXUSDT,2025-12,4187,4247,0.28195637999999995,0.27884422,-1.1037735695145434,-22.641620182195254,-24.2826538729841,0.8205168453944225,0.8205168453944225,STALL_EXIT,0.19931558918452955,6386.005200770941,2025-12-15 12:55,2025-12-15 17:55
TRXUSDT,2025-12,4557,4950,0.28065612,0.27784442,-1.0018309951694726,-20.472633425426483,-22.107450756823845,0.8174086656986805,0.8174086656986805,STALL_EXIT,0.05599536603975852,6363.897750014117,2025-12-16 19:45,2025-12-18 04:30
HBARUSDT,2025-12,7186,7338,0.110102016,0.11725864704,6.499999999999995,89.99402653483004,88.88640774670905,0.5538093940604926,0.5538093940604926,TAKE_PROFIT,-1.730061783254222,3473.8470284472105,2025-12-25 22:50,2025-12-26 11:30
ALGOUSDT,2025-12,7186,8600,0.1155231,0.11447710000000001,-0.9054466163044395,-8.522957689310447,-9.275996690027837,0.3765195003586952,0.3765195003586952,STALL_EXIT,0.6314800077919379,3294.1706006315308,2025-12-25 22:50,2025-12-30 20:40
FILUSDT,2025-12,8359,8840,1.2932586,1.2867426,-0.5038435468358693,-5.600881305529931,-6.490186144812418,0.444652419641243,0.444652419641243,STALL_EXIT,0.25315086327289366,4399.7561160094665,2025-12-30 00:35,2025-12-31 16:40
TRXUSDT,2025-12,5636,8927,0.27945588,0.2845,1.8049790185126868,36.7574461271538,35.128288303150185,0.8145789120018071,0.8145789120018071,MONTH_END,0.0,6472.146263229136,2025-12-20 13:40,2025-12-31 23:55
RENDERUSDT,2026-01,997,1074,1.765353,1.880100945,6.499999999999995,134.62064227516598,132.96377283177932,0.8284347216933294,0.8284347216933294,TAKE_PROFIT,6.909153221025581,6605.110036060915,2026-01-04 11:05,2026-01-04 17:30
RENDERUSDT,2026-01,1350,1392,2.1044208,2.241208152,6.499999999999995,137.38628875006685,135.69538058083526,0.8454540846157972,0.8454540846157972,TAKE_PROFIT,3.069409146072035,6740.80541664175,2026-01-05 16:30,2026-01-05 20:00
RENDERUSDT,2026-01,1600,1655,2.4144828,2.5360262064,5.0339313413207964,73.82376874093254,72.65055021671543,0.5866092621085516,0.5866092621085516,TRAILING_LOCK,-2.0514853619692426,4655.535410439775,2026-01-06 13:20,2026-01-06 17:55
RENDERUSDT,2026-01,2323,2384,2.1374274,2.276360181,6.499999999999995,96.8351365371472,95.64331947207464,0.5959085325362913,0.5959085325362913,TAKE_PROFIT,2.1806662853412586,4751.17872991185,2026-01-09 01:35,2026-01-09 06:40
POLUSDT,2026-01,2867,2892,0.17713542000000002,0.17857437496,0.8123473893589361,12.350744440389123,11.13444268553169,0.6081508774287168,0.6081508774287168,TRAILING_LOCK,3.8782860315492123,4762.313172597382,2026-01-10 22:55,2026-01-11 01:00
POLUSDT,2026-01,2985,3012,0.17463492,0.17079295176,-2.199999999999991,-22.793854204212053,-23.622721629819765,0.41443371280385627,0.41443371280385627,STOP_LOSS,2.463244646015469,3214.140659650307,2026-01-11 08:45,2026-01-11 11:00
CRVUSDT,2026-01,2940,3022,0.40798157999999995,0.40351928000000004,-1.0937503600039755,-16.668101590336242,-17.88725376252117,0.6095760860924649,0.6095760860924649,STALL_EXIT,0.6395530840558549,4720.803197205041,2026-01-11 05:00,2026-01-11 11:50
RENDERUSDT,2026-01,3133,3146,2.560512,2.5809960960000002,0.8000000000000007,12.085256184844974,10.876730566360484,0.6042628092422453,0.6042628092422453,TRAILING_LOCK,2.7122824443047726,4731.679927771402,2026-01-11 21:05,2026-01-11 22:10
POLUSDT,2026-01,3236,3249,0.15623124,0.15279415272,-2.200000000000002,-33.311026691510676,-34.522336753020156,0.6056550307547395,0.6056550307547395,STOP_LOSS,5.17418182519571,4697.157591018382,2026-01-12 05:40,2026-01-12 06:45
POLUSDT,2026-01,3435,3476,0.15123024,0.15244008192,0.8000000000000007,8.175272769845442,7.357745492860905,0.40876363849226877,0.40876363849226877,TRAILING_LOCK,1.0232991614493092,3200.8236712137104,2026-01-12 22:15,2026-01-13 01:40
CRVUSDT,2026-01,3379,3597,0.38927784,0.41458089959999994,6.499999999999995,97.7008778931822,96.49840554988148,0.6012361716503529,0.6012361716503529,TAKE_PROFIT,0.6317465185991589,4801.0137420611245,2026-01-12 17:35,2026-01-13 11:45
RENDERUSDT,2026-01,3967,4027,2.3284656,2.289542,-1.671641616693842,-17.460362561577927,-18.29596571417763,0.4178015762998504,0.4178015762998504,STALL_EXIT,0.15103457372698045,3245.7788491284036,2026-01-14 18:35,2026-01-14 23:35
ENAUSDT,2026-01,3967,4042,0.23744748,0.23475304000000002,-1.134751988102789,-17.4334716438805,-18.66253116184815,0.614529758983824,0.614529758983824,STALL_EXIT,1.170148850894525,4764.055245185099,2026-01-14 18:35,2026-01-15 00:50
ICPUSDT,2026-01,4062,4066,4.4838966,4.506316082999999,0.49999999999998934,7.62248839229592,6.402890249528535,0.6097990713836927,0.6097990713836927,TRAILING_LOCK,5.296652800286964,4770.458135434627,2026-01-15 02:30,2026-01-15 02:50
ICPUSDT,2026-01,4067,4095,4.370874,4.65498081,6.499999999999995,99.22552921704023,98.00429193436896,0.6106186413356324,0.6106186413356324,TAKE_PROFIT,1.9338251579172565,4868.462427368996,2026-01-15 02:55,2026-01-15 05:15
ICPUSDT,2026-01,4134,4220,4.2568512,4.2051588,-1.2143342008289926,-18.918209379216357,-20.16453576062282,0.6231631907032316,0.6231631907032316,STALL_EXIT,3.230346497259503,4848.297891608374,2026-01-15 08:30,2026-01-15 15:40
TRXUSDT,2026-01,1393,4290,0.29245847999999997,0.3114682812,6.499999999999995,140.20875266614848,138.48310647948819,0.8628230933301441,0.8628230933301441,TAKE_PROFIT,0.39545561276883034,7144.701554506552,2026-01-05 20:05,2026-01-15 21:30
CRVUSDT,2026-01,4845,4851,0.43978794,0.43011260532,-2.199999999999991,-50.29869894372603,-52.1277425416797,0.9145217989768387,0.9145217989768387,STOP_LOSS,-0.14242905518759252,7092.573811964873,2026-01-17 19:45,2026-01-17 20:15
RENDERUSDT,2026-01,5178,5181,2.140428,2.093338584,-2.200000000000002,-49.931719636232636,-51.747418532095644,0.9078494479315038,0.9078494479315038,STOP_LOSS,0.03159622648028369,4447.657087876937,2026-01-18 23:30,2026-01-18 23:45
GALAUSDT,2026-01,5178,5181,0.007371473999999999,0.007209301571999999,-2.200000000000002,-33.947178092524894,-35.18162093225307,0.6172214198640874,0.6172214198640874,STOP_LOSS,0.5645266409449263,5956.146238024767,2026-01-18 23:30,2026-01-18 23:45
BONKUSDT,2026-01,5178,5181,9.871974e-06,9.654790572e-06,-2.200000000000002,-23.079735864121094,-23.918998986452767,0.4196315611658368,0.4196315611658368,STOP_LOSS,0.4682590229467357,6981.725773514072,2026-01-18 23:30,2026-01-18 23:45
ORDIUSDT,2026-01,5343,5445,4.457891399999999,4.4111176,-1.0492359683773267,-23.441528969337515,-25.22885076735712,0.8936608990098014,0.8936608990098014,STALL_EXIT,1.5388934541214732,6956.4969227467145,2026-01-19 13:15,2026-01-19 21:45
ENSUSDT,2026-01,7106,7136,8.821764,8.627685192,-2.200000000000002,-33.29587343006612,-34.5066324638867,0.6053795169102918,0.6053795169102918,STOP_LOSS,0.7222656670155427,3665.6578055127616,2026-01-25 16:10,2026-01-25 18:40
FETUSDT,2026-01,7107,7145,0.22084415999999998,0.21598558848,-2.200000000000002,-22.636932060645833,-23.4600932264875,0.4115805829208339,0.4115805829208339,STOP_LOSS,1.3030552361416536,4671.560750171279,2026-01-25 16:15,2026-01-25 19:25
TRXUSDT,2026-01,6990,7661,0.29585916,0.29822603328,0.8000000000000007,17.808632122231696,16.027768910008536,0.8904316061115795,0.8904316061115795,TRAILING_LOCK,-1.0146777753499838,6914.557965966348,2026-01-25 06:30,2026-01-27 14:25
JUPUSDT,2026-01,8702,8738,0.20634126,0.21012390488000002,1.8331984984486516,40.56242329806605,38.792296458778665,0.8850634196436926,0.8850634196436926,TRAILING_LOCK,-3.628290119752892,6953.350262425127,2026-01-31 05:10,2026-01-31 08:10
ICPUSDT,2026-01,8785,8813,2.8435686,2.7810100907999997,-2.200000000000002,-48.95158584747295,-50.731643514653776,0.8900288335904163,0.8900288335904163,STOP_LOSS,1.9413776806710266,5389.249305350363,2026-01-31 12:05,2026-01-31 14:25
ORDIUSDT,2026-01,8812,8813,3.3316662,3.2583695435999998,-2.200000000000002,-33.28081257329316,-34.491023939594726,0.6051056831507835,0.6051056831507835,STOP_LOSS,-0.2875531297057156,6868.127594970878,2026-01-31 14:20,2026-01-31 14:25
ICPUSDT,2026-02,3361,3362,2.375475,2.32321455,-2.199999999999991,-48.35161826859489,-50.10985893290743,0.8791203321562724,0.8791203321562724,STOP_LOSS,2.788612442187056,6818.017736037971,2026-02-12 16:05,2026-02-12 16:10
APTUSDT,2026-02,4246,4507,0.9111822,0.9038192,-0.8080710970868377,-11.986291456610743,-13.17294857129506,0.5933285573421577,0.5933285573421577,STALL_EXIT,1.4583447662983915,3613.334335848056,2026-02-15 17:50,2026-02-16 15:35
ICPUSDT,2026-02,4246,4512,2.365473,2.3535292,-0.5049222713596868,-5.0919829768389615,-5.8987579227136155,0.40338747293732746,0.40338747293732746,STALL_EXIT,1.4646429710750901,4616.307647741598,2026-02-15 17:50,2026-02-16 16:00
ENSUSDT,2026-02,5030,5053,6.8813759999999995,6.936427008,0.8000000000000007,11.817747578218578,10.635972820396729,0.5908873789109246,0.5908873789109246,TRAILING_LOCK,0.33984343773548825,4626.943620561995,2026-02-18 11:10,2026-02-18 13:05
DOGEUSDT,2026-02,5249,5376,0.097089414,0.097866129312,0.8000000000000007,11.844975668638806,10.660478101774935,0.5922487834319354,0.5922487834319354,TRAILING_LOCK,0.6068194299446786,3630.5680330752884,2026-02-19 05:25,2026-02-19 16:00
INJUSDT,2026-02,5281,5376,3.1996398,3.2916043223999996,2.874214853809476,28.9328070575396,28.12750032776073,0.40265336488943676,0.40265336488943676,TRAILING_LOCK,9.217258451610808,4665.7315989915305,2026-02-19 08:05,2026-02-19 16:00
INJUSDT,2026-02,5377,5391,3.1056209999999997,3.3074863649999995,6.499999999999995,97.04721725902371,95.85278996968188,0.5972136446709159,0.5972136446709159,TAKE_PROFIT,8.692813915802818,4761.584388961212,2026-02-19 16:05,2026-02-19 17:15
INJUSDT,2026-02,5473,5655,3.190638,3.3980294699999996,6.499999999999995,99.04095529039307,97.821989686819,0.6094828017870352,0.6094828017870352,TAKE_PROFIT,2.029721360833299,4859.406378648031,2026-02-20 00:05,2026-02-20 15:15
INJUSDT,2026-02,6050,6079,3.6987395999999997,3.7283295167999997,0.8000000000000007,12.440080329338963,11.196072296405069,0.622004016466948,0.622004016466948,TRAILING_LOCK,-0.5452714602717893,4870.602450944436,2026-02-22 00:10,2026-02-22 02:35
TRXUSDT,2026-02,3583,8063,0.27825563999999997,0.2819,1.3097164894842805,28.574944814352655,26.829532273926937,0.8727062702128604,0.8727062702128604,MONTH_END,0.0,7080.070365020727,2026-02-13 10:35,2026-02-28 23:55
NEARUSDT,2026-03,202,233,1.1412282,1.1503580256000001,0.8000000000000007,18.12498013445323,16.312482121007925,0.9062490067226531,0.9062490067226531,TRAILING_LOCK,0.7512421531107644,7096.3828471417355,2026-03-01 16:50,2026-03-01 19:25
DOGEUSDT,2026-03,1137,1158,0.099949986,0.097751086308,-2.200000000000002,-33.96540927332575,-35.20051506508304,0.6175528958786491,0.6175528958786491,STOP_LOSS,1.1139658218927422,4789.431483986863,2026-03-04 22:45,2026-03-05 00:30
TRXUSDT,2026-03,1124,1217,0.28745748,0.2844431,-1.0486350885703155,-23.812851377412187,-25.62952538628047,0.9083370044341422,0.9083370044341422,STALL_EXIT,0.16062966547614702,7035.552806690372,2026-03-04 21:40,2026-03-05 05:25
CRVUSDT,2026-03,2811,2887,0.24234846,0.23965206,-1.112612805544544,-25.049107669787325,-26.850209188300063,0.9005507592563676,0.9005507592563676,STALL_EXIT,0.22863980388902008,7008.7025975020715,2026-03-10 18:15,2026-03-11 00:35
ICPUSDT,2026-03,3076,3093,2.6525304000000003,2.5941747312000003,-2.200000000000002,-49.34126628641457,-51.135494151375106,0.8971139324802653,0.8971139324802653,STOP_LOSS,3.848054936292706,6957.567103350697,2026-03-11 16:20,2026-03-11 17:45
ICPUSDT,2026-03,3174,3230,2.6085216,2.5511341248,-2.200000000000002,-48.98127240758898,-50.762409586046765,0.8905685892288892,0.8905685892288892,STOP_LOSS,1.8762586700043775,6906.80469376465,2026-03-12 00:30,2026-03-12 05:10
FETUSDT,2026-03,3536,3545,0.1840368,0.1799879904,-2.200000000000002,-48.62390504410324,-50.39204704570699,0.8840710008018753,0.8840710008018753,STOP_LOSS,2.7846355686629223,6856.4126467189435,2026-03-13 06:40,2026-03-13 07:25
FETUSDT,2026-03,4544,4548,0.23934786,0.24054459929999997,0.49999999999998934,10.97026023475005,9.21501859719,0.8776208187800248,0.8776208187800248,TRAILING_LOCK,5.4274345539214215,6865.627665316134,2026-03-16 18:40,2026-03-16 19:00
FETUSDT,2026-03,4751,4755,0.23264652,0.22752829655999998,-2.200000000000002,-48.33401876382571,-50.09161944614664,0.8788003411604652,0.8788003411604652,STOP_LOSS,4.953978740410269,6815.536045869988,2026-03-17 11:55,2026-03-17 12:15
FETUSDT,2026-03,5557,5583,0.23194637999999998,0.23571664343999996,1.6254892359173656,35.45145753461899,33.70668030687627,0.8723886138713585,0.8723886138713585,TRAILING_LOCK,-2.5949136856587334,6849.242726176864,2026-03-20 07:05,2026-03-20 09:15
APTUSDT,2026-03,5885,6046,0.9961992,1.0060456096,0.9883976618330959,21.663281586817618,19.90987544891634,0.8767030689506387,0.8767030689506387,TRAILING_LOCK,-2.2907122082827596,6869.152601625781,2026-03-21 10:25,2026-03-21 23:50
FETUSDT,2026-03,6682,6733,0.22744547999999998,0.24222943619999995,6.499999999999995,97.13900596550835,95.94344896900978,0.597778498249283,0.597778498249283,TAKE_PROFIT,-0.2598512426376792,4766.087966541533,2026-03-24 04:50,2026-03-24 09:05
APTUSDT,2026-03,6615,6902,1.0342068,1.101430242,6.499999999999995,142.8783741138162,141.1198710478,0.8792515330081,0.8792515330081,TAKE_PROFIT,2.139922902171416,7106.215921642592,2026-03-23 23:15,2026-03-24 23:10
JUPUSDT,2026-03,8337,8411,0.140028,0.14912982,6.499999999999995,100.49139840644283,99.2545811952866,0.6184086055781111,0.6184086055781111,TAKE_PROFIT,2.662230799983543,4930.571812274278,2026-03-29 22:45,2026-03-30 04:55
FILUSDT,2026-03,8337,8445,0.80016,0.8521703999999999,6.499999999999995,147.8092911701656,145.9900998942251,0.9095956379702517,0.9095956379702517,TAKE_PROFIT,1.27082564707717,7351.460602732102,2026-03-29 22:45,2026-03-30 07:45
FETUSDT,2026-03,8518,8552,0.23774753999999998,0.23251709411999996,-2.200000000000013,-51.75428264323418,-53.6362565575336,0.9409869571497091,0.9409869571497091,STOP_LOSS,0.03565582148435603,7297.82434617457,2026-03-30 13:50,2026-03-30 16:40
FETUSDT,2026-03,8629,8773,0.22784556,0.22575484,-0.917604012121187,-21.428841279377522,-23.297084311998212,0.9341215163103449,0.9341215163103449,STALL_EXIT,2.5005709733620693,7274.527261862571,2026-03-30 23:05,2026-03-31 11:05
ALGOUSDT,2026-04,712,830,0.11752349999999999,0.12516252749999998,6.499999999999995,151.31016704674138,149.44788806770455,0.9311394895184093,0.9311394895184093,TAKE_PROFIT,1.068588599730874,7423.9751499302765,2026-04-03 11:20,2026-04-03 21:10
ENAUSDT,2026-04,1228,1551,0.07691537999999999,0.08191487969999998,6.499999999999995,154.41868311854958,152.51814548016742,0.9502688191910755,0.9502688191910755,TAKE_PROFIT,2.301316081893746,7576.493295410444,2026-04-05 06:20,2026-04-06 09:15
CRVUSDT,2026-04,3926,3954,0.21594318,0.21767072544000002,0.8000000000000007,19.3958228362508,17.45624055262573,0.9697911418125369,0.9697911418125369,TRAILING_LOCK,-1.0431928480092862,5944.955594203971,2026-04-14 15:10,2026-04-14 17:30
JUPUSDT,2026-04,3926,3969,0.16773354,0.16404340212,-2.200000000000002,-36.26336137415052,-37.582029060483265,0.6593338431663731,0.6593338431663731,STOP_LOSS,1.2536913118246482,7556.367506902587,2026-04-14 15:10,2026-04-14 18:45
ORDIUSDT,2026-04,4562,4567,8.2046406,8.737942238999999,6.499999999999995,157.17244414357364,155.23801406180658,0.967215040883531,0.967215040883531,TAKE_PROFIT,13.642316788036176,7711.605520964393,2026-04-16 20:10,2026-04-16 20:35
ORDIUSDT,2026-04,4576,4577,8.166633,7.986967073999999,-2.200000000000002,-54.28970286758939,-56.263873880956275,0.9870855066834424,0.9870855066834424,STOP_LOSS,34.05589256595954,7655.341647083436,2026-04-16 21:20,2026-04-16 21:25
ORDIUSDT,2026-04,4653,4656,8.3956788,8.437657194,0.49999999999998934,12.248546635333248,10.288779173679888,0.9798837308266799,0.9798837308266799,TRAILING_LOCK,3.381777659833201,7665.630426257116,2026-04-17 03:45,2026-04-17 04:00
ORDIUSDT,2026-04,4670,4673,8.0646126,8.104935663,0.49999999999998934,12.265008682011045,10.302607292889222,0.9812006945609109,0.9812006945609109,TRAILING_LOCK,1.777488964627719,7675.933033550004,2026-04-17 05:10,2026-04-17 05:25
ORDIUSDT,2026-04,4676,4678,7.8155627999999995,7.854640613999998,0.49999999999998934,12.281492853679621,10.31645399709082,0.9825194282944008,0.9825194282944008,TRAILING_LOCK,5.020718392858125,7686.249487547095,2026-04-17 05:40,2026-04-17 05:50
ORDIUSDT,2026-04,4681,4684,7.590517800000001,8.083901457,6.499999999999995,159.87398934097922,157.90630947216715,0.9838399344060281,0.9838399344060281,TAKE_PROFIT,2.0423126615062714,7844.1557970192625,2026-04-17 06:05,2026-04-17 06:20
ORDIUSDT,2026-04,4703,4711,7.378475399999999,7.858076300999999,6.499999999999995,163.15844057800055,161.15033669396362,1.0040519420184657,1.0040519420184657,TAKE_PROFIT,0.7880261864105457,8005.306133713226,2026-04-17 07:55,2026-04-17 08:35
ORDIUSDT,2026-04,4721,4735,7.1794356,7.5308467728,4.8946907859999556,125.3871941497442,123.33783577951363,1.024679185115293,1.024679185115293,TRAILING_LOCK,-0.32993332024417227,8128.643969492739,2026-04-17 09:25,2026-04-17 10:35
ORDIUSDT,2026-04,4738,4739,6.916383,6.764222574,-2.200000000000002,-38.90611952710186,-40.32088750990557,0.7073839914018519,0.7073839914018519,STOP_LOSS,10.966188913582023,5486.1165453170615,2026-04-17 10:50,2026-04-17 10:55
ORDIUSDT,2026-04,4773,4776,6.5923182,6.625279791,0.49999999999998934,8.777786472507138,7.373340636905971,0.7022229178005839,0.7022229178005839,TRAILING_LOCK,0.17690134408996655,5493.489885953968,2026-04-17 13:45,2026-04-17 14:00
ORDIUSDT,2026-04,4777,4780,6.385276800000001,6.417203184,0.49999999999998934,8.789583817526141,7.383250406721926,0.7031667054021079,0.7031667054021079,TRAILING_LOCK,3.4251185399274666,5500.87313636069,2026-04-17 14:05,2026-04-17 14:20
ORDIUSDT,2026-04,4781,4786,6.3402678,6.200781908400001,-2.199999999999991,-38.726146879979176,-40.13437040288752,0.7041117614541684,0.7041117614541684,STOP_LOSS,7.0348884712276085,5460.738765957803,2026-04-17 14:25,2026-04-17 14:50
ORDIUSDT,2026-04,4868,4884,6.186236999999999,6.588342404999999,6.499999999999995,113.58336633192215,112.18541720783696,0.6989745620425988,0.6989745620425988,TAKE_PROFIT,10.634808453007247,5572.92418316564,2026-04-17 21:40,2026-04-17 23:00
ORDIUSDT,2026-04,4898,4899,5.791158,6.16758327,6.499999999999995,115.91682300984515,114.49015441895473,0.713334295445202,0.713334295445202,TAKE_PROFIT,3.54136653593978,5687.414337584594,2026-04-18 00:10,2026-04-18 00:15
ORDIUSDT,2026-04,4951,4985,5.8141625999999995,5.920230048800001,1.8242945045947145,33.20165990850801,31.74568183808636,0.7279890352108281,0.7279890352108281,TRAILING_LOCK,-1.5240970039380424,5719.160019422681,2026-04-18 04:35,2026-04-18 07:25
ORDIUSDT,2026-04,4986,4990,5.731146000000001,5.75980173,0.49999999999998934,9.15065603107618,7.686551066103973,0.7320524824861032,0.7320524824861032,TRAILING_LOCK,0.4201233155989106,5726.846570488785,2026-04-18 07:30,2026-04-18 07:50
ORDIUSDT,2026-04,5044,5047,5.4520902,5.3321442156,-2.200000000000002,-27.410399326262347,-28.407141119944615,0.4983708968411329,0.4983708968411329,STOP_LOSS,7.7990348269904475,3865.115490451406,2026-04-18 12:20,2026-04-18 12:35
NEARUSDT,2026-04,4737,5111,1.3772754,1.3587282,-1.346658772820597,-35.02883108048847,-37.10976393667862,1.0404664280950706,1.0404664280950706,STALL_EXIT,0.24079871161870686,6430.2122631805,2026-04-17 10:45,2026-04-18 17:55
ORDIUSDT,2026-04,5122,5143,5.1470291999999995,5.172764345999999,0.49999999999998934,10.288339621088683,8.642205281714476,0.8230671696871039,0.8230671696871039,TRAILING_LOCK,1.164477056577679,6438.854468462214,2026-04-18 18:50,2026-04-18 20:35
ORDIUSDT,2026-04,5227,5228,4.454890799999999,4.3568832024,-2.199999999999991,-45.329535457973826,-46.97788220190015,0.8241733719631633,0.8241733719631633,STOP_LOSS,7.439189497241052,6391.876586260314,2026-04-19 03:35,2026-04-19 03:40
ORDIUSDT,2026-04,5655,5691,4.3538706,4.636872188999999,6.499999999999995,132.95103299421433,131.3147125881317,0.8181602030413203,0.8181602030413203,TAKE_PROFIT,12.317091947345052,6523.1912988484455,2026-04-20 15:15,2026-04-20 18:15
ORDIUSDT,2026-04,5798,5829,4.7339465999999994,5.041653128999999,6.499999999999995,135.6823790160476,134.01244204354242,0.834968486252601,0.834968486252601,TAKE_PROFIT,1.6134959886884541,6657.203740891987,2026-04-21 03:10,2026-04-21 05:45
ORDIUSDT,2026-04,5873,6134,4.5939186,4.494101000000001,-2.172820389111807,-46.287705672580834,-47.99194983024918,0.8521220788341743,0.8521220788341743,STALL_EXIT,1.9781264373007996,6609.211791061738,2026-04-21 09:25,2026-04-22 07:10
ORDIUSDT,2026-04,6135,6178,4.4968992000000005,4.5328743936,0.8000000000000007,16.919582185117893,15.227623966606087,0.8459791092559025,0.8459791092559025,TRAILING_LOCK,0.002771009939686153,6624.439415028344,2026-04-22 07:15,2026-04-22 10:50
TRXUSDT,2026-04,4993,6816,0.3275655,0.33266921400000005,1.5580743393306173,28.55312859763882,27.087055875593695,0.7330363610225645,0.7330363610225645,TRAILING_LOCK,-2.335417187116095,8484.85040982137,2026-04-18 08:05,2026-04-24 16:00
GALAUSDT,2026-04,6964,7044,0.003620724,0.003589282,-0.8683898579400107,-23.578105734486577,-25.750227439400845,1.0860608524571356,1.0860608524571356,STALL_EXIT,1.1344330147366497,8459.10018238197,2026-04-25 04:20,2026-04-25 11:00
TRXUSDT,2026-04,7260,8639,0.3240648,0.3266,0.7823126732678265,21.17651608678254,19.010986440092758,1.082764823344892,1.082764823344892,MONTH_END,0.0,8478.111168822063,2026-04-26 05:00,2026-04-30 23:55
ORDIUSDT,2026-05,505,551,5.654130599999999,5.7921504328,2.4410443013113348,45.02481136681931,43.549219585297536,0.7377958907608824,0.7377958907608824,TRAILING_LOCK,-2.6958973978946625,5807.5796161546905,2026-05-02 18:05,2026-05-02 21:55
ORDIUSDT,2026-05,577,642,5.2710539999999995,5.2299538,-0.7797339962747452,-14.490775240921755,-15.977515622657355,0.7433701908678004,0.7433701908678004,STALL_EXIT,1.186362296355279,5791.602100532033,2026-05-03 00:05,2026-05-03 05:30
ORDIUSDT,2026-05,691,787,4.955991,5.278130415,6.499999999999995,120.46532369106615,118.98267355332996,0.7413250688681002,0.7413250688681002,TAKE_PROFIT,4.108833392666377,5910.584774085362,2026-05-03 09:35,2026-05-03 17:35
ENAUSDT,2026-05,985,987,0.1040208,0.1017323424,-2.200000000000002,-28.289825284349845,-29.31854620378075,0.5143604597154514,0.5143604597154514,STOP_LOSS,2.032448630613669,3989.122545323183,2026-05-04 10:05,2026-05-04 10:15
ORDIUSDT,2026-05,985,1134,5.128025399999999,5.0869824,-0.8003665504464741,-15.138029909619794,-16.65113961178565,0.7565548510829264,0.7565548510829264,STALL_EXIT,1.671277651756758,5864.615088269797,2026-05-04 10:05,2026-05-04 22:30
FILUSDT,2026-05,1606,1752,1.0632126,1.054789,-0.7922780448613942,-14.868498483196852,-16.36983994579392,0.750670731298534,0.750670731298534,STALL_EXIT,5.423928387573261,4571.834859739081,2026-05-06 13:50,2026-05-07 02:00
ORDIUSDT,2026-05,1741,1764,5.3370672,5.2196517216,-2.200000000000002,-28.069800628616804,-29.0905206514756,0.510360011429397,0.510360011429397,STOP_LOSS,1.5585001210591143,5819.154727672528,2026-05-07 01:05,2026-05-07 03:00
TRXUSDT,2026-05,184,1887,0.3265653,0.3477920445,6.499999999999995,176.34471231149897,174.1743158522805,1.0851982296092242,1.0851982296092242,TAKE_PROFIT,0.5198380838754388,8707.409815777477,2026-05-01 15:20,2026-05-07 13:15
GALAUSDT,2026-05,1903,2145,0.003660732,0.00389867958,6.499999999999995,181.11412416817146,178.8850272553324,1.1145484564195172,1.1145484564195172,TAKE_PROFIT,16.449682689748,8886.294843032809,2026-05-07 14:35,2026-05-08 10:45
FILUSDT,2026-05,2174,2203,1.0772153999999998,1.1472344009999997,6.499999999999995,184.83493273508225,182.56004125526584,1.1374457399081996,1.1374457399081996,TAKE_PROFIT,10.613837842890852,9068.854884288075,2026-05-08 13:10,2026-05-08 15:35
FILUSDT,2026-05,2417,2482,1.2212442000000001,1.2310141536,0.8000000000000007,23.216268503777457,20.89464165339971,1.1608134251888738,1.1608134251888738,TRAILING_LOCK,-0.4885527580988502,7115.9489588714405,2026-05-09 09:25,2026-05-09 14:50
ORDIUSDT,2026-05,2465,2666,5.4500898,5.393921,-1.0306032021710876,-20.333918281382385,-21.9123273714024,0.78920454501001,0.78920454501001,STALL_EXIT,1.9851792415943912,9067.837198570072,2026-05-09 13:25,2026-05-10 06:10
ORDIUSDT,2026-05,2839,2841,5.2730544,5.1570472032,-2.200000000000002,-63.83757387793332,-66.15894020076726,1.1606831614169693,1.1606831614169693,STOP_LOSS,4.129355198995666,7028.099186589791,2026-05-10 20:35,2026-05-10 20:45
FILUSDT,2026-05,2840,2841,1.1442287999999998,1.1190557663999998,-2.200000000000002,-43.40137902753829,-44.97961099217604,0.7891159823188778,0.7891159823188778,STOP_LOSS,3.6588197683586063,8956.698647377129,2026-05-10 20:40,2026-05-10 20:45
JUPUSDT,2026-05,3188,3248,0.24454889999999999,0.24075184,-1.5526792392032807,-44.502016133064224,-46.79493098679277,1.1464574268642724,1.1464574268642724,STALL_EXIT,0.6430521984795601,8909.903716390336,2026-05-12 01:40,2026-05-12 06:40
ALGOUSDT,2026-05,3353,3606,0.1205241,0.1194761,-0.8695356364411655,-16.855340498570463,-18.406084577794715,0.7753720396121255,0.7753720396121255,STALL_EXIT,0.18740149703580808,6039.1879748919355,2026-05-12 15:25,2026-05-13 12:30
CRVUSDT,2026-05,3349,3607,0.27515502000000003,0.27284542,-0.8393813785407267,-23.93218324521247,-26.213118596608396,1.140467675697963,1.140467675697963,STALL_EXIT,1.1195276798122444,8865.284513215933,2026-05-12 15:05,2026-05-13 12:35
INJUSDT,2026-05,5738,5969,4.8019602,5.114087613,6.499999999999995,85.23350025698156,84.184472561511,0.5245138477352714,0.5245138477352714,TAKE_PROFIT,4.5152215697873705,4181.948907993319,2026-05-20 22:10,2026-05-21 17:25
JUPUSDT,2026-05,5636,6117,0.20544108,0.2187947502,6.499999999999995,125.36698122143817,123.82400299102046,0.7714891152088502,0.7714891152088502,TAKE_PROFIT,2.2419412693934055,6235.267188121674,2026-05-20 13:40,2026-05-22 05:45
ICPUSDT,2026-05,6274,6282,2.5775154,2.5208100611999997,-2.200000000000002,-29.843852359007553,-30.929083353880554,0.5426154974365003,0.5426154974365003,STOP_LOSS,1.5546565527965424,4208.254490368778,2026-05-22 18:50,2026-05-22 19:30
ORDIUSDT,2026-05,6274,6284,4.1748348,4.0829884344,-2.200000000000013,-43.89628100437677,-45.492509404535916,0.7981142000795743,0.7981142000795743,STOP_LOSS,1.8861568392200767,6158.8455953632565,2026-05-22 18:50,2026-05-22 19:40
RENDERUSDT,2026-05,6796,7034,1.915383,2.039882895,6.499999999999995,128.10398838355553,126.52732391114253,0.788332236206497,0.788332236206497,TAKE_PROFIT,6.966924687115437,4944.924419024846,2026-05-24 14:20,2026-05-25 10:10
TRXUSDT,2026-05,4487,7228,0.35147027999999997,0.37431584819999997,6.499999999999995,184.39791787489142,182.12840503950812,1.1347564176916394,1.1347564176916394,TAKE_PROFIT,0.5300742166118244,7965.078624711145,2026-05-16 13:55,2026-05-26 02:20
JUPUSDT,2026-05,6883,7374,0.1975395,0.2103795675,6.499999999999995,87.09431479030478,86.0223847621164,0.5359650140941834,0.5359650140941834,TAKE_PROFIT,-0.7032847902399081,9391.549509722814,2026-05-24 21:35,2026-05-26 14:30
ENAUSDT,2026-05,7410,7454,0.0975195,0.098299656,0.8000000000000007,24.04236674489053,21.638130070401488,1.2021183372445203,1.2021183372445203,TRAILING_LOCK,0.00034995035994769385,5979.47252228013,2026-05-26 17:30,2026-05-26 21:10
NEARUSDT,2026-05,7424,7486,2.6095218,2.6446857384,1.3475242245533314,18.718805117469017,17.607504569314564,0.5556502740772254,0.5556502740772254,TRAILING_LOCK,-1.5762076300687176,7386.761362316585,2026-05-26 18:40,2026-05-26 23:50
NEARUSDT,2026-05,7487,7511,2.535507,2.548184535,0.49999999999998934,11.818818179706449,9.927807270953403,0.945505454376523,0.945505454376523,TRAILING_LOCK,0.07124542885587996,7396.689169587538,2026-05-26 23:55,2026-05-27 01:55
ICPUSDT,2026-05,7410,7546,2.6415281999999998,2.8132275329999996,6.499999999999995,132.80907220410467,131.17449900774648,0.8172865981791064,0.8172865981791064,TAKE_PROFIT,10.015985685292971,5594.149858607682,2026-05-26 17:30,2026-05-27 04:50
RENDERUSDT,2026-05,7540,7579,2.2624524,2.2126784472,-2.199999999999991,-35.402765088104864,-36.69013836403595,0.6436866379655448,0.6436866379655448,STOP_LOSS,3.4944776046354744,7167.320001795474,2026-05-27 04:20,2026-05-27 07:35
NEARUSDT,2026-05,7516,7608,2.4814961999999996,2.4615076000000005,-0.805505968536202,-19.065847275231594,-20.959399702646007,0.946776213707205,0.946776213707205,STALL_EXIT,4.326307991086422,7219.788095039767,2026-05-27 02:20,2026-05-27 10:00
GALAUSDT,2026-05,7749,7769,0.003160632,0.003091098096,-2.200000000000002,-50.82730818907993,-52.67557394141011,0.9241328761650903,0.9241328761650903,STOP_LOSS,2.229042943967443,5595.7540620712925,2026-05-27 21:45,2026-05-27 23:25
BONKUSDT,2026-05,7749,7793,5.811162e-06,5.683316435999999e-06,-2.200000000000002,-34.556063673126275,-35.8126478066945,0.6282920667841121,0.6282920667841121,STOP_LOSS,0.8214141254618829,7131.299873291662,2026-05-27 21:45,2026-05-28 01:25
CRVUSDT,2026-05,7607,7815,0.21344268,0.21235752000000002,-0.5084081590429723,-11.66055669563098,-13.49539061609062,0.9174169602298208,0.9174169602298208,STALL_EXIT,0.5379983718024083,9412.264300210354,2026-05-27 09:55,2026-05-28 03:15
XLMUSDT,2026-05,8075,8106,0.19663932,0.2094208758,6.499999999999995,195.7750974443751,193.36555778352124,1.2047698304269254,1.2047698304269254,TAKE_PROFIT,2.6640726139108275,9605.629857993876,2026-05-29 00:55,2026-05-29 03:30
NEARUSDT,2026-05,8210,8240,2.435487,2.4549708960000003,0.8000000000000007,24.59041243646446,22.13137119281803,1.2295206218232162,1.2295206218232162,TRAILING_LOCK,7.251780633736674,9627.761229186694,2026-05-29 12:10,2026-05-29 14:40
XLMUSDT,2026-05,8418,8426,0.25895178,0.2602465389,0.49999999999998934,10.473032451855147,8.797347259558286,0.8378425961484309,0.8378425961484309,TRAILING_LOCK,0.7121943322797477,6554.4426296691745,2026-05-30 05:30,2026-05-30 06:10
NEARUSDT,2026-05,8540,8562,2.3434686,2.2919122908,-2.200000000000002,-46.143276112870964,-47.82121342606628,0.8389686565976543,0.8389686565976543,STOP_LOSS,2.098147882579514,5080.072778698708,2026-05-30 15:40,2026-05-30 17:30
XLMUSDT,2026-05,8548,8608,0.24354869999999998,0.24175164,-0.7378647473790578,-10.521790784342695,-11.662573381339417,0.5703912984983605,0.5703912984983605,STALL_EXIT,0.14409829856791034,6494.958842861768,2026-05-30 16:20,2026-05-30 21:20
XLMUSDT,2026-05,8617,8623,0.23444688,0.22928904864,-2.200000000000002,-31.086814235235398,-32.21724384378941,0.5652148042770069,0.5652148042770069,STOP_LOSS,5.8053149240891795,4383.523414570326,2026-05-30 22:05,2026-05-30 22:35
ENAUSDT,2026-05,8407,8680,0.08571714,0.0912887541,6.499999999999995,200.25743356708313,197.79272669241135,1.2323534373358969,1.2323534373358969,TAKE_PROFIT,2.093626886293556,7663.432088039815,2026-05-30 04:35,2026-05-31 03:20
XLMUSDT,2026-05,8720,8754,0.23284656,0.2479815864,6.499999999999995,108.37118033164397,107.03738118910066,0.6668995712716552,0.6668995712716552,TAKE_PROFIT,7.911238041825833,5317.190281748906,2026-05-31 06:40,2026-05-31 09:30
FETUSDT,2026-05,8708,8759,0.26915382,0.27130705056,0.8000000000000007,19.618386145381898,17.656547530843703,0.9809193072690964,0.9809193072690964,TRAILING_LOCK,0.8451492267772583,7788.126016759759,2026-05-31 05:40,2026-05-31 09:55
ORDIUSDT,2026-05,8617,8811,3.3876774,3.4413478712,1.58428518606879,32.92757465239158,31.264865188618963,0.8313547318863065,0.8313547318863065,TRAILING_LOCK,-1.8989033845396555,9898.609066396031,2026-05-30 22:05,2026-05-31 14:15
TIAUSDT,2026-05,8812,8837,0.39377873999999996,0.39692896992,0.8000000000000007,25.340439209974043,22.80639528897666,1.267021960498692,1.267021960498692,TRAILING_LOCK,-0.4607801542851868,6302.310482421653,2026-05-31 14:20,2026-05-31 16:25
JUPUSDT,2026-05,8812,8927,0.18153629999999998,0.1914,5.433458762792909,117.0112669596486,115.28844145099225,0.8614127543281668,0.8614127543281668,MONTH_END,0.0,8571.99222244739,2026-05-31 14:20,2026-05-31 23:55
BONKUSDT,2026-05,8812,8927,5.40108e-06,5.53e-06,2.386930021403133,34.94766376784765,33.776362943626445,0.5856504121105993,0.5856504121105993,MONTH_END,0.0,10070.480266079625,2026-05-31 14:20,2026-05-31 23:55
INJUSDT,2026-06,254,408,6.857371199999999,7.303100327999999,6.499999999999995,209.4659895344562,206.88794658633984,1.289021474058192,1.289021474058192,TAKE_PROFIT,0.5463388178719906,10277.368212665964,2026-06-01 21:10,2026-06-02 10:00
RENDERUSDT,2026-06,750,766,2.1824364,2.1998958911999997,0.8000000000000007,26.310062624424724,23.679056361982234,1.3155031312212435,1.3155031312212435,TRAILING_LOCK,-1.1316849719838193,10301.047269027946,2026-06-03 14:30,2026-06-03 15:50
JUPUSDT,2026-06,1165,1187,0.17723544,0.17977317472,1.4318438343934092,21.816311353232056,20.59739008099851,0.6094606361167729,0.6094606361167729,TRAILING_LOCK,-1.1532169486515562,4782.008609743287,2026-06-05 01:05,2026-06-05 02:55
FILUSDT,2026-06,1165,1188,0.8421683999999999,0.8608939792,2.223495823400645,49.83045260478248,48.037583840907004,0.8964343819377367,0.8964343819377367,TRAILING_LOCK,-0.9169513773735092,7072.028582810473,2026-06-05 01:05,2026-06-05 03:00
NEARUSDT,2026-06,1144,1204,2.1764352000000002,2.174565,-0.08592950527542831,-2.832524466068543,-5.469592566939697,1.3185340504355771,1.3185340504355771,STALL_EXIT,2.825162733696181,10364.212650382911,2026-06-04 23:20,2026-06-05 04:20
ENAUSDT,2026-06,1208,1223,0.0875175,0.08834978999999998,0.9509983717542081,31.540317936091114,28.887079497593092,1.3266192192490127,1.3266192192490127,TRAILING_LOCK,1.4150684455503695,10393.099729880505,2026-06-05 04:40,2026-06-05 05:55
APTUSDT,2026-06,2312,2338,0.6541308,0.6397399224,-2.200000000000002,-33.81988019221729,-35.04969401738882,0.6149069125857682,0.6149069125857682,STOP_LOSS,4.88637280642532,4768.910560558925,2026-06-09 00:40,2026-06-09 02:50
ENAUSDT,2026-06,2309,2417,0.08141628,0.08206761023999999,0.8000000000000007,26.606335308493996,23.945701777644587,1.3303167654247048,1.3303167654247048,TRAILING_LOCK,4.7916464833081545,8119.978492663756,2026-06-09 00:25,2026-06-09 09:25
FILUSDT,2026-06,2312,2491,0.7581516,0.7518496,-0.8312321704524561,-18.79509700263018,-20.603987242515828,0.904445119942825,0.904445119942825,STALL_EXIT,3.079126463590592,10361.391750398245,2026-06-09 00:40,2026-06-09 15:35
ORDIUSDT,2026-06,2823,2831,3.1836366,3.1135965947999997,-2.200000000000002,-72.94419792280374,-75.5967142109057,1.3262581440509753,1.3262581440509753,STOP_LOSS,2.646566524951303,10285.795036187339,2026-06-10 19:15,2026-06-10 19:55
NEARUSDT,2026-06,2847,2944,1.9443887999999998,2.070774072,6.499999999999995,213.94453675269676,211.31137322343278,1.3165817646319795,1.3165817646319795,TAKE_PROFIT,0.6386948812443998,8258.443608623606,2026-06-10 21:15,2026-06-11 05:20
TRXUSDT,2026-06,2852,3078,0.32196438,0.31488116363999996,-2.200000000000013,-49.23088926161326,-51.021103416581,0.8951070774838733,0.8951070774838733,STOP_LOSS,0.8634483970303306,6004.908527441092,2026-06-10 21:40,2026-06-11 16:30
ORDIUSDT,2026-06,3029,3093,3.0776154,3.277660401,6.499999999999995,116.7854391201086,115.34807986939958,0.718679625354515,0.718679625354515,TAKE_PROFIT,0.7425906293578874,7917.674350322133,2026-06-11 12:25,2026-06-11 17:45
APTUSDT,2026-06,3029,3287,0.6241248,0.664692912,6.499999999999995,171.77562705937092,169.66146549556325,1.0570807819038215,1.0570807819038215,TAKE_PROFIT,0.9488724621754377,10731.094851359154,2026-06-11 12:25,2026-06-12 09:55
INJUSDT,2026-06,3333,3359,5.2070412,5.2895155056,1.5838996165423058,54.39032646447003,51.64316618252209,1.3735801409739719,1.3735801409739719,TRAILING_LOCK,-1.975899408733179,10782.738017541677,2026-06-12 13:45,2026-06-12 15:55
ICPUSDT,2026-06,3736,3762,2.5085015999999998,2.4533145648,-2.199999999999991,-75.91047564349327,-78.67085657598395,1.3801904662453346,1.3801904662453346,STOP_LOSS,-0.13510557706528387,10704.067160965693,2026-06-13 23:20,2026-06-14 01:30
ORDIUSDT,2026-06,3767,4069,3.2446488,3.455550972,6.499999999999995,222.64459694808633,219.9043557548791,1.3701205966036087,1.3701205966036087,TAKE_PROFIT,1.9519037208981436,8594.273434455095,2026-06-14 01:55,2026-06-15 03:05
BONKUSDT,2026-06,4264,4300,4.880976e-06,4.9200238079999994e-06,0.8000000000000007,14.958095023180332,13.46228552086229,0.7479047511590214,0.7479047511590214,TRAILING_LOCK,-1.6264922919657385,5856.468153950716,2026-06-15 19:20,2026-06-15 22:20
JUPUSDT,2026-06,4264,4321,0.19383876,0.19538947008,0.8000000000000007,22.001339992204898,19.801205992984393,1.1000669996102523,1.1000669996102523,TRAILING_LOCK,0.6707269943786857,6752.717488781007,2026-06-15 19:20,2026-06-16 00:05
NEARUSDT,2026-06,4347,4434,2.3644727999999997,2.5181635319999995,6.499999999999995,140.4565237666448,138.7278280895169,0.864347838563969,0.864347838563969,TAKE_PROFIT,1.7408110094098646,6891.445316870524,2026-06-16 02:15,2026-06-16 09:30
ORDIUSDT,2026-06,4306,4443,3.3116622,3.5269202429999997,6.499999999999995,121.81453760217488,120.3152817547635,0.7496279237056918,0.7496279237056918,TAKE_PROFIT,2.185469239146624,8886.580035813222,2026-06-15 22:50,2026-06-16 10:15
CRVUSDT,2026-06,4768,4840,0.23714742,0.23555288000000002,-0.6723834482365354,-12.999564539113305,-14.546249196293058,0.7733423285898761,0.7733423285898761,STALL_EXIT,0.5718970619251097,6027.190692912114,2026-06-17 13:20,2026-06-17 19:20
NEARUSDT,2026-06,4697,4843,2.2734546,2.2555487999999997,-0.7876031480901435,-22.397114918277,-24.672079407445185,1.1374822445840924,1.1374822445840924,STALL_EXIT,0.862371055771448,8847.361707209484,2026-06-17 07:25,2026-06-17 19:35
ENSUSDT,2026-06,5500,5502,4.960992,4.851850176,-2.200000000000002,-62.28542641875473,-64.55035101580036,1.132462298522814,1.132462298522814,STOP_LOSS,0.9924012954517133,8782.811356193683,2026-06-20 02:20,2026-06-20 02:30
FETUSDT,2026-06,5633,5863,0.18673734,0.18526294,-0.7895582104789578,-22.19053061558588,-24.438930322771466,1.1241998535927915,1.1241998535927915,STALL_EXIT,2.287052121703356,6846.828106713454,2026-06-20 13:25,2026-06-21 08:35
RENDERUSDT,2026-06,5762,5863,1.6883375999999999,1.7018443008,0.8000000000000007,15.286240057236821,13.757616051513143,0.7643120028618382,0.7643120028618382,TRAILING_LOCK,0.42046732457466324,8772.130041922424,2026-06-21 00:10,2026-06-21 08:35
NEARUSDT,2026-06,5909,6009,2.1624323999999997,2.1860508112000003,1.0922150075073134,30.659366654699056,28.413701363966915,1.1228326453660704,1.1228326453660704,TRAILING_LOCK,-1.9235971544923527,6891.324170134319,2026-06-21 12:25,2026-06-21 20:45
JUPUSDT,2026-06,5977,6037,0.21834366,0.21415716,-1.9173902278637134,-36.592552503078004,-38.11931745561865,0.763382476270321,0.763382476270321,STALL_EXIT,1.8410965106186388,8762.424425830774,2026-06-21 18:05,2026-06-21 23:05
CRVUSDT,2026-06,6239,6412,0.20894178,0.21119269863999998,1.077294660742334,20.536949088389047,19.01187337146401,0.7625378584625178,0.7625378584625178,TRAILING_LOCK,-2.4587491297942505,5976.338892609882,2026-06-22 15:55,2026-06-23 06:20
JUPUSDT,2026-06,6224,6435,0.20634126,0.20085982,-2.656492453327075,-74.48740595221858,-76.73058660523125,1.1215903265063392,1.1215903265063392,STALL_EXIT,1.8620847116162953,8704.705712597006,2026-06-22 14:40,2026-06-23 08:15
INJUSDT,2026-06,6760,6786,4.3148628,4.3493817024000005,0.8000000000000007,22.284046624248546,20.05564196182371,1.1142023312124167,1.1142023312124167,TRAILING_LOCK,0.5200347807486867,8724.76135455883,2026-06-24 11:20,2026-06-24 13:30
JUPUSDT,2026-06,7511,7548,0.22674534000000002,0.22855930272000002,0.8000000000000007,22.335389067670686,20.101850160903627,1.1167694533835304,1.1167694533835304,TRAILING_LOCK,-1.0760020225529099,8744.863204719735,2026-06-27 01:55,2026-06-27 05:00
ENAUSDT,2026-06,7693,7753,0.07831566,0.07718456000000001,-1.4442833017048962,-40.41619168726494,-42.65487666767319,1.1193424902041262,1.1193424902041262,STALL_EXIT,0.2791231821493617,6798.923274684414,2026-06-27 17:05,2026-06-27 22:05
JUPUSDT,2026-06,7723,7769,0.2235447,0.21862671660000002,-2.199999999999991,-41.855528962503215,-43.37754819750333,0.7610096175000597,0.7610096175000597,STOP_LOSS,1.0398012810845974,8658.83077985456,2026-06-27 19:35,2026-06-27 23:25
NEARUSDT,2026-06,7851,7981,1.8553709999999999,1.8702139679999998,0.8000000000000007,22.16660679642761,19.949946116784847,1.1083303398213837,1.1083303398213837,TRAILING_LOCK,-1.1343070024595103,8678.780725971345,2026-06-28 06:15,2026-06-28 17:05
ORDIUSDT,2026-06,8305,8319,3.8737746,3.8931434729999994,0.49999999999998934,13.886049161553759,11.664281295705093,1.110883932924332,1.110883932924332,TRAILING_LOCK,0.3816074877033053,8690.44500726705,2026-06-29 20:05,2026-06-29 21:15
ORDIUSDT,2026-06,8420,8466,3.810762,3.8872708559999998,2.0077049157097626,55.83311731454544,53.60836339268507,1.1123769609301823,1.1123769609301823,TRAILING_LOCK,-3.8914411062072793,6852.612223756741,2026-06-30 05:40,2026-06-30 09:30
ORDIUSDT,2026-06,8467,8477,3.6717342,3.6900928709999996,0.49999999999998934,10.964179558010581,9.209910828728855,0.8771343646408628,0.8771343646408628,TRAILING_LOCK,0.8104709026441355,6861.822134585469,2026-06-30 09:35,2026-06-30 10:25
ENAUSDT,2026-06,8455,8486,0.07291458,0.07131045924,-2.200000000000013,-41.595067204984076,-43.10761510334713,0.756273949181525,0.756273949181525,STOP_LOSS,2.088811060642392,8710.155666385115,2026-06-30 08:35,2026-06-30 11:10
TRXUSDT,2026-06,3985,8553,0.31876373999999996,0.31513695999999997,-1.137764288999743,-26.495874471739796,-28.35888773224797,0.9315066302540888,0.9315066302540888,STALL_EXIT,0.24212964420296756,11011.494860918343,2026-06-14 20:05,2026-06-30 16:45
ENAUSDT,2026-07,277,320,0.07131426,0.07594968690000001,6.499999999999995,229.03909310710168,226.22015042270658,1.409471342197548,1.409471342197548,TAKE_PROFIT,2.831233659766404,11237.71501134105,2026-07-01 23:05,2026-07-02 02:40
JUPUSDT,2026-07,356,428,0.2310462,0.246064203,6.499999999999995,233.74447223589382,230.86761719299054,1.4384275214516544,1.4384275214516544,TAKE_PROFIT,2.6154950299698787,11468.58262853404,2026-07-02 05:40,2026-07-02 11:40
ORDIUSDT,2026-07,1169,1229,3.3486695999999996,3.3103378,-1.144687430494773,-28.56102541471147,-30.557100476171104,0.9980375307298172,0.9980375307298172,STALL_EXIT,0.7450055399180064,7766.611108350524,2026-07-05 01:25,2026-07-05 06:25
ORDIUSDT,2026-07,1268,1387,3.255651,3.281696208,0.8000000000000007,19.8825244373775,17.894271993639766,0.9941262218688671,0.9941262218688671,TRAILING_LOCK,0.6796421906948118,7784.505380344162,2026-07-05 09:40,2026-07-05 19:35
JUPUSDT,2026-07,979,1478,0.23214642,0.24723593729999999,6.499999999999995,238.54651867350796,235.61056152060323,1.4679785764523574,1.4679785764523574,TAKE_PROFIT,0.9157498398999996,11691.530361572111,2026-07-04 09:35,2026-07-06 03:10
BONKUSDT,2026-07,1651,1652,4.60092e-06,4.49969976e-06,-2.199999999999991,-82.30837374546742,-85.30140551802988,1.4965158862812304,1.4965158862812304,STOP_LOSS,1.5623317943328736,11606.228956054081,2026-07-06 17:35,2026-07-06 17:40
NEARUSDT,2026-07,1955,1991,2.0274054,1.9828024812,-2.200000000000002,-55.550880653385356,-57.57091267714482,1.0100160118797312,1.0100160118797312,STOP_LOSS,0.7160329349299427,6115.788483455485,2026-07-07 18:55,2026-07-07 21:55
INJUSDT,2026-07,1949,1992,4.7449487999999995,4.640559926399999,-2.200000000000013,-81.70785185062113,-84.67904646337098,1.4855973063749226,1.4855973063749226,STOP_LOSS,2.9832622742876276,9746.588300235795,2026-07-07 18:25,2026-07-07 22:00
TRXUSDT,2026-07,1969,2117,0.33176634,0.32833432,-1.0344690181650074,-17.758771169511906,-19.132134381569298,0.6866816060286967,0.6866816060286967,STALL_EXIT,0.1113742846011283,11444.846862531997,2026-07-07 20:05,2026-07-08 08:25
JUPUSDT,2026-07,2764,2843,0.20304060000000002,0.2046649248,0.8000000000000007,29.298807968081782,26.36892717127359,1.4649403984040956,1.4649403984040956,TRAILING_LOCK,-0.12944318634905164,11471.21578970327,2026-07-10 14:20,2026-07-10 20:55
TIAUSDT,2026-07,3170,3474,0.39767952,0.39362126000000003,-1.0204850378012886,-25.467905214239117,-27.464438570111668,0.9982666779362741,0.9982666779362741,STALL_EXIT,1.010804142032364,7771.493982807029,2026-07-12 00:10,2026-07-13 01:30
HBARUSDT,2026-07,3011,3605,0.067303458,0.06663667000000001,-0.990718782978417,-36.367196628664274,-39.303827870828314,1.4683156210820187,1.4683156210820187,STALL_EXIT,1.0254564041090226,11404.44752326233,2026-07-11 10:55,2026-07-13 12:25
BONKUSDT,2026-07,4410,4473,3.5607119999999995e-06,3.539292e-06,-0.6015650802423722,-14.925675771523041,-16.910588295436106,0.9924562619565321,0.9924562619565321,STALL_EXIT,3.6930549951798293,7736.653958239969,2026-07-16 07:30,2026-07-16 12:45
TIAUSDT,2026-07,4093,4602,0.40228044,0.39732052,-1.2329508240569664,-44.99559350950645,-47.9151320754616,1.4597692829775784,1.4597692829775784,STALL_EXIT,0.9764106822370993,11339.62180289143,2026-07-15 05:05,2026-07-16 23:30
BONKUSDT,2026-07,5085,5310,2.7205439999999996e-06,2.8973793599999992e-06,6.499999999999995,160.3574201710081,158.383790384288,0.9868148933600515,0.9868148933600515,TAKE_PROFIT,3.196703934551427,7867.87514475969,2026-07-18 15:45,2026-07-19 10:30
JUPUSDT,2026-07,6552,6630,0.18723744,0.18873533952000002,0.8000000000000007,20.141760370584972,18.12758433352649,1.0070880185292403,1.0070880185292403,TRAILING_LOCK,0.24619686020738601,7886.002729093216,2026-07-23 18:00,2026-07-24 00:30
ORDIUSDT,2026-07,7311,7363,3.8767752,3.7914861456,-2.200000000000002,-37.744766029935796,-39.11730297647892,0.6862684732715599,0.6862684732715599,STOP_LOSS,1.2004225428284583,5322.355144457583,2026-07-26 09:15,2026-07-26 13:35
ORDIUSDT,2026-07,7549,7661,3.7237446,3.7613150648,1.0089431160235973,17.18385146890639,15.821328551925248,0.6812614584905707,0.6812614584905707,TRAILING_LOCK,-1.4174580932861829,5338.176473009508,2026-07-27 05:05,2026-07-27 14:25
XRPUSDT,2026-07,7088,7757,1.09281852,1.10358617776,0.9853106955032276,24.864521067978004,22.845704369330143,1.0094083493239319,1.0094083493239319,TRAILING_LOCK,-2.073800689172562,7885.552459037992,2026-07-25 14:40,2026-07-27 22:25
FETUSDT,2026-07,7761,7789,0.14392878,0.14076234684,-2.200000000000002,-55.51428931162762,-57.53299074114135,1.009350714756863,1.009350714756863,STOP_LOSS,2.0159177675727995,7828.01946829685,2026-07-27 22:45,2026-07-28 01:05
TRXUSDT,2026-07,5064,8927,0.32386476,0.3261,0.6901769738702157,25.04430675440734,22.14136357286713,1.4514715907701032,1.4514715907701032,MONTH_END,0.0,11480.291280385745,2026-07-18 14:00,2026-07-31 23:55
ALGOUSDT,2026-08,531,762,0.08361671999999999,0.08905180679999998,6.499999999999995,162.34667474227075,160.34856182236587,0.9990564599524374,0.9990564599524374,TAKE_PROFIT,4.658179714777024,7965.477155200783,2026-08-02 20:15,2026-08-03 15:30
TRXUSDT,2026-08,380,1512,0.32846568000000004,0.33109340544000004,0.8000000000000007,29.389545677787574,26.450591110008823,1.4694772838893755,1.4694772838893755,TRAILING_LOCK,-1.0551117547501587,11667.09043331812,2026-08-02 07:40,2026-08-06 06:00
BONKUSDT,2026-08,1814,1818,2.660532e-06,2.6020002959999996e-06,-2.200000000000002,-82.13631665055983,-85.12309180148928,1.4933875754647197,1.4933875754647197,STOP_LOSS,0.30744439238912274,11581.967341516633,2026-08-07 07:10,2026-08-07 07:30
XLMUSDT,2026-08,2348,2534,0.16363271999999998,0.16176764,-1.1397964905796254,-28.720155383478986,-30.735964740384357,1.0079046784526844,1.0079046784526844,STALL_EXIT,1.6890646361658097,7843.5193356712125,2026-08-09 03:40,2026-08-09 19:10
NEARUSDT,2026-08,3058,3183,1.5483096,1.648949724,6.499999999999995,110.91785489785418,109.55271206834213,0.6825714147560266,0.6825714147560266,TAKE_PROFIT,1.276586890043955,5442.1418898498,2026-08-11 14:50,2026-08-12 01:15
CRVUSDT,2026-08,3214,3258,0.265053,0.28228144499999996,6.499999999999995,113.19655130887571,111.80336298507416,0.6965941619007744,0.6965941619007744,TAKE_PROFIT,1.4590243435943955,5553.945252834874,2026-08-12 03:50,2026-08-12 07:30
CRVUSDT,2026-08,3345,3407,0.2685537,0.26504698,-1.30577981238017,-23.207134688692758,-24.628944673418484,0.7109049923628639,0.7109049923628639,STALL_EXIT,1.3405246119008856,5529.316308161456,2026-08-12 14:45,2026-08-12 19:55
ENSUSDT,2026-08,4574,4763,3.890778,3.923310664,0.8361480403148214,14.794646385119904,13.37914141023057,0.7077524874446663,0.7077524874446663,TRAILING_LOCK,0.425389101942394,5542.695449571686,2026-08-16 21:10,2026-08-17 12:55
GALAUSDT,2026-08,4929,4930,0.0015483095999999999,0.0015142467887999998,-2.200000000000002,-39.020575964984715,-40.43950600007507,0.7094650175451759,0.7094650175451759,STOP_LOSS,0.8422148420144033,5502.255943571611,2026-08-18 02:45,2026-08-18 02:50
RENDERUSDT,2026-08,3005,5369,1.2312462,1.311277203,6.499999999999995,163.1452021819612,161.13726123202937,1.0039704749659153,1.0039704749659153,TAKE_PROFIT,1.504090588540493,8174.323362693394,2026-08-11 10:25,2026-08-19 15:25
ORDIUSDT,2026-08,5625,5722,4.0928184,4.064187,-0.6995521716770869,-18.29877011316119,-20.391396894010697,1.0463133904247546,1.0463133904247546,STALL_EXIT,3.907620392467163,8153.931965799384,2026-08-20 12:45,2026-08-20 20:50
POLUSDT,2026-08,5911,6026,0.08811762,0.0938452653,6.499999999999995,115.30750469580077,113.88833540723708,0.7095846442818508,0.7095846442818508,TAKE_PROFIT,3.191140959990447,5657.518368859195,2026-08-21 12:35,2026-08-21 22:10
ORDIUSDT,2026-08,5899,6051,4.3198638,4.600654947,6.499999999999995,169.60178488862692,167.5143783053823,1.0437032916223212,1.0437032916223212,TAKE_PROFIT,10.897253951351388,8435.334679512001,2026-08-21 11:35,2026-08-22 00:15
GALAUSDT,2026-08,6063,6065,0.0021314262,0.0020845348236,-2.200000000000002,-59.38475614376449,-61.54420182171957,1.0797228389775362,1.0797228389775362,STOP_LOSS,9.424892986949661,8373.790477690281,2026-08-22 01:15,2026-08-22 01:25
TRXUSDT,2026-08,1956,6102,0.3275655,0.3488572575,6.499999999999995,240.90492070354603,237.93993706411774,1.4824918197141292,1.4824918197141292,TAKE_PROFIT,0.38489739603596856,12319.442455859436,2026-08-07 19:00,2026-08-22 04:30
ENSUSDT,2026-08,6110,6111,5.991198,5.859391644,-2.200000000000002,-86.72887488925059,-89.88265215795062,1.576888634350008,1.576888634350008,STOP_LOSS,3.253040035225887,7725.3557044499685,2026-08-22 05:10,2026-08-22 05:15
NEARUSDT,2026-08,6110,6111,2.0014002,1.9573693956,-2.200000000000002,-58.964533628704416,-61.10869848793003,1.0720824296128086,1.0720824296128086,STOP_LOSS,2.535576805868401,10345.525162423673,2026-08-22 05:10,2026-08-22 05:15
GALAUSDT,2026-08,6110,6111,0.0020144028,0.0019700859384,-2.200000000000002,-40.08833540721465,-41.546093058386084,0.7288788255857195,0.7288788255857195,STOP_LOSS,3.5995415335836847,12126.905012155172,2026-08-22 05:10,2026-08-22 05:15
POLUSDT,2026-08,6170,6171,0.10617122999999999,0.10383546293999998,-2.200000000000002,-58.042991877544864,-60.1536461276374,1.055327125046267,1.055327125046267,STOP_LOSS,9.365333176796458,8184.589518296323,2026-08-22 10:10,2026-08-22 10:15
XRPUSDT,2026-08,6170,6172,1.4634926400000001,1.4312958019200002,-2.200000000000002,-85.37341128557227,-88.477898968684,1.552243841555862,1.552243841555862,STOP_LOSS,6.875182470876837,11978.27346705885,2026-08-22 10:10,2026-08-22 10:20
XRPUSDT,2026-08,6224,6235,1.46159226,1.42943723028,-2.200000000000002,-84.32704520809419,-87.39348321566125,1.533219003783533,1.533219003783533,STOP_LOSS,4.838461476650655,11890.87998384319,2026-08-22 14:40,2026-08-22 15:35
BONKUSDT,2026-08,6301,6310,3.2506499999999995e-06,3.1791356999999997e-06,-2.199999999999991,-83.7117950862559,-86.75586036211976,1.5220326379319284,1.5220326379319284,STOP_LOSS,5.060001056261944,9216.120902067314,2026-08-22 21:05,2026-08-22 21:50
ENAUSDT,2026-08,6362,6377,0.15173034,0.15248899169999997,0.49999999999998934,14.745793443307194,12.386466492377961,1.1796634754646163,1.1796634754646163,TRAILING_LOCK,2.761516259668495,7222.654932415602,2026-08-23 02:10,2026-08-23 03:25
APTUSDT,2026-08,6363,6393,0.6131226,0.5996339028,-2.200000000000002,-44.11110915150942,-45.71514948429158,0.8020201663910796,0.8020201663910796,STOP_LOSS,3.06288505607159,9182.7922190754,2026-08-23 02:15,2026-08-23 04:45
ENSUSDT,2026-08,6303,6399,5.611122,5.598879999999999,-0.2181738340389039,-5.644088217921614,-7.713662965153726,1.034787373616056,1.034787373616056,STALL_EXIT,2.1632898008173127,11763.081777524003,2026-08-22 21:15,2026-08-23 05:15
ENAUSDT,2026-08,6498,6503,0.17273454,0.16893438011999998,-2.200000000000013,-82.81209571376931,-85.82344464881547,1.5056744675230724,1.5056744675230724,STOP_LOSS,3.531323745801438,11677.258332875186,2026-08-23 13:30,2026-08-23 13:55
CRVUSDT,2026-08,6513,6588,0.32926584,0.33254880992,0.9970575508227775,17.22127905503228,15.839510948200637,0.6908840534158208,0.6908840534158208,TRAILING_LOCK,1.909851994817795,5413.3711782593,2026-08-23 14:45,2026-08-23 21:00
GALAUSDT,2026-08,6513,6627,0.0019503899999999998,0.0019346130000000002,-0.8089151400488936,-20.55043342079116,-22.582827910977016,1.0161972450929304,1.0161972450929304,STALL_EXIT,0.9504226426680642,7932.297660325742,2026-08-23 14:45,2026-08-24 00:15
HBARUSDT,2026-08,6513,6647,0.0785157,0.07763447,-1.1223615149581478,-41.93953712973915,-44.9289152629552,1.494689066608024,1.494689066608024,STALL_EXIT,3.0985334220739875,7359.8021540443915,2026-08-23 14:45,2026-08-24 01:55
BONKUSDT,2026-08,6644,6670,3.1706340000000003e-06,3.1959990720000004e-06,0.8000000000000007,13.805944511797795,12.425350060618024,0.6902972255898859,0.6902972255898859,TRAILING_LOCK,0.7509679276903013,6742.582121335391,2026-08-24 01:40,2026-08-24 03:50
ENAUSDT,2026-08,6704,6724,0.16113222,0.1619378811,0.49999999999998934,10.78813139413654,9.062030371074679,0.8630505115309302,0.8630505115309302,TRAILING_LOCK,0.902888743552915,6751.644151706465,2026-08-24 06:40,2026-08-24 08:20
NEARUSDT,2026-08,6648,6725,1.9743948,1.9456108,-1.4578644554776976,-34.33470067113438,-36.21881002256975,0.9420546757176823,0.9420546757176823,STALL_EXIT,3.1552662022640927,9071.504085653818,2026-08-24 02:00,2026-08-24 08:25
JUPUSDT,2026-08,6993,7005,0.22324464,0.21833325792,-2.200000000000002,-63.86338876300287,-66.18569380893024,1.1611525229636888,1.1611525229636888,STOP_LOSS,2.5038521991931644,9005.318391844889,2026-08-25 06:45,2026-08-25 07:45
RENDERUSDT,2026-08,7006,7030,1.5163032,1.5284336256000002,0.8000000000000007,23.053615083123113,20.748253574810825,1.1526807541561457,1.1526807541561457,TRAILING_LOCK,-0.35550288275470593,7066.094545825891,2026-08-25 07:50,2026-08-25 09:50
BONKUSDT,2026-08,7006,7056,3.210642e-06,3.140007876e-06,-2.200000000000002,-43.10214533293054,-44.66949607230983,0.7836753696896471,0.7836753696896471,STOP_LOSS,1.2736313276686775,8981.39714934739,2026-08-25 07:50,2026-08-25 12:00
TRXUSDT,2026-08,6637,7117,0.34376874,0.34651888992,0.8000000000000007,20.3066820104339,18.27601380939051,1.015334100521695,1.015334100521695,TRAILING_LOCK,-1.506091030478857,11539.02374856154,2026-08-24 01:05,2026-08-25 17:05
POLUSDT,2026-08,7124,7131,0.118833762,0.11942793080999999,0.49999999999998934,18.462437997698146,15.508447918066393,1.476995039815877,1.476995039815877,TRAILING_LOCK,4.213477664622378,11554.532196479606,2026-08-25 17:40,2026-08-25 18:15
JUPUSDT,2026-08,7380,7444,0.21424284,0.21762908592000002,1.5805643353122178,58.44058080311193,55.482620560813146,1.4789801211493896,1.4789801211493896,TRAILING_LOCK,1.4110770474535044,11610.014817040419,2026-08-26 15:00,2026-08-26 20:20
BONKUSDT,2026-08,7614,7775,3.060612e-06,3.16e-06,3.247324391330886,120.64474975708258,117.67258596392024,1.4860818965811737,1.4860818965811737,MONTH_END,0.0,11727.687403004338,2026-08-27 10:30,2026-08-27 23:55
