sym,month,net,pnl_pct,reason,entry_px,exit_px,notional,held,cap_after
ICPUSDT,2024-01,20.54137036799999,6.499999999999995,TAKE_PROFIT,12.720544012069702,13.547379372854232,319.95904,76,380.36731789102294
OPUSDT,2024-01,-3.8509789904355185,-1.1234309345111049,STALL_EXIT,3.875775,3.8322333446979524,320.0,153,696.6443389005874
FILUSDT,2024-01,-3.1444116645595015,-0.902880246414417,STALL_EXIT,7.415482834339142,7.348529904651642,319.91808524288,174,362.7274433328568
ICPUSDT,2024-01,20.881585256522865,6.499999999999995,TAKE_PROFIT,13.171633471870422,14.027789647541999,325.2583373290167,27,384.6163266324197
FILUSDT,2024-01,2.3346103827174725,0.8000000000000007,TRAILING_LOCK,7.352470032119751,7.411289792376709,324.2514420440906,32,711.3320796360454
POLUSDT,2024-01,-4.743516065935015,-1.3781974853671053,STALL_EXIT,0.9861972014307976,0.9726054563999176,325.2999757259096,60,1032.0186592863101
SEIUSDT,2024-01,-7.529608138152913,-2.200000000000002,STOP_LOSS,0.7058411202549935,0.6903126156093836,330.2459709716193,2,1024.4890511481572
ENSUSDT,2024-01,-7.474672117176946,-2.200000000000002,STOP_LOSS,13.842768152618408,13.538227253260803,327.8364963674103,2,1017.0143790309802
TIAUSDT,2024-01,-7.420136909410033,-2.200000000000002,STOP_LOSS,15.358371009635926,15.020486847423935,325.4446012899137,1,1009.5942421215702
RENDERUSDT,2024-01,2.3261051338480776,0.8000000000000007,TRAILING_LOCK,4.015802866458893,4.047929289390564,323.0701574789025,23,365.64567944037964
APTUSDT,2024-01,-7.364114015308345,-2.200000000000002,STOP_LOSS,10.039407725715638,9.818540755749893,322.9874568117693,3,681.3982172195654
TIAUSDT,2024-01,1.356720978894694,0.49999999999998934,TRAILING_LOCK,15.502799532508849,15.580313530171392,323.02880449874516,7,1005.9129542190046
SEIUSDT,2024-01,1.3519470104703162,0.49999999999998934,TRAILING_LOCK,0.6800359705567359,0.6834361504095195,321.8921453500815,8,1007.264901229475
FILUSDT,2024-01,1.3535907454569036,0.49999999999998934,TRAILING_LOCK,5.93118582830429,5.960841757445811,322.2835108230776,4,686.1647936741424
ROSEUSDT,2024-01,-7.349004719370255,-2.200000000000002,STOP_LOSS,0.11674334241896868,0.11417498888575137,322.324768393432,14,1001.2694872555616
ENSUSDT,2024-01,20.57008034617825,6.499999999999995,TAKE_PROFIT,12.272454457855224,13.070163997615813,320.4062359217797,19,1021.8395676017399
SEIUSDT,2024-01,-7.4534330399504185,-2.200000000000013,STOP_LOSS,0.652130410015583,0.6377835409952402,326.9049578925611,18,360.1890916578783
ENSUSDT,2024-01,2.354017011003859,0.8000000000000007,TRAILING_LOCK,12.662531847381592,12.763832102160645,326.94680708386784,64,689.6206944755836
ICPUSDT,2024-01,3.9322073726001556,1.2887384367991528,TRAILING_LOCK,11.639327483940125,11.78932797101059,325.314993954605,63,368.14943887135087
SOLUSDT,2024-01,-3.393966949864404,-0.9579463718770387,STALL_EXIT,92.57850955810547,91.69165708465576,326.9886616325568,234,691.8749290186963
ORDIUSDT,2024-01,4.143251806452943,1.3537753523755969,TRAILING_LOCK,67.48849347381592,68.40213606415405,325.2733536353787,65,1021.4216438019821
NEARUSDT,2024-01,-7.45229231317925,-2.199999999999991,STOP_LOSS,3.2356468950748445,3.164462663383198,326.8549260166343,13,360.1235726538948
JASMYUSDT,2024-01,-7.450384648445445,-2.200000000000002,STOP_LOSS,0.005112022234965116,0.004999557745795883,326.77125651076517,13,679.5751530188188
AVAXUSDT,2024-01,-7.4513384197631884,-2.200000000000002,STOP_LOSS,33.776754457855226,33.03366585978241,326.8130885861042,47,999.0676284205942
BONKUSDT,2024-01,1.3427468925972412,0.49999999999998934,TRAILING_LOCK,1.2722544086136623e-05,1.2786156806567304e-05,319.7016410945902,7,1000.4103753131915
NEARUSDT,2024-01,1.3443794418231882,0.49999999999998934,TRAILING_LOCK,3.2416481370449066,3.2578563777301306,320.0903432912484,16,361.3179906507552
TIAUSDT,2024-01,5.448290803882757,1.780043051479785,TRAILING_LOCK,15.523104457855224,15.799422400131224,320.47957839305076,32,366.7662814546379
SOLUSDT,2024-01,-2.6578075617412864,-0.7504367377436427,STALL_EXIT,98.50969586334229,97.77044291534423,320.0493717273072,88,684.2858653688947
BONKUSDT,2024-01,1.3499366972704416,0.49999999999998934,TRAILING_LOCK,1.4982995832542656e-05,1.5057910811705367e-05,321.41349935011715,15,685.6358020661651
LTCUSDT,2024-01,20.552430750434173,6.499999999999995,TAKE_PROFIT,64.79295477905274,69.00449683969116,320.1313201002213,386,1026.4476054448605
ENSUSDT,2024-01,11.93814980533017,3.71454675560261,TRAILING_LOCK,22.494497771072385,23.330066408216855,328.4632337423554,45,1038.3857552501909
ENSUSDT,2024-01,-7.576062470305386,-2.200000000000002,STOP_LOSS,21.71434108428955,21.23662558043518,332.28344168006106,1,1030.8096927798854
ENSUSDT,2024-01,2.374985532164848,0.8000000000000007,TRAILING_LOCK,24.79495891571045,24.993318587036132,329.8591016895633,25,1033.1846783120502
TIAUSDT,2024-01,2.3804574988309724,0.8000000000000007,TRAILING_LOCK,18.37197314414978,18.51894892930298,330.6190970598561,26,704.8561272843226
ORDIUSDT,2024-01,2.380152800271144,0.8000000000000007,TRAILING_LOCK,72.53650757446289,73.1167996350586,330.5767778154324,35,1037.9452886111524
OPUSDT,2024-01,-2.9886179572969445,-0.8197999431212577,STALL_EXIT,3.461692165660858,3.4333132152557373,332.1424923555688,77,1034.9566706538553
SEIUSDT,2024-01,1.3909817653587673,0.49999999999998934,TRAILING_LOCK,0.789257811319828,0.7932041003764271,331.1861346092337,9,1036.347652419214
ORDIUSDT,2024-01,-2.136436940770439,-0.564220636224011,STALL_EXIT,73.9987979598999,73.58128147125244,331.6312487741485,206,370.81080483359653
ENSUSDT,2024-01,2.387133767576966,0.8000000000000007,TRAILING_LOCK,22.80455923690796,22.986995710803225,331.5463566079087,20,704.8769137517254
SEIUSDT,2024-01,21.28800095835039,6.499999999999995,TAKE_PROFIT,0.7713542412400245,0.821492266920626,331.58879997430546,234,1057.886350204371
OPUSDT,2024-01,-7.7163630428127385,-2.200000000000002,STOP_LOSS,3.272654474401474,3.200656075964641,338.43697556196116,2,372.8952524824228
RENDERUSDT,2024-01,-7.718338811091063,-2.199999999999991,STOP_LOSS,4.111822261047363,4.021362171304322,338.5236320653987,6,703.8359551895567
POLUSDT,2024-01,-7.717350863723269,-2.200000000000002,STOP_LOSS,0.7959591306209564,0.7784480297472953,338.4803010404944,39,1034.734297486744
ETHUSDT,2024-01,-3.3722681956833043,-0.938458374976725,STALL_EXIT,2481.5162235351563,2458.2282267089845,331.1149751957581,153,1031.3620292910607
DOGEUSDT,2024-01,-7.524817365707606,-2.200000000000013,STOP_LOSS,0.0869573859706521,0.08504432347929775,330.03584937313946,43,1023.8372119253531
SEIUSDT,2024-01,-7.469916298207354,-2.199999999999991,STOP_LOSS,0.6336266799688339,0.6196868930095196,327.627907816113,17,688.6502897946557
ORDIUSDT,2024-01,-7.4689601489212,-2.200000000000002,STOP_LOSS,64.79695338134765,63.371420406958,327.58597144391257,41,1008.8983354782247
ORDIUSDT,2024-01,6.0122048447127865,1.9422431496848303,TRAILING_LOCK,51.672331148529054,52.67593346054382,322.8474673530319,28,1014.9105403229374
ORDIUSDT,2024-01,-7.404787302196143,-2.200000000000002,STOP_LOSS,50.5421078956604,49.43018152195587,324.77137290333997,2,682.646058932266
RENDERUSDT,2024-01,-7.403839489421461,-2.200000000000002,STOP_LOSS,3.751750127506256,3.6692116247011186,324.72980216760834,54,1000.10191353132
XRPUSDT,2024-01,2.303644962417704,0.8000000000000007,TRAILING_LOCK,0.530806167948246,0.535052617291832,319.9506892246803,248,362.12528830387686
ETHUSDT,2024-01,2.3039398667206346,0.8000000000000007,TRAILING_LOCK,2266.653191162109,2284.786416691406,319.99164815564416,363,363.73274223060497
TIAUSDT,2024-01,20.546093711587442,6.499999999999995,TAKE_PROFIT,16.763352228927612,17.852970123807907,320.0326123300224,551,704.4394613171469
TRXUSDT,2024-01,2.308952560411114,0.8000000000000007,TRAILING_LOCK,0.11235246312171221,0.11325128282668591,320.6878556126539,658,1027.564544632457
CKBUSDT,2024-01,21.110286004929158,6.499999999999995,TAKE_PROFIT,0.003926785292197019,0.004182026336189824,328.8206542823863,93,1048.674830637386
SEIUSDT,2024-01,-5.056755939505948,-1.4270815862592046,STALL_EXIT,0.6703340302705765,0.6607678167581559,335.5329920829006,68,707.907898515595
OPUSDT,2024-01,-3.4874701683870635,-0.9592491511964285,STALL_EXIT,2.9365873087406156,2.9084181199073793,335.5759458039636,72,1040.130604529493
PYTHUSDT,2024-02,2.396154165839109,0.8000000000000007,TRAILING_LOCK,0.4835967038154602,0.4874654774459839,332.79918969987625,23,376.6621344883585
XRPUSDT,2024-02,-4.901107521899108,-1.3894944998600667,STALL_EXIT,0.5186036704301834,0.5113977009534836,333.52336618924517,60,371.76102696645944
ETHUSDT,2024-02,2.396460912835953,0.8000000000000007,TRAILING_LOCK,2301.860182324219,2320.2750637828126,332.8417934494378,547,707.1324180461129
DOGEUSDT,2024-02,2.3958474581058558,0.8000000000000007,TRAILING_LOCK,0.07904580567330122,0.07967817211868762,332.75659140359465,415,1042.4179595443748
CKBUSDT,2024-02,-9.680272975559104,-2.822360360975529,STALL_EXIT,0.004383876679558306,0.004260147881880403,333.531049614577,60,699.0305100157941
BONKUSDT,2024-02,21.415434560879618,6.499999999999995,TAKE_PROFIT,9.721943980002834e-06,1.0353870338703018e-05,333.57374705419994,133,1054.1531211296954
CKBUSDT,2024-02,21.656521720488456,6.499999999999995,TAKE_PROFIT,0.004755951118189841,0.005065087940872181,337.32899876150253,33,1075.8096428501838
ENSUSDT,2024-02,-7.849107154234934,-2.200000000000002,STOP_LOSS,21.474293313217164,21.001858860326386,344.25908571205883,7,1067.9605356959487
CKBUSDT,2024-02,-7.2602776243392295,-2.044457488616369,STALL_EXIT,0.004937987507041544,0.004837032451666892,341.74737142270357,93,1060.7002580716094
PYTHUSDT,2024-02,2.4438533945969616,0.8000000000000007,TRAILING_LOCK,0.5247049489974975,0.5289025885894775,339.424082582915,23,1063.1441114662061
ORDIUSDT,2024-02,21.83843694818562,6.499999999999995,TAKE_PROFIT,59.163830827331545,63.009479831108095,340.16256928638035,102,744.6403502989382
ORDIUSDT,2024-02,2.931126624159243,0.9243379766484594,TRAILING_LOCK,62.210441461944576,62.78547619781799,347.15086910979977,49,747.5714769230974
PYTHUSDT,2024-02,-1.7454836199315351,-0.42144775452555017,STALL_EXIT,0.5504100620985031,0.5480903712511063,348.08882962953066,148,397.642501334124
ORDIUSDT,2024-02,22.344442407449527,6.499999999999995,TAKE_PROFIT,60.62012330932617,64.56043132443237,348.0442742593381,632,768.1704357106154
TIAUSDT,2024-02,2.5536995743790527,0.8000000000000007,TRAILING_LOCK,19.157431412887572,19.310690864190672,354.68049644153643,38,770.7241352849944
CKBUSDT,2024-02,1.4930902572824098,0.49999999999998934,TRAILING_LOCK,0.008699739241227508,0.008743237937433646,355.4976803053377,4,772.2172255422768
CKBUSDT,2024-02,-8.115201818669595,-2.200000000000013,STOP_LOSS,0.008354670175351202,0.008170867431493475,355.929904327612,8,407.984164348264
PYTHUSDT,2024-02,2.5630233781511915,0.8000000000000007,TRAILING_LOCK,0.6244248630523681,0.629420261956787,355.97546918766807,73,766.6650471017583
SEIUSDT,2024-02,-8.07469830988036,-2.200000000000002,STOP_LOSS,0.8901779856920242,0.8705940700067997,354.1534346438751,11,404.24989719634107
TRXUSDT,2024-02,21.84123262596172,6.499999999999995,TAKE_PROFIT,0.12267452747225761,0.13064837175795435,340.206115669186,2022,414.7231689405692
VETUSDT,2024-02,22.570763902058612,6.499999999999995,TAKE_PROFIT,0.036997399798035624,0.03940223078490794,351.56953118471336,33,789.0040918398151
CKBUSDT,2024-02,1.5364646491172071,0.49999999999998934,TRAILING_LOCK,0.012901579997688532,0.012966087897676974,365.82491645648554,3,790.5405564889325
ORDIUSDT,2024-02,-2.1706891180100545,-0.5126477505602578,STALL_EXIT,69.16882977905273,68.81423732910156,366.2696966213046,65,421.90675559266157
PYTHUSDT,2024-02,-6.3208342990406,-1.7045443850080222,STALL_EXIT,0.5766152985692025,0.5667866348743439,354.19877208670215,264,769.9263728891578
CKBUSDT,2024-02,12.43504293271705,3.499999999999992,TRAILING_LOCK,0.012385476593859494,0.012818968274644574,363.5977465706755,23,782.3614158218749
BONKUSDT,2024-02,-8.379681958447543,-2.200000000000002,STOP_LOSS,1.3722744424740086e-05,1.3420844047395804e-05,367.52991045822534,23,406.2577427701588
CKBUSDT,2024-02,-3.9957310334197063,-1.007046105952658,STALL_EXIT,0.011889377342350781,0.01176964583080262,367.5769603091449,108,769.9860028300077
CKBUSDT,2024-02,-8.290463681859853,-2.200000000000002,STOP_LOSS,0.011448289276845753,0.011196426912755146,363.6168281517475,7,761.6955391481479
CKBUSDT,2024-02,1.5160482950488587,0.49999999999998934,TRAILING_LOCK,0.010597119349054992,0.010650104945800265,360.9638797735523,4,763.2115874431968
FETUSDT,2024-02,-8.241037547197658,-2.200000000000002,STOP_LOSS,0.8364672754526138,0.8180649953926563,361.449015227968,14,754.970549895999
CKBUSDT,2024-02,-8.180910937253342,-2.200000000000013,STOP_LOSS,0.012578515033610165,0.01230178770287074,358.8118832128647,3,746.7896389587457
CKBUSDT,2024-02,12.726782156499755,3.65299181137122,TRAILING_LOCK,0.011348269446752966,0.011762820800375193,356.1939917129436,69,759.5164211152455
APTUSDT,2024-02,2.593919246421743,0.8000000000000007,TRAILING_LOCK,9.939087830543517,10.018600533187865,360.2665620030236,38,401.7458042994268
ANKRUSDT,2024-02,23.126152754094193,6.499999999999995,TAKE_PROFIT,0.02965593085549772,0.03158356636110507,360.22044788308716,39,785.2364931157614
JASMYUSDT,2024-02,1.547687337181371,0.49999999999998934,TRAILING_LOCK,0.008706741393171251,0.008750275100137107,368.4969850431886,6,786.7841804529428
JASMYUSDT,2024-02,13.415875551917258,3.716280487180934,TRAILING_LOCK,0.009804960506223141,0.010169340340291709,368.94501398372785,9,431.0602141157769
TRXUSDT,2024-02,23.51752476625782,6.499999999999995,TAKE_PROFIT,0.13106621487736703,0.13958551884439588,366.3165851442031,1537,821.0408506602955
PYTHUSDT,2024-02,23.689302128427713,6.499999999999995,TAKE_PROFIT,0.526805359840393,0.5610477082300185,368.9922449910867,154,451.9929282415351
JASMYUSDT,2024-02,24.448039917061994,6.499999999999995,TAKE_PROFIT,0.011051209414936602,0.011769538026907481,380.8105906084423,36,857.4038830032828
FETUSDT,2024-02,2.7414852973405237,0.8000000000000007,TRAILING_LOCK,1.0314062913179398,1.0396575416484835,380.7618468528445,28,1241.059519892209
FETUSDT,2024-02,-9.053611246540681,-2.200000000000013,STOP_LOSS,1.0698139060735703,1.0462780001399516,397.08821256757204,1,834.7080066616152
JASMYUSDT,2024-02,25.496326776665505,6.499999999999995,TAKE_PROFIT,0.015325064188241958,0.016321193360477684,397.1390463655069,24,1257.5022354223338
JASMYUSDT,2024-02,-9.174736309641322,-2.199999999999991,STOP_LOSS,0.01741948356628418,0.017036254927825928,402.4007153351468,1,1248.3274991126925
JASMYUSDT,2024-02,-9.107797433526255,-2.200000000000013,STOP_LOSS,0.01640727997943759,0.01604631981988996,399.46479971606163,1,1239.2197016791663
FILUSDT,2024-02,2.855162192668793,0.8000000000000007,TRAILING_LOCK,8.190637929725646,8.256163033163451,396.5503045373332,49,1242.074863871835
JASMYUSDT,2024-02,6.8363800507506065,1.8000000000000016,TRAILING_LOCK,0.014872974071837962,0.015140687605131046,397.4639564389872,27,851.3391976376015
FILUSDT,2024-02,25.651083054458635,6.499999999999995,TAKE_PROFIT,7.8965789809226985,8.409856614682674,399.54958028751753,20,477.22971121953503
CKBUSDT,2024-02,25.513919803574524,6.499999999999995,TAKE_PROFIT,0.010353070553764701,0.011026020139759406,397.4130810525631,134,900.3156773080937
JASMYUSDT,2024-02,13.399325489939615,3.4331784382393593,TRAILING_LOCK,0.014226845075190068,0.014715278052753212,399.6007291808527,34,1313.4755722705581
JASMYUSDT,2024-02,-9.583117775286013,-2.200000000000002,STOP_LOSS,0.013971794229000807,0.013664414755962789,420.3121831265786,2,883.4659679748669
RENDERUSDT,2024-02,-9.581891136210775,-2.200000000000002,STOP_LOSS,7.5345065923690795,7.368747447336959,420.2583831671384,7,1294.3105633590612
UNIUSDT,2024-02,26.590316213648517,6.499999999999995,TAKE_PROFIT,10.925184935760498,11.63532195658493,414.1793802748996,17,1320.9008795727098
UNIUSDT,2024-02,3.043355626535516,0.8000000000000007,TRAILING_LOCK,12.097419267082214,12.194198621218872,422.6882814632671,14,1323.9442351992452
UNIUSDT,2024-02,-9.659497140013706,-2.200000000000002,STOP_LOSS,11.514302483940124,11.260987829293441,423.66215526375845,4,1314.2847380592316
UNIUSDT,2024-02,-9.589021448880194,-2.200000000000013,STOP_LOSS,10.85217038154602,10.613422633152007,420.5711161789541,2,1304.6957166103514
JASMYUSDT,2024-02,-6.289192432119796,-1.4263839100687403,STALL_EXIT,0.015721143609657883,0.015496899746730923,417.50262931531245,93,1298.4065241782316
JASMYUSDT,2024-02,26.674463632717547,6.499999999999995,TAKE_PROFIT,0.015505100627616047,0.016512932168411088,415.4900877370341,31,1325.0809878109492
PYTHUSDT,2024-02,1.7809088476178792,0.49999999999998934,TRAILING_LOCK,0.7605520772337914,0.7643548376199603,424.0259160995038,2,1326.8618966585668
PYTHUSDT,2024-02,-9.68078439802091,-2.200000000000002,STOP_LOSS,0.7555510820031166,0.738928958199048,424.5958069307414,4,1317.181112260546
CKBUSDT,2024-02,-9.608923295418396,-2.200000000000002,STOP_LOSS,0.015427084899321198,0.015087689031536131,421.4440041850165,2,885.9056338593834
JASMYUSDT,2024-02,-9.610153395052931,-2.200000000000002,STOP_LOSS,0.015165032832697033,0.014831402110377699,421.4979559233747,48,1297.9620355700745
PYTHUSDT,2024-02,2.9901217453736257,0.8000000000000007,TRAILING_LOCK,0.6748349617481232,0.6802336414421082,415.2946868574469,33,885.4381667924713
ANKRUSDT,2024-02,26.665332058751552,6.499999999999995,TAKE_PROFIT,0.03148629542291164,0.03353290462540089,415.34785138242387,246,1327.6174893741997
CKBUSDT,2024-02,3.0584391651891587,0.8000000000000007,TRAILING_LOCK,0.016190236556902528,0.01631975844935775,424.7832173873791,19,905.668396901005
PYTHUSDT,2024-02,3.058830695518137,0.8000000000000007,TRAILING_LOCK,0.6611322133541107,0.6664212710609435,424.8375965997439,85,481.92483318459546
FILUSDT,2024-02,27.333915130479387,6.499999999999995,TAKE_PROFIT,7.5875171656608575,8.080705781428813,425.7619179202397,129,935.1909710024827
BONKUSDT,2024-02,-9.929114663634207,-2.200000000000002,STOP_LOSS,1.4422884297891869e-05,1.4105580843338247e-05,435.48748524711317,4,925.2618563388485
PYTHUSDT,2024-02,-9.856671843048318,-2.200000000000002,STOP_LOSS,0.6601320262312889,0.6456091216542005,432.3101685547502,10,915.4051844958002
VETUSDT,2024-02,1.8024553409728759,0.49999999999998934,TRAILING_LOCK,0.05111022073924541,0.05136577184294164,429.1560335649748,4,917.2076398367731
ANKRUSDT,2024-02,48.645161151761506,11.506899983715169,MONTH_END,0.03322664456516504,0.037050001323223114,425.7074203947459,238,1391.7305043514384
BONKUSDT,2024-03,-10.154065759748104,-2.200000000000002,STOP_LOSS,2.393478667981981e-05,2.3408221372863773e-05,445.3537613924603,1,1381.5764385916902
TIAUSDT,2024-03,3.183152114515235,0.8000000000000007,TRAILING_LOCK,16.71334108428955,16.847047812963865,442.1044603493409,85,1384.7595907062055
BONKUSDT,2024-03,28.44850103146828,6.499999999999995,TAKE_PROFIT,2.4034805622068233e-05,2.5597067987502668e-05,443.1230690259858,7,1413.2080917376738
BONKUSDT,2024-03,-10.308126850092894,-2.199999999999991,STOP_LOSS,2.348469689131889e-05,2.2968033559709876e-05,452.1108267584609,1,498.14291306142377
JASMYUSDT,2024-03,28.813744919884897,6.499999999999995,TAKE_PROFIT,0.01984796809628606,0.021138086022544654,448.81222616643123,10,526.9566579813087
HBARUSDT,2024-03,3.307591150195414,0.8114012992701758,TRAILING_LOCK,0.11322264141887427,0.11414133140241503,452.2265893560556,206,982.6717291233022
DOGEUSDT,2024-03,-7.355278017868639,-1.5466667611150564,STALL_EXIT,0.13669732739925383,0.13458307527303695,452.1687043526181,202,1427.6660229397926
FILUSDT,2024-03,-10.41625130336874,-2.200000000000002,STOP_LOSS,8.949789554214478,8.75289418402176,456.85312734073364,1,1417.249771636424
DOGEUSDT,2024-03,-10.340254333859352,-2.200000000000002,STOP_LOSS,0.13465692062973975,0.13169446837588547,453.51992692365565,1,499.68106139287113
SEIUSDT,2024-03,-10.337607398164605,-2.200000000000002,STOP_LOSS,0.835467088329792,0.8170868123865366,453.40383325283364,1,942.9286487808413
JASMYUSDT,2024-03,-10.188065271522522,-2.200000000000002,STOP_LOSS,0.021285256426781415,0.020816980785392222,446.84496804923225,39,932.7405835093189
DOGEUSDT,2024-03,28.474498133475517,6.499999999999995,TAKE_PROFIT,0.14521903853416443,0.1546582760388851,443.52800830958824,18,517.4528605655844
SEIUSDT,2024-03,-10.113733147301469,-2.200000000000002,STOP_LOSS,0.8102620389819145,0.7924362741243124,443.58478716234504,24,951.1013484954929
ADAUSDT,2024-03,29.112252463147176,6.499999999999995,TAKE_PROFIT,0.7121424124002457,0.7584316692062616,453.46187637300943,240,1433.8568620821986
BONKUSDT,2024-03,7.8919481689004725,1.8000000000000016,TRAILING_LOCK,3.204640749609098e-05,3.262324283102062e-05,458.83419586630356,5,1441.748810251099
ORDIUSDT,2024-03,29.61928755779855,6.499999999999995,TAKE_PROFIT,83.24164347381591,88.65235029961394,461.3596192803517,71,1009.8830123337143
TRXUSDT,2024-03,-2.714196751782457,-0.508379238234169,ROTATION_EVICT,0.14087816263139247,0.1401619673013687,461.30056524908383,33,526.7800721914728
BONKUSDT,2024-03,8.081398271116882,1.8000000000000016,TRAILING_LOCK,3.870774000461097e-05,3.940447932469397e-05,469.84873669284025,6,534.8614704625895
BONKUSDT,2024-03,1.9842260933862976,0.49999999999998934,TRAILING_LOCK,3.694738842750667e-05,3.71321253696442e-05,472.43478413959764,2,536.8456965559758
GALAUSDT,2024-03,-4.7113717851987715,-0.9208894772266829,STALL_EXIT,0.04539907670393586,0.04498100138381124,470.71848514715765,80,1003.0410973119936
ENSUSDT,2024-03,30.223995417860976,6.499999999999995,TAKE_PROFIT,20.96419108428955,22.32686350476837,470.77874482649537,122,1032.4211506301704
CKBUSDT,2024-03,-10.752989568242453,-2.200000000000013,STOP_LOSS,0.020353069449216128,0.01990530192133337,471.62234948431643,4,530.5679145407505
BONKUSDT,2024-03,-10.973501376835348,-2.200000000000013,STOP_LOSS,3.7947588766110126e-05,3.71127418132557e-05,481.29392003663577,1,1001.0808507685656
DOGEUSDT,2024-03,-10.972096768659066,-2.200000000000002,STOP_LOSS,0.18939786474108697,0.18523111171678305,481.2323144148711,2,1471.5335613405437
ICPUSDT,2024-03,-10.7363088635406,-2.200000000000002,STOP_LOSS,16.01520153007507,15.66286709641342,470.89073962897396,21,518.8199472820272
BONKUSDT,2024-03,-10.733560544375237,-2.200000000000002,STOP_LOSS,3.4866972596501e-05,3.4099899199377975e-05,470.77019931470284,1,979.0448941320808
ENSUSDT,2024-03,9.660943156263484,2.1318942298389043,TRAILING_LOCK,27.74554777107239,28.337053503041076,470.8304656143015,20,1459.7246350888915
PYTHUSDT,2024-03,-10.650150937608588,-2.200000000000002,STOP_LOSS,0.6065212929725646,0.5931778245271682,467.1118832284453,39,1449.074484151283
FETUSDT,2024-03,-10.57244743636776,-2.200000000000002,STOP_LOSS,2.2310462386608125,2.1819632214102747,463.7038349284106,6,974.6720980850406
RENDERUSDT,2024-03,29.76597566977006,6.499999999999995,TAKE_PROFIT,8.794758821296691,9.366418144680976,463.64448083753973,18,1468.2680123846853
BONKUSDT,2024-03,8.936262585225279,1.9819566144108292,TRAILING_LOCK,2.7795557876379462e-05,2.8346453774222756e-05,469.84576396309933,23,1477.2042749699106
BONKUSDT,2024-03,30.347684624981788,6.499999999999995,TAKE_PROFIT,2.6565311241574818e-05,2.8292056472277178e-05,472.70536799037137,17,1507.5519595948924
FETUSDT,2024-03,-10.999099097204375,-2.200000000000013,STOP_LOSS,2.4956989587306975,2.440793581638622,482.41662707036556,2,1496.552860497688
APTUSDT,2024-03,-4.0517943981327535,-0.7660681762991062,STALL_EXIT,13.177835502433776,13.076884298324586,478.89691535926016,165,1492.5010660995554
BONKUSDT,2024-03,8.214725867811913,1.8000000000000016,TRAILING_LOCK,3.179635923079331e-05,3.236869369694759e-05,477.6003411518577,4,1500.7157919673673
SEIUSDT,2024-03,2.0169620244041084,0.49999999999998934,TRAILING_LOCK,0.8732746027350425,0.8776409757487177,480.22905342955755,1,1502.7327539917712
PYTHUSDT,2024-03,2.0196728213649133,0.49999999999998934,TRAILING_LOCK,0.6726345143079757,0.6759976868795156,480.8744812773668,5,542.8034864547126
ICPUSDT,2024-03,5.205590268444583,1.1626643691860394,TRAILING_LOCK,14.185836210823059,14.35076987391739,480.8129293437633,5,1029.014331238658
POLUSDT,2024-03,-10.961131584584802,-2.200000000000002,STOP_LOSS,1.1232246257543563,1.0985136839877605,480.7513852888073,7,1498.9968854969961
BONKUSDT,2024-03,-7.318361615818222,-1.4456789570879813,STALL_EXIT,3.2006399919191606e-05,3.154369013063843e-05,479.67900335903875,60,1491.6785238811779
GALAUSDT,2024-03,30.641121029034785,6.499999999999995,TAKE_PROFIT,0.05520103868320584,0.05878910619761422,477.2760284896387,4,1044.7915824171787
ROSEUSDT,2024-03,4.437590889339014,0.9910577467949766,TRAILING_LOCK,0.1781956288665533,0.1799616504508853,487.08118721892976,103,1049.2291733065179
UNIUSDT,2024-03,-5.075403855869954,-0.98327447876142,STALL_EXIT,14.096818662643432,13.958208242416383,477.3371276419769,316,1521.6818319436816
JASMYUSDT,2024-03,3.5059549407982793,0.8000000000000007,TRAILING_LOCK,0.021533306052535773,0.02170557250095606,486.9381862219781,19,1525.1877868844797
GALAUSDT,2024-03,31.333457893754744,6.499999999999995,TAKE_PROFIT,0.07336466740071773,0.07813337078176438,488.0600918030335,70,1556.5212447782344
GALAUSDT,2024-03,-11.356379001902027,-2.200000000000002,STOP_LOSS,0.07257450943887234,0.07097787023121714,498.08679832903505,4,1545.1648657763326
GALAUSDT,2024-03,-11.272079849777946,-2.200000000000002,STOP_LOSS,0.07304460841566324,0.07143762703051865,494.38946709552425,38,1039.2422477753087
CKBUSDT,2024-03,-8.256029119515258,-1.5897306268041866,STALL_EXIT,0.0241928383089602,0.023808237348869443,494.45275704842646,60,1525.6367568070393
NEARUSDT,2024-03,31.342681531843784,6.499999999999995,TAKE_PROFIT,7.0944185351371765,7.555555739921092,488.2037621782526,7,1556.979438338883
CKBUSDT,2024-03,-4.254705393268094,-0.7739582493233255,STALL_EXIT,0.02342968478836119,0.02324834881015122,498.23342026844256,128,1552.724732945615
FILUSDT,2024-03,-11.328679651571186,-2.199999999999991,STOP_LOSS,10.456091273117066,10.22605726510849,496.8719145425968,31,1044.3890150305335
OPUSDT,2024-03,-11.32722958057585,-2.200000000000013,STOP_LOSS,4.239847643566131,4.146570995407676,496.8083149375354,29,1530.0688237134682
ORDIUSDT,2024-03,-11.163382137813498,-2.200000000000002,STOP_LOSS,69.5589071685791,68.02861121087035,489.62202358830984,16,1518.9054415756545
RENDERUSDT,2024-03,-11.081934101735966,-2.200000000000002,STOP_LOSS,12.778555222892761,12.49742700798912,486.0497413042095,4,1507.8235074739184
PYTHUSDT,2024-03,-11.001080310529696,-2.200000000000002,STOP_LOSS,0.9723944164395332,0.9510017392778635,482.5035223916539,4,1496.8224271633887
ANKRUSDT,2024-03,-10.919418564081257,-2.200000000000002,STOP_LOSS,0.059641925100982186,0.058329802748760574,478.92186684566775,5,1006.7282386363462
ICPUSDT,2024-03,5.528124310538369,1.2427687781217722,TRAILING_LOCK,19.327864204788206,19.568064866603088,475.42765290516184,73,1012.2563629468846
ANKRUSDT,2024-03,-10.880083681207381,-2.200000000000002,STOP_LOSS,0.05552110139429569,0.054299637163621184,477.19665268453406,8,1001.3762792656771
DOGEUSDT,2024-03,-6.541827001870897,-1.3009625289701954,STALL_EXIT,0.2124924876630306,0.20972804002165796,473.7150259065477,67,994.8344522638063
DOGEUSDT,2024-03,30.2781093692739,6.499999999999995,TAKE_PROFIT,0.19730945994257926,0.2101345748388469,471.621641265949,266,1025.11256163308
CKBUSDT,2024-03,-5.341078125676648,-1.0296945970555638,STALL_EXIT,0.020305059483647345,0.02009597938321531,481.3106362641166,62,1019.7714835074034
TRXUSDT,2024-03,24.259999128224116,5.144895868735189,MONTH_END,0.1169433858051896,0.12296000123023987,478.9831766922844,2184,1523.206252598589
CKBUSDT,2024-04,31.288743781480953,6.499999999999995,TAKE_PROFIT,0.025080014779418708,0.026710215740080923,487.36361030344204,27,1066.874025148189
ANKRUSDT,2024-04,6.272795423428521,1.341177724413778,TRAILING_LOCK,0.06364272575676441,0.06449628781782389,497.376008313516,43,1073.1468205716176
CKBUSDT,2024-04,2.097409871965824,0.49999999999998934,TRAILING_LOCK,0.02772654503546655,0.027865177760643883,499.38330284901315,5,1075.2442304435833
APTUSDT,2024-04,31.292749253385374,6.499999999999995,TAKE_PROFIT,12.998599489974975,13.843508456823347,487.42600083154844,530,1594.1579509288497
APTUSDT,2024-04,-6.5523506565309075,-1.2044458599430818,STALL_EXIT,12.226444777107238,12.079183869171143,510.1305442972319,62,1587.6056002723187
CKBUSDT,2024-04,2.133741926765925,0.49999999999998934,TRAILING_LOCK,0.034391876424103976,0.03456383580622449,508.033792087142,5,1589.7393421990846
UNIUSDT,2024-04,-11.598738240684566,-2.200000000000013,STOP_LOSS,10.587117038154602,10.3542004633152,508.7165895037071,2,1578.1406039583999
UNIUSDT,2024-04,-11.512640039908106,-2.199999999999991,STOP_LOSS,9.68593681526184,9.47284620532608,504.9403526275498,10,1061.4209686544968
CKBUSDT,2024-04,-9.239059026659902,-1.7494985494887705,STALL_EXIT,0.03240047819763422,0.03183363230153918,505.00499326668796,81,1557.3889048918315
JASMYUSDT,2024-04,-11.361255023281224,-2.200000000000002,STOP_LOSS,0.02437287288531661,0.02383666968183964,498.3006589158418,6,1047.4638545233381
TRXUSDT,2024-04,-5.319935532425124,-0.9874789377662396,STALL_EXIT,0.12029405290782451,0.11910617447197437,498.3644495653861,69,1540.7077143361253
VETUSDT,2024-04,3.5493362006369984,0.8000000000000007,TRAILING_LOCK,0.047479493641108275,0.04785932959023714,492.96336119958085,55,557.9359493676641
JASMYUSDT,2024-04,3.557059614361898,0.8000000000000007,TRAILING_LOCK,0.022832565266266466,0.0230152257883966,494.0360575502629,16,561.4930089820259
ORDIUSDT,2024-04,-6.043228899748352,-1.146055120478917,STALL_EXIT,71.77235483551026,70.94980408782959,492.90026188934735,69,1048.5472020763807
ORDIUSDT,2024-04,3.5517857372097086,0.8000000000000007,TRAILING_LOCK,69.20783904418946,69.76150175654297,493.3035746124611,38,558.6612598859779
UNIUSDT,2024-04,21.154415630296533,4.370726153283511,TRAILING_LOCK,8.728745636558532,9.110255204949189,493.0264685875601,299,1073.0393546912696
CKBUSDT,2024-04,31.66603571866525,6.499999999999995,TAKE_PROFIT,0.028442687167972325,0.030291461833890525,493.2404317549107,41,1598.1431183375475
CKBUSDT,2024-04,-11.660052191390768,-2.200000000000002,STOP_LOSS,0.025471093861386178,0.02491072979643568,511.4057978680152,3,1586.483066146157
ANKRUSDT,2024-04,-11.57498045060233,-2.199999999999991,STOP_LOSS,0.04423884518444538,0.043265590590387586,507.6745811667702,2,1574.9080856955545
CKBUSDT,2024-04,-11.48905860547246,-2.200000000000002,STOP_LOSS,0.02027505372092128,0.01982900253906101,503.9060791873874,31,1059.2468514325355
NEARUSDT,2024-04,5.916426712166859,1.2627422734653226,TRAILING_LOCK,7.008401369476318,7.0968994162628185,500.22958043363616,83,1065.1632781447024
HBARUSDT,2024-04,2.1089159153223718,0.49999999999998934,TRAILING_LOCK,0.16333265267908573,0.16414931594248114,502.12283698152953,1,1067.2721940600247
HBARUSDT,2024-04,-11.463787333697043,-2.199999999999991,STOP_LOSS,0.16163231370449066,0.15807640280299187,502.7976900744327,1,1055.8084067263278
HBARUSDT,2024-04,2.0963429681360513,0.49999999999998934,TRAILING_LOCK,0.13462691859304904,0.13530005318601426,499.1292781276497,3,1057.9047496944638
ALGOUSDT,2024-04,-11.395442459605974,-2.200000000000013,STOP_LOSS,0.22874573706686496,0.22371333085139392,499.80010787745323,7,1046.5093072348577
HBARUSDT,2024-04,-11.312301311420661,-2.200000000000002,STOP_LOSS,0.12652529558837414,0.1237417390854299,496.1535662903793,5,1035.197005923437
ORDIUSDT,2024-04,-11.22976676105257,-2.200000000000013,STOP_LOSS,45.849168152618404,44.840486453260795,492.5336298707246,1,1023.9672391623844
ALGOUSDT,2024-04,31.38995470936144,6.499999999999995,TAKE_PROFIT,0.19573914469778536,0.2084621891031414,488.9401045071878,69,566.2841226898655
TRXUSDT,2024-04,32.35491171252947,6.499999999999995,TAKE_PROFIT,0.11096218990534544,0.1181747322491929,503.97058742257747,1537,1102.8112100599415
PYTHUSDT,2024-04,3.5199181452514297,0.8000000000000007,TRAILING_LOCK,0.590218010365963,0.5949397544488907,488.8775201738109,107,1595.4041993870733
NEARUSDT,2024-05,32.77598387220799,6.499999999999995,TAKE_PROFIT,6.010201624488831,6.400864730080604,510.52934380386347,94,1628.1801832592814
DOGEUSDT,2024-05,-6.206565589326624,-1.111239008192566,STALL_EXIT,0.1586617245644331,0.15689861359000207,521.0176586429701,94,1100.8142688999378
TRXUSDT,2024-05,-6.0282450773490766,-1.0771616991257837,STALL_EXIT,0.12242448069155216,0.12110577107518912,520.9509683826637,60,1615.9453725926055
UNIUSDT,2024-05,-11.789937438435649,-2.200000000000002,STOP_LOSS,7.740547643566131,7.5702555954076765,517.1025192296338,25,1604.15543515417
SEIUSDT,2024-05,4.47703136516623,0.9522667237417126,TRAILING_LOCK,0.538607710969448,0.543736692972517,513.2640330427105,106,581.6937807937223
ROSEUSDT,2024-05,-6.836512516070725,-1.2521384826369775,STALL_EXIT,0.0956791330397129,0.09448109779506922,513.1983352464811,181,1088.2608828582313
FETUSDT,2024-05,-5.181975285484084,-0.929482772820045,STALL_EXIT,2.3716743247032164,2.349630020427704,513.3297392493344,224,1596.6139787177813
CKBUSDT,2024-05,-5.997671926983027,-1.0939045894408306,STALL_EXIT,0.015463092373497784,0.015293940896354616,510.91647318969,130,1590.6163067907983
RENDERUSDT,2024-05,-11.603651116864173,-2.200000000000002,STOP_LOSS,10.71014178314209,10.474518663912963,508.9320665291293,1,1069.8118386136093
ICPUSDT,2024-05,-6.52446064931907,-1.2018263865443801,STALL_EXIT,11.70334041366577,11.562686580467224,508.99721817305544,293,1572.488195024615
CKBUSDT,2024-05,32.30519747858567,6.499999999999995,TAKE_PROFIT,0.014289856990613043,0.01521869769500289,503.1962224078768,221,1604.7933925032007
TRXUSDT,2024-05,-5.565526159634278,-1.0037699937016975,STALL_EXIT,0.12448488881886005,0.12323534685820342,513.5338856010243,63,1599.2278663435663
PYTHUSDT,2024-05,-11.667966512842701,-2.200000000000013,STOP_LOSS,0.4070814052462578,0.3981256143308401,511.75291722994126,17,1587.5598998307235
PYTHUSDT,2024-05,-11.581354426025198,-2.199999999999991,STOP_LOSS,0.3728745525598526,0.36467131240353584,507.9541414923344,10,1067.7561697916883
ORDIUSDT,2024-05,8.08067429747632,1.670623899123802,TRAILING_LOCK,39.437886305236816,40.09674505916138,508.0191679458315,107,1584.0592197021745
ROSEUSDT,2024-05,32.538747116747416,6.499999999999995,TAKE_PROFIT,0.08662731885462999,0.09225809458018093,506.8340672390569,134,1109.4962569341042
DOTUSDT,2024-05,32.54291260956146,6.499999999999995,TAKE_PROFIT,6.895378853416442,7.343578478888511,506.89895030469586,151,1649.1408794284835
GALAUSDT,2024-05,-12.032131856310228,-2.200000000000002,STOP_LOSS,0.04336867061331868,0.042414559859825667,527.7250814171147,1,1637.1087475721733
RENDERUSDT,2024-05,-3.3212258518603592,-0.5539732044346768,STALL_EXIT,10.504100255012512,10.445910354232788,523.8747992230955,104,1633.787521720313
CKBUSDT,2024-05,-11.920113758471423,-2.200000000000002,STOP_LOSS,0.015320063848793506,0.014983022444120048,522.8120069505002,10,1621.8674079618413
JASMYUSDT,2024-05,33.315379114732295,6.499999999999995,TAKE_PROFIT,0.022870572689920664,0.024357159914765506,518.9311388587591,41,1135.9776175005652
TRXUSDT,2024-05,-3.7810775942221553,-0.6485347386561591,STALL_EXIT,0.11336266582757235,0.11262746955901384,518.9975705477892,427,1651.4017094823514
JASMYUSDT,2024-05,-12.04862687238322,-2.200000000000002,STOP_LOSS,0.026860370363295076,0.026269442215302585,528.4485470343525,6,1639.3530826099682
ENSUSDT,2024-05,7.133835939469345,1.4398801592728994,TRAILING_LOCK,25.56511146583557,25.93321843352814,524.5929864351898,90,1646.4869185494374
TIAUSDT,2024-05,-12.012768557736715,-2.200000000000002,STOP_LOSS,11.282255732917786,11.034046106793594,526.87581393582,16,1634.4741499917009
JASMYUSDT,2024-05,-11.92512339833946,-2.200000000000002,STOP_LOSS,0.024722943222150205,0.0241790384712629,523.0317279973443,1,1099.3750607452264
CKBUSDT,2024-05,3.7653464155403897,0.8000000000000007,TRAILING_LOCK,0.01609821838773787,0.016227004134839774,522.9647799361607,45,1626.3143730089018
BONKUSDT,2024-05,-11.865589665472925,-2.199999999999991,STOP_LOSS,3.5407080342702104e-05,3.462812457516266e-05,520.4205993628486,2,1614.4487833434289
JASMYUSDT,2024-05,2.169819164813525,0.49999999999998934,TRAILING_LOCK,0.02468193447701633,0.024805344149401408,516.6236106698973,9,1616.6186025082425
TIAUSDT,2024-05,-11.79183003572005,-2.200000000000002,STOP_LOSS,11.182236305236817,10.936227106521606,517.1855278824574,11,569.843255689643
FETUSDT,2024-05,33.207561457920384,6.499999999999995,TAKE_PROFIT,2.142428359937668,2.2816862033336163,517.2517361046789,74,1120.509453946684
CKBUSDT,2024-05,33.211812569929265,6.499999999999995,TAKE_PROFIT,0.015548109322227537,0.016558736428172325,517.3179528026376,100,1671.246146500372
JASMYUSDT,2024-05,-12.19341188486674,-2.200000000000002,STOP_LOSS,0.03001000109128654,0.029349781067278233,534.798766880119,4,1659.0527346155054
ORDIUSDT,2024-05,34.08357937994088,6.499999999999995,TAKE_PROFIT,47.06941337356567,50.12892524284744,530.8968750769617,32,1693.1363139954462
ORDIUSDT,2024-05,-12.351541347224808,-2.200000000000002,STOP_LOSS,49.179832168579104,48.09787586087036,541.7342696151215,35,1138.764430721487
JASMYUSDT,2024-05,-3.5605569637568384,-0.5771674365357748,STALL_EXIT,0.03015203010700643,0.02997800240777433,541.8036204785428,104,1677.2242156844645
JASMYUSDT,2024-06,13.107313150293137,2.522463971603739,TRAILING_LOCK,0.034789954863488674,0.03566751894065738,536.6430499151543,59,1153.4050951161216
CKBUSDT,2024-06,-10.005186020945823,-1.784163778645187,STALL_EXIT,0.015305060035921633,0.015031992698460818,536.7117490190286,347,1139.2726177345148
BONKUSDT,2024-06,-12.331092494810019,-2.199999999999991,STOP_LOSS,3.178635642689187e-05,3.108705658550025e-05,540.837390123248,8,1667.995250319002
JASMYUSDT,2024-06,-12.168135625579165,-2.200000000000013,STOP_LOSS,0.034884976217150684,0.034117506740373366,533.6901590166276,20,1121.8551311993012
JASMYUSDT,2024-06,-12.077810750370647,-2.200000000000002,STOP_LOSS,0.04016202968135476,0.039278465028364955,529.7285416829233,23,579.7690462902417
OPUSDT,2024-06,34.26729442255354,6.499999999999995,TAKE_PROFIT,2.3504699046134947,2.5032504484133717,533.7584801020806,623,1148.0083242069168
JASMYUSDT,2024-06,3.8656619823130645,0.8000000000000007,TRAILING_LOCK,0.038940788058936596,0.03925231436340809,536.8974975434749,45,1151.87398618923
TIAUSDT,2024-06,-4.6439175254014895,-0.7965476538618455,STALL_EXIT,10.572113694763184,10.48790177116394,529.7963556164422,191,1677.238342822517
TIAUSDT,2024-06,3.864357141863108,0.8000000000000007,TRAILING_LOCK,10.5021,10.586116800000001,536.7162697032055,147,607.4469602323148
ROSEUSDT,2024-06,3.87227153522242,0.8000000000000007,TRAILING_LOCK,0.11636326445639134,0.11729417057204247,537.8154910031101,77,611.3192317675373
ORDIUSDT,2024-06,34.45277399532783,6.499999999999995,TAKE_PROFIT,56.15122738952637,59.80105716984558,536.6475700206835,477,1182.6342348115568
GALAUSDT,2024-06,3.9610670145252818,0.8000000000000007,TRAILING_LOCK,0.04449889637008309,0.044854887541043754,550.1481964618489,50,636.2974932223833
ROSEUSDT,2024-06,6.853605600648615,1.3259339171794782,TRAILING_LOCK,0.11469293497055769,0.11621368749594091,550.0777774927018,64,1193.4489074267308
TRXUSDT,2024-06,3.863367929748398,0.8000000000000007,TRAILING_LOCK,0.1140928122639656,0.11500555476207733,536.5788791317208,669,1734.1057860398528
CKBUSDT,2024-06,-5.670943102383222,-0.9419501796034235,STALL_EXIT,0.015962192014977335,0.015811836118623614,554.9138515327529,95,1728.4348429374695
RENDERUSDT,2024-06,-12.610660614071806,-2.200000000000002,STOP_LOSS,9.010801624488831,8.812563988750076,553.0991497399903,4,1715.8241823233977
BONKUSDT,2024-06,-12.517050846617552,-2.200000000000002,STOP_LOSS,2.6295257368474268e-05,2.5716761706367833e-05,548.9934581849793,31,1154.0237676379556
SEIUSDT,2024-06,-5.2024274359102245,-0.8675088359697214,STALL_EXIT,0.4711942225277424,0.4671065710127354,549.0637383434873,60,1698.1047040408703
ORDIUSDT,2024-06,34.88586303981564,6.499999999999995,TAKE_PROFIT,48.97979522094727,52.16348191030884,543.3935052930785,113,1732.9905670806857
ROSEUSDT,2024-06,-4.868729927509426,-0.7979494425695011,STALL_EXIT,0.12135426646023989,0.1203859207674861,554.5569814658194,72,618.7772546077041
NEARUSDT,2024-06,-12.6406625463889,-2.200000000000002,STOP_LOSS,5.792158089351654,5.6647306113859175,554.4150239644258,5,1160.773382035327
JASMYUSDT,2024-06,-12.514532437994049,-2.200000000000002,STOP_LOSS,0.03454090666025877,0.033781006713733075,548.883001666406,8,1148.2588495973328
ENSUSDT,2024-06,3.923124129260985,0.8000000000000007,TRAILING_LOCK,22.874574839401244,23.057571438116454,544.8783512862478,39,1152.1819737265937
ORDIUSDT,2024-06,3.9321630072547986,0.8000000000000007,TRAILING_LOCK,43.23864554214477,43.58455470648193,546.1337510076114,56,1156.1141367338487
CKBUSDT,2024-06,-12.480538584274493,-2.200000000000002,STOP_LOSS,0.012092418324016035,0.011826385120887682,547.392043169933,5,596.0926923703715
ORDIUSDT,2024-06,3.940718234316511,0.8000000000000007,TRAILING_LOCK,41.838367831420896,42.17307477407226,547.3219769884072,16,1147.5743163838906
BONKUSDT,2024-06,-12.41823205500118,-2.200000000000002,STOP_LOSS,2.2474493748813982e-05,2.1980054886340074e-05,544.6593006579463,4,590.3486642277204
FILUSDT,2024-06,2.287276253923278,0.49999999999998934,TRAILING_LOCK,4.891977993965149,4.916437883934974,544.5895842674621,4,1137.4433605828126
ENSUSDT,2024-06,34.75899674626282,6.499999999999995,TAKE_PROFIT,22.324463694763182,23.77555383492279,541.4173948016014,14,630.6377247166585
LINKUSDT,2024-06,-3.500690969118105,-0.5666617342813263,STALL_EXIT,14.047809076309203,13.96820551776886,541.3480933750668,108,616.0096967630219
ROSEUSDT,2024-06,-12.59633837146155,-2.200000000000002,STOP_LOSS,0.09896978861689568,0.09679245326732397,552.4709812044534,8,1156.1053279884954
TRXUSDT,2024-06,3.9922991868397864,0.8000000000000007,TRAILING_LOCK,0.11595318445712327,0.11688080993278026,554.4859981721918,1046,1714.805419746796
ORDIUSDT,2024-06,-12.511220342472601,-2.199999999999991,STOP_LOSS,38.0076,37.1714328,548.7377343189747,6,1702.294199404323
ENSUSDT,2024-06,34.9674556252622,6.499999999999995,TAKE_PROFIT,25.96519108428955,27.65292850476837,544.6644178389759,207,1192.3096175626783
FETUSDT,2024-06,-8.970768534754624,-1.5338713539931104,STALL_EXIT,1.5393078343391418,1.5156968324184419,555.8540036390598,360,627.3336815595991
ORDIUSDT,2024-06,35.68125924776729,6.499999999999995,TAKE_PROFIT,40.49809967880249,43.13047615792465,555.782854326594,254,1219.0201082756912
ORDIUSDT,2024-06,6.146860117519005,1.1690937807542268,TRAILING_LOCK,41.438286305236815,41.92273873328247,564.4013606672239,77,1225.16696839321
XRPUSDT,2024-06,-8.535386245861142,-1.4868902606640866,STALL_EXIT,0.48369671060442926,0.47650467132329943,544.7341438093833,1507,1761.583619614256
FETUSDT,2024-06,36.18997388135526,6.499999999999995,TAKE_PROFIT,1.6843368152618408,1.7938187082538604,563.7067582765619,84,1797.7735934956113
ENSUSDT,2024-06,4.324007124419413,0.8316253610965996,TRAILING_LOCK,27.295458915710448,27.5224548744812,575.2875499185956,33,1802.0976006200308
ENSUSDT,2024-06,4.152032871828594,0.8000000000000007,TRAILING_LOCK,26.435286305236815,26.64676859567871,576.6712321984098,68,1806.2496334918596
ETHUSDT,2024-06,6.2501368578155985,1.1613387761311156,MONTH_END,3398.689611767578,3438.159912109375,577.999882717395,105,1234.342701257775
XRPUSDT,2024-06,3.2090244284419325,0.6352657244605986,MONTH_END,0.47309458998441695,0.47609999775886536,577.9258987324073,105,1815.7087947781172
FETUSDT,2024-07,-13.247411366701128,-2.200000000000002,STOP_LOSS,1.3102619427680968,1.2814361800271987,581.0268143289975,18,1802.4613834114161
BONKUSDT,2024-07,4.15287102737988,0.8000000000000007,TRAILING_LOCK,2.53650711991213e-05,2.556799176871427e-05,576.7876426916532,73,1806.6142544387963
RENDERUSDT,2024-07,-6.6329004955896815,-1.0673292651040556,STALL_EXIT,5.839167420673371,5.776844277954102,578.1165614204148,139,1799.9813539432066
RENDERUSDT,2024-08,-13.132663958369648,-2.200000000000002,STOP_LOSS,5.442088184738159,5.322362244673919,575.9940332618261,6,1210.698015836858
CKBUSDT,2024-08,-13.130982977382958,-2.200000000000002,STOP_LOSS,0.010444088282436132,0.010214318340222538,575.9203060255686,6,1773.717707007454
ORDIUSDT,2024-08,-12.94104439032638,-2.200000000000002,STOP_LOSS,30.146027389526367,29.482814786956787,567.5896662423853,2,1760.7766626171276
TIAUSDT,2024-08,-12.843338004541893,-2.200000000000002,STOP_LOSS,4.672934331321716,4.570129776032639,563.30429844482,51,620.6576519726597
XRPUSDT,2024-08,36.17339575680622,6.499999999999995,TAKE_PROFIT,0.5883176131010055,0.6265582579525708,563.4485320374808,203,1220.5049591797617
XLMUSDT,2024-08,-5.769837587961772,-0.9441532089632387,STALL_EXIT,0.09951990047693253,0.09858028014302254,563.37641062538,476,1778.3368827814302
ORDIUSDT,2024-08,-3.5157342110973246,-0.5378058564750265,STALL_EXIT,30.126024839401243,29.96400531349182,569.0678024900577,285,1774.8211485703328
ORDIUSDT,2024-08,36.46192567622888,6.499999999999995,TAKE_PROFIT,26.56531146583557,28.29205671111488,567.9427675425065,294,675.1613528973637
GALAUSDT,2024-08,36.4572585497423,6.499999999999995,TAKE_PROFIT,0.015543108051270247,0.01655341007460281,567.870070868261,400,1279.7158303437143
NEARUSDT,2024-08,-6.528025674057817,-1.0697104184995143,STALL_EXIT,3.8837764969825743,3.8422313351631163,567.7973834991899,833,1841.212307122246
OPUSDT,2024-08,37.825865637519364,6.499999999999995,TAKE_PROFIT,1.3282655494451523,1.414602810159087,589.1879382791187,610,1879.0381727597655
CKBUSDT,2024-08,38.60296022117658,6.499999999999995,TAKE_PROFIT,0.009463892270810901,0.010079045268413609,601.292215283125,36,1917.641132980942
FETUSDT,2024-08,-5.655324142197825,-0.8415951639969221,STALL_EXIT,1.2472493790149688,1.2367525885581971,613.6451625539015,88,1298.1737662192604
JASMYUSDT,2024-08,-13.98931884418657,-2.200000000000002,STOP_LOSS,0.02346469275355339,0.022948469512975214,613.5666159730946,9,1897.9964899945576
CKBUSDT,2024-08,-2.9916045262283935,-0.41255961187212087,STALL_EXIT,0.00992898531910032,0.009888022335805,607.3588767982584,102,1895.0048854683296
SEIUSDT,2024-08,14.115342384249477,2.407721964678644,TRAILING_LOCK,0.3445689052462578,0.35286516646132465,606.4015633498655,58,1909.1202278525793
FETUSDT,2024-08,39.22096596100332,6.499999999999995,TAKE_PROFIT,1.1632325875997542,1.2388427057937381,610.9184729128255,112,1948.3411938135825
ORDIUSDT,2024-09,-14.215097350063942,-2.200000000000002,STOP_LOSS,31.09621815261841,30.4121013532608,623.4691820203465,23,1934.126096463519
CKBUSDT,2024-09,39.73468652574654,6.499999999999995,TAKE_PROFIT,0.00878775751143694,0.009358961749680341,618.9203508683261,7,1973.8607829892655
CKBUSDT,2024-09,40.550995925731414,6.499999999999995,TAKE_PROFIT,0.01280255967658013,0.013634726055557838,631.6354505565649,59,2014.411778914997
CKBUSDT,2024-09,41.38407558602967,6.499999999999995,TAKE_PROFIT,0.01370774128139019,0.014598744464680551,644.611769252799,159,2055.795854501027
CKBUSDT,2024-09,2.7626359657768513,0.49999999999998934,TRAILING_LOCK,0.016391278520599007,0.016473234913202,657.7704680421282,11,1400.4406751570991
CKBUSDT,2024-09,-15.017322863366793,-2.199999999999991,STOP_LOSS,0.018576713764294983,0.018168026061480495,658.6545115511768,7,1385.4233522937325
CKBUSDT,2024-09,-14.907756475755768,-2.200000000000013,STOP_LOSS,0.017302459973841906,0.016921805854417382,653.8489682348995,2,1370.5155958179766
TRXUSDT,2024-09,37.71677404002292,5.813298791172006,MONTH_END,0.14742948665320874,0.15600000321865082,657.8546734403286,1085,2066.3501851677042
APTUSDT,2024-10,42.45109820408534,6.499999999999995,TAKE_PROFIT,8.611721656608582,9.17148356428814,661.2320592536654,81,2108.8012833717894
LTCUSDT,2024-10,-7.21949333699088,-0.9898455495068514,STALL_EXIT,66.31326305236816,65.65686416931152,674.8164106789726,61,2101.5817900347984
TIAUSDT,2024-10,43.174896294474905,6.499999999999995,TAKE_PROFIT,6.000199872493744,6.390212864205838,672.5061728111355,102,2144.756686329273
GALAUSDT,2024-10,22.185692026969324,3.3125479167959604,TRAILING_LOCK,0.022724543775245548,0.023477305176673832,686.3221396253674,45,1480.4335942485905
APTUSDT,2024-10,44.05624144313399,6.499999999999995,TAKE_PROFIT,10.032005732917785,10.68408610555744,686.2342903914955,58,2210.9986197993767
JASMYUSDT,2024-10,5.398988977119577,0.8430868876358577,TRAILING_LOCK,0.018903779558837413,0.019063154845565557,707.5195583358005,38,2216.3976087764963
RENDERUSDT,2024-10,45.53367247470433,6.499999999999995,TAKE_PROFIT,5.117023375511169,5.449629894919395,709.2472348084789,299,2261.9312812512007
PYTHUSDT,2024-10,-8.279060034050287,-1.063950520019763,STALL_EXIT,0.36127224481701853,0.35742848688960077,723.7253612951042,153,1529.544684012766
TIAUSDT,2024-10,5.191747647006317,0.8000000000000007,TRAILING_LOCK,5.0790156686782835,5.11964779402771,721.0760620842082,96,1534.7364316597723
TRXUSDT,2024-10,46.469116242024654,6.499999999999995,TAKE_PROFIT,0.15703140524625778,0.16723844658726453,723.8180100003842,2973,2305.3130851061815
TIAUSDT,2024-10,25.792914942762756,3.576395336359317,TRAILING_LOCK,4.836967165660858,5.009956233794784,737.7001872339781,27,2331.106000048944
ETHUSDT,2024-11,-8.08425996607093,-1.0037479030743923,STALL_EXIT,2510.502,2485.3028888183594,745.9539200156622,70,2323.0217400828733
SEIUSDT,2024-11,-16.948766615644658,-2.200000000000002,STOP_LOSS,0.3407681405246258,0.333271241433084,743.3669568265194,11,2306.0729734672286
DOGEUSDT,2024-11,3.0993620763399017,0.49999999999998934,TRAILING_LOCK,0.1994498884052038,0.2004471378472298,737.9433515095131,3,2309.172335543569
DOGEUSDT,2024-11,47.433564187939986,6.499999999999995,TAKE_PROFIT,0.19383876233696937,0.20643828188887237,738.8405636750782,71,878.3336878188561
TIAUSDT,2024-11,47.43963646140708,6.499999999999995,TAKE_PROFIT,5.107021146583557,5.438977521111489,738.9351473739421,91,1665.004045713155
BONKUSDT,2024-11,-7.714447894873714,-0.9642625716482667,STALL_EXIT,2.1634325537161203e-05,2.1425713833377813e-05,738.7459920829277,134,2396.3310882980422
ENSUSDT,2024-11,-17.48363162022258,-2.200000000000013,STOP_LOSS,19.683936305236816,19.250889706521605,766.8259482553735,21,1611.812971026009
GALAUSDT,2024-11,-17.481393715375145,-2.200000000000002,STOP_LOSS,0.025945187148079276,0.02537439303082153,766.7277945339968,5,2361.3660629624446
DOGEUSDT,2024-11,-17.228526795373995,-2.200000000000002,STOP_LOSS,0.28332665541172025,0.2770934689926624,755.6371401479823,2,1588.2949014055896
ANKRUSDT,2024-11,-17.226321543944177,-2.200000000000002,STOP_LOSS,0.02875575052164495,0.02812312401016876,755.5404185940433,5,2326.9112146231264
RENDERUSDT,2024-11,47.804063993217426,6.499999999999995,TAKE_PROFIT,6.026205095386505,6.417908426586627,744.6115886794005,57,2374.7152786163438
NEARUSDT,2024-11,48.78615068389408,6.499999999999995,TAKE_PROFIT,5.295058948802948,5.639237780475139,759.90888915723,78,1663.3858838324923
BONKUSDT,2024-11,48.77990605660658,6.499999999999995,TAKE_PROFIT,2.5295058849224004e-05,2.6939237674423563e-05,759.8116208194178,25,2472.2813353568445
APTUSDT,2024-11,-18.03776462276358,-2.200000000000002,STOP_LOSS,12.55251019077301,12.276354966576003,791.1300273141902,1,2454.243570734081
JASMYUSDT,2024-11,-17.901577408210798,-2.200000000000002,STOP_LOSS,0.022564512419700623,0.02206809314646721,785.1569038688959,2,865.0983877289342
ANKRUSDT,2024-11,-17.906161092075855,-2.200000000000002,STOP_LOSS,0.030796157291159032,0.030118641830753533,785.357942634906,3,1632.864312448818
HBARUSDT,2024-11,-17.903869103456056,-2.200000000000002,STOP_LOSS,0.05723144477382302,0.055972352988798914,785.2574168182487,3,2400.5319631303378
FETUSDT,2024-11,3.226314958447081,0.49999999999998934,TRAILING_LOCK,1.3102619427680968,1.3168132524819371,768.1702282017081,8,2403.758278088785
APTUSDT,2024-11,3.2306511257512636,0.49999999999998934,TRAILING_LOCK,11.882376114463806,11.941787995036124,769.2026489884113,2,2406.9889292145363
DOGEUSDT,2024-11,3.2349931208642757,0.49999999999998934,TRAILING_LOCK,0.3956291225910187,0.39760726820397374,770.2364573486516,4,2410.2239223354004
DOGEUSDT,2024-11,-17.584993737359067,-2.200000000000002,STOP_LOSS,0.39228844871520996,0.38365810284347535,771.2716551473281,2,2392.6389285980413
JASMYUSDT,2024-11,49.154374149118155,6.499999999999995,TAKE_PROFIT,0.021454289883747698,0.022848818726191298,765.6444571513732,18,910.18598540389
POLUSDT,2024-11,49.141791434681174,6.499999999999995,TAKE_PROFIT,0.36647328343391417,0.39029404685711855,765.4484647146612,25,1725.082420939118
ANKRUSDT,2024-11,5.511934473558168,0.8000000000000007,TRAILING_LOCK,0.0292358464512974,0.02946973322290778,765.5464546608579,43,2496.4470286553983
ORDIUSDT,2024-11,-18.214077521069743,-2.199999999999991,STOP_LOSS,41.858368473815915,40.93748436739197,798.8630491697274,1,2478.2329511343282
XLMUSDT,2024-11,50.91281774810359,6.499999999999995,TAKE_PROFIT,0.1483296669870615,0.15797109534122047,793.034544362985,37,2529.145768882432
HBARUSDT,2024-11,-18.45264752976628,-2.200000000000002,STOP_LOSS,0.0829765941247344,0.08115110905399024,809.3266460423783,2,2510.693121352666
XLMUSDT,2024-11,51.57967948506911,6.499999999999995,TAKE_PROFIT,0.154230842551589,0.16425584731744228,803.4217988328531,16,2562.2728008377353
HBARUSDT,2024-11,-18.691949479090677,-2.200000000000002,STOP_LOSS,0.08806761036962271,0.08613012294149101,819.822345574153,7,1723.325584172062
RENDERUSDT,2024-11,3.4181318713114424,0.49999999999998934,TRAILING_LOCK,6.914382706832885,6.948954620367049,813.8409217408439,2,912.6814712404711
XRPUSDT,2024-11,29.51023779395998,3.679128596922765,TRAILING_LOCK,1.106321183180809,1.1470241622050286,819.9272962680753,34,947.2904783591088
FETUSDT,2024-11,-18.553197902345318,-2.200000000000013,STOP_LOSS,1.2962592038154601,1.2677415013315199,813.7367501028612,6,918.1953213507826
ROSEUSDT,2024-11,-18.578136896492794,-2.199999999999991,STOP_LOSS,0.08253650463670492,0.08072070153469742,814.8305656356505,4,1714.7736823161945
JASMYUSDT,2024-11,-18.79345846573627,-2.200000000000002,STOP_LOSS,0.022154430557414888,0.02166703308515176,824.2744941112386,3,2520.5844277593415
ATOMUSDT,2024-11,-18.39018398493223,-2.200000000000013,STOP_LOSS,5.97219439458847,5.8408061179075235,806.5870168829892,34,2502.194243774409
HBARUSDT,2024-11,51.405078544101386,6.499999999999995,TAKE_PROFIT,0.08787757511436939,0.09358961749680339,800.7021580078109,12,2553.5993223185105
HBARUSDT,2024-11,-18.631060655635913,-2.200000000000002,STOP_LOSS,0.11245248481482267,0.10997853014889657,817.1517831419234,11,2534.9682616628747
RENDERUSDT,2024-11,7.884984883416223,1.0522759583488916,TRAILING_LOCK,7.569513439750671,7.649165609841155,810.982192422659,106,919.9284810399831
POLUSDT,2024-11,-9.11901556507352,-1.0441530740965321,STALL_EXIT,0.4380875935614109,0.4335132884860039,811.1898437321199,154,908.4929954041361
BONKUSDT,2024-11,52.227045882979525,6.499999999999995,TAKE_PROFIT,4.8249647159536834e-05,5.1385874224906723e-05,813.5053875853522,71,1774.550831027502
UNIUSDT,2024-11,52.071721933942186,6.499999999999995,TAKE_PROFIT,8.878775255012512,9.455895646588324,811.0860114321223,182,2638.0329987981395
XRPUSDT,2024-11,-10.098964227811004,-1.116317984888271,STALL_EXIT,1.0775154124975204,1.0654869141578676,844.1705596154046,74,2627.9340345703285
ROSEUSDT,2024-11,-11.770860265068983,-1.31972837386517,STALL_EXIT,0.07812562398165464,0.07709457795470953,840.9388910625051,64,2616.1631743052594
BONKUSDT,2024-11,10.274690197382323,1.3073090295809386,TRAILING_LOCK,4.9459888186538594e-05,5.010648177082185e-05,837.172215777683,26,2626.437864502642
ORDIUSDT,2024-11,-19.162490659411343,-2.200000000000013,STOP_LOSS,34.886977068328854,34.119463572825616,840.4601166408454,2,2607.2753738432307
ENSUSDT,2024-11,53.55700910547933,6.499999999999995,TAKE_PROFIT,16.893377389526368,17.99144691984558,834.2213256305212,26,991.7223409520635
TIAUSDT,2024-11,53.56386528023527,6.499999999999995,TAKE_PROFIT,4.872974617481232,5.189717967617511,834.3281196298339,121,1879.9480571099846
RENDERUSDT,2024-11,53.55015380831392,6.499999999999995,TAKE_PROFIT,7.087417165660858,7.548099281428813,834.1145453008405,119,2767.9464020372593
RENDERUSDT,2024-11,-12.070513714056471,-1.282755988651496,STALL_EXIT,7.240447643566132,7.147570367813111,885.7428486519229,151,984.0218435266036
ALGOUSDT,2024-11,-20.192351997334328,-2.200000000000002,STOP_LOSS,0.23754749701917172,0.23232145208474994,885.6294735672955,4,967.8069778265952
HBARUSDT,2024-11,-20.189767376278674,-2.200000000000002,STOP_LOSS,0.13368673554360866,0.13074562736164927,885.5161129946789,4,1833.4875298901934
RENDERUSDT,2024-11,-20.10170156992624,-2.200000000000002,STOP_LOSS,7.152430222892761,6.99507675798912,881.6535776283449,1,2695.3920673796633
HBARUSDT,2024-11,-19.660546457188808,-2.199999999999991,STOP_LOSS,0.15089016867578028,0.14757058496491313,862.3046691749497,1,950.1010248506243
ADAUSDT,2024-11,16.05337378142119,1.9412057842743025,TRAILING_LOCK,1.0692138057231904,1.0899694459661484,862.5254615614923,19,1829.0248703781624
XRPUSDT,2024-11,9.563520634455296,1.1889231968282399,TRAILING_LOCK,1.5401080078840255,1.558418709245968,862.4150583024124,19,2701.348415338351
VETUSDT,2024-11,55.49650184471099,6.499999999999995,TAKE_PROFIT,0.0423584716334939,0.045111772289671,864.4314929082724,30,2756.844917183062
NEARUSDT,2024-11,-20.108791676542396,-2.200000000000002,STOP_LOSS,6.320263567256927,6.181217768777275,881.9645472167713,1,971.7625917465161
SEIUSDT,2024-11,-20.11136593138163,-2.200000000000002,STOP_LOSS,0.526805359840393,0.5152156419239043,882.077453130772,3,958.201564153329
ANKRUSDT,2024-11,-20.113940515767652,-2.200000000000002,STOP_LOSS,0.03888777775391936,0.038032246643333135,882.1903734985799,8,1820.6308732855405
PYTHUSDT,2024-11,7.537925519124194,0.9409559707032056,TRAILING_LOCK,0.41648326554894444,0.42040218970310694,875.5297338802778,43,2704.0487445784947
DOTUSDT,2024-11,55.55197740862049,6.499999999999995,TAKE_PROFIT,8.398679712867736,8.944593894204138,865.2955982651183,8,2759.6007219871153
DOTUSDT,2024-11,-20.13404686761804,-2.200000000000002,STOP_LOSS,9.145828853416443,8.94462061864128,883.0722310358769,13,972.9549761654845
BONKUSDT,2024-11,-20.128892881496157,-2.200000000000002,STOP_LOSS,4.7629524259536995e-05,4.658167472582718e-05,882.8461790129871,12,1836.0254007685808
POLUSDT,2024-11,-20.13146970961893,-2.200000000000002,STOP_LOSS,0.5766152985692025,0.56392976200068,882.9591977903043,56,2699.206312528382
XLMUSDT,2024-11,3.6272689341776703,0.49999999999998934,TRAILING_LOCK,0.4743948570907116,0.4767668313761651,863.6354605185212,2,1838.742063045474
XLMUSDT,2024-11,-19.717353053966036,-2.200000000000002,STOP_LOSS,0.46879373170137406,0.45848026960394384,864.796186577458,1,1819.0247099915082
ATOMUSDT,2024-11,-19.69340925620709,-2.200000000000002,STOP_LOSS,8.314662325286864,8.131739754130553,863.7460200090823,19,2663.422819152387
XLMUSDT,2024-11,14.659479196614821,1.8000000000000016,TRAILING_LOCK,0.5260051862955093,0.5354732796488285,852.2953021287639,4,2678.082298349002
DOTUSDT,2024-11,3.599342608980951,0.49999999999998934,TRAILING_LOCK,8.631726114463806,8.674884745036124,856.9863354716807,6,967.3525812856859
ALGOUSDT,2024-11,-19.53428671104317,-2.200000000000002,STOP_LOSS,0.2758551496982574,0.26978633640489574,856.766961010664,10,1804.927962369711
XLMUSDT,2024-11,39.843251324608836,4.729823487759743,TRAILING_LOCK,0.5227045151352883,0.5474275160637379,856.8766412207403,15,1849.8724214333442
FILUSDT,2024-11,-19.420526387796,-2.200000000000013,STOP_LOSS,5.522104108428955,5.400617818043518,851.7774731489444,3,2682.570079183752
BONKUSDT,2024-11,-11.860377848805596,-1.302001953631804,STALL_EXIT,4.594918783623143e-05,4.535092851292575e-05,858.202683262307,135,953.2880347387456
JASMYUSDT,2024-11,-6.784411394449902,-0.7103348274915211,STALL_EXIT,0.02535507070943713,0.0251749648116529,858.4224253388007,143,950.5202923576026
ICPUSDT,2024-11,10.478938422678066,1.3064569436583406,TRAILING_LOCK,12.151429967880249,12.3101831684494,854.4073623506891,18,1815.7483560759101
ROSEUSDT,2024-11,-13.450914286082728,-1.4871347609785368,STALL_EXIT,0.09326864898651838,0.09188161848634481,858.3125472683573,162,2660.953314077092
HBARUSDT,2024-11,-19.414315379506554,-2.200000000000013,STOP_LOSS,0.1365973206102848,0.1335921795568585,851.5050605046694,7,2641.538998697585
UNIUSDT,2024-11,-19.272668534497576,-2.200000000000002,STOP_LOSS,12.801559586334228,12.519925275434876,845.2924795832273,19,2622.2663301630873
ENSUSDT,2024-11,-19.129606241811395,-2.200000000000002,STOP_LOSS,42.29845891571045,41.367892819564815,839.0178176233045,1,1763.675848178827
XRPUSDT,2024-11,50.39253024917047,6.085364718955288,MONTH_END,1.8393677866458893,1.951300024986267,839.125225652188,134,2653.529254170446
HBARUSDT,2024-12,54.514104997677656,6.499999999999995,TAKE_PROFIT,0.1914982904881239,0.20394567936985195,849.1293613345428,74,2708.043359168124
LTCUSDT,2024-12,-19.755355339294038,-2.200000000000002,STOP_LOSS,122.72453694763183,120.02459713478393,866.4629534778082,19,1821.3674993450568
TIAUSDT,2024-12,15.483520736735318,1.8667513878050102,TRAILING_LOCK,7.807561432743072,7.953309194142532,866.5738749337997,37,2703.7715245655654
DOGEUSDT,2024-12,-19.724192023448886,-2.200000000000002,STOP_LOSS,0.44402880164980885,0.434260168013513,865.0961413793348,3,1818.4943619259911
BONKUSDT,2024-12,-19.72671704323039,-2.200000000000002,STOP_LOSS,4.418883625912713e-05,4.321668186142633e-05,865.2068878609809,5,946.1747564882312
GALAUSDT,2024-12,55.12690132893857,6.499999999999995,TAKE_PROFIT,0.04355870959460735,0.046390025718256823,858.6744755286397,31,1860.319603136021
ANKRUSDT,2024-12,6.416215821600063,0.8271276634868263,TRAILING_LOCK,0.04249849976822734,0.04285001661637723,858.784399931831,49,2725.8637326494245
GALAUSDT,2024-12,55.98580940405812,6.499999999999995,TAKE_PROFIT,0.04181836045235395,0.04453655388175696,872.0531059822137,34,1036.7106280813334
ALGOUSDT,2024-12,-20.291283281806443,-2.199999999999991,STOP_LOSS,0.5149029721140861,0.5035751067275762,889.9685649915123,1,1016.4193447995269
PYTHUSDT,2024-12,55.99297650505075,6.499999999999995,TAKE_PROFIT,0.4741948137044906,0.5050174765952825,872.1647430693265,59,1061.0971857880613
HBARUSDT,2024-12,56.71911774871367,6.499999999999995,TAKE_PROFIT,0.28091617881059644,0.2991757304332852,883.4753543413342,23,2001.6450480198457
POLUSDT,2024-12,56.0001445235498,6.499999999999995,TAKE_PROFIT,0.6108221512556076,0.6505255910872221,872.2763944478158,73,2930.2704975489905
HBARUSDT,2024-12,3.9382835487057517,0.49999999999998934,TRAILING_LOCK,0.3509701743721962,0.35272502524405713,937.686559215677,10,2934.2087810976964
ALGOUSDT,2024-12,-21.402507172897018,-2.200000000000013,STOP_LOSS,0.5531105732917786,0.5409421406793594,938.7064549516199,10,1034.2817298400628
FILUSDT,2024-12,6.759551698269056,0.8000000000000007,TRAILING_LOCK,7.286456847381592,7.344748502160645,938.8266247595891,46,1980.2434369478246
JASMYUSDT,2024-12,-21.298412041375766,-2.200000000000002,STOP_LOSS,0.03930785843208432,0.038443085546578465,934.140879007708,1,1958.945024906449
ICPUSDT,2024-12,-23.250883867618292,-2.396272736772509,STALL_EXIT,13.747748885536193,13.418315327072143,938.9468099512628,82,1019.7426402240304
PYTHUSDT,2024-12,-21.143018827121878,-2.200000000000002,STOP_LOSS,0.512502451479435,0.5012273975468874,927.3253871544678,3,1926.2959387062383
DOTUSDT,2024-12,-21.140312520712065,-2.200000000000013,STOP_LOSS,9.81896378917694,9.602946585815047,927.2066895049121,3,2832.7331983662402
ALGOUSDT,2024-12,3.8071934186041116,0.49999999999998934,TRAILING_LOCK,0.5110022006034851,0.5135572116065025,906.4746234771969,7,1023.2141757639652
XLMUSDT,2024-12,6.524946581942012,0.8000000000000007,TRAILING_LOCK,0.5078015660405159,0.51186397856884,906.2425808252669,39,1028.5203034178562
TRXUSDT,2024-12,3.8201047053978607,0.49999999999998934,TRAILING_LOCK,0.3885777050077915,0.3905205935328304,909.5487393804568,2,1032.340408123254
TRXUSDT,2024-12,-20.76558274180499,-2.200000000000002,STOP_LOSS,0.38137626233696936,0.37298598456555604,910.7711728861841,3,1011.574825381449
JASMYUSDT,2024-12,58.25899057740756,6.499999999999995,TAKE_PROFIT,0.03896779063716531,0.04150069702858105,907.4609124206797,151,1073.1698758611346
XRPUSDT,2024-12,-9.38787487638234,-0.955779318584904,STALL_EXIT,2.5219042548179624,2.4978004155158997,906.3585947253918,196,1047.364541113432
TRXUSDT,2024-12,15.871635232102278,1.8000000000000016,TRAILING_LOCK,0.3517703479170799,0.3581022141795873,922.7694902385066,23,1986.3747743801364
HBARUSDT,2024-12,-21.089095009916175,-2.200000000000002,STOP_LOSS,0.290418075710535,0.28402887804490323,924.9603074524617,4,1040.073830072099
BONKUSDT,2024-12,-21.086395605754888,-2.200000000000002,STOP_LOSS,4.145828911641729e-05,4.054620675585611e-05,924.8419125331078,6,1944.1992837644652
ICPUSDT,2024-12,-19.856699092057404,-2.1162309454754613,STALL_EXIT,14.638926879501343,14.32913337879181,904.1261864088066,60,2828.8304215557782
ALGOUSDT,2024-12,6.5176252912645305,0.8000000000000007,TRAILING_LOCK,0.48429684076309204,0.4881712154891968,905.2257348978491,23,1024.5201273511493
RENDERUSDT,2024-12,6.51595688597476,0.8000000000000007,TRAILING_LOCK,8.68473621082306,8.754214100509644,904.9940119409335,28,1936.392093782834
NEARUSDT,2024-12,12.829319199430168,1.4974322567130827,TRAILING_LOCK,7.433486560249328,7.544797985800933,905.1098660037821,41,1035.521078642749
ORDIUSDT,2024-12,-20.731598298603124,-2.200000000000002,STOP_LOSS,46.49929967880249,45.47631508586883,909.2806271317172,20,1010.7994096902662
ICPUSDT,2024-12,-20.822535534617238,-2.200000000000002,STOP_LOSS,14.423883726882934,14.10655828489151,913.2691023954914,9,996.6141499848278
APTUSDT,2024-12,-20.671266153464405,-2.200000000000002,STOP_LOSS,13.502699999999999,13.205640599999999,906.6344804151047,1,1882.9400180386342
XRPUSDT,2024-12,30.1210562373423,3.3930489452013157,TRAILING_LOCK,2.2891578437805173,2.3668300898529053,909.1642392114443,22,2822.588979183105
RENDERUSDT,2024-12,-11.588610647935957,-1.20302096202759,STALL_EXIT,9.88597662448883,9.767046253395081,903.2284733385936,65,2811.0003685351694
HBARUSDT,2024-12,-12.900483114159677,-1.3541517056704255,STALL_EXIT,0.32105419419407843,0.3167066333472729,899.5201179312543,350,2798.0998854210097
POLUSDT,2024-12,-20.41493676403178,-2.200000000000013,STOP_LOSS,0.6500299991726876,0.6357293391908884,895.3919633347232,9,2777.684948656978
ANKRUSDT,2024-12,8.990154629468838,1.0916851709732,TRAILING_LOCK,0.04325864824131131,0.04373089648932516,888.6316501823079,32,1008.359468284212
UNIUSDT,2024-12,20.167067940373748,2.3488709655189455,TRAILING_LOCK,15.523104457855224,15.887722151412962,888.859183570233,33,1917.7412634682469
ALGOUSDT,2024-12,23.596051153946526,2.7349843070026303,TRAILING_LOCK,0.4070814052462578,0.41821501779646875,888.7454095947361,37,1033.6832907077605
DOTUSDT,2024-12,-20.476126766667452,-2.199999999999991,STOP_LOSS,8.213642293167114,8.032942162717438,898.0757353801546,3,1911.6421296153997
ANKRUSDT,2024-12,-20.473505822441407,-2.200000000000002,STOP_LOSS,0.042188437736034395,0.04126029210584164,897.9607816860259,3,2789.4885897916583
CKBUSDT,2024-12,3.749072664679928,0.49999999999998934,TRAILING_LOCK,0.013107621369324625,0.013173159476171247,892.6363487333307,7,1007.5937507467431
DOTUSDT,2024-12,3.7485927833788133,0.49999999999998934,TRAILING_LOCK,8.182635955810547,8.223549135589598,892.5220912806928,7,1904.221443647327
JASMYUSDT,2024-12,57.45395217690918,6.499999999999995,TAKE_PROFIT,0.03857771572172641,0.041085267243638625,894.9213734721076,86,1066.5106495585187
HBARUSDT,2024-12,57.44659807103054,6.499999999999995,TAKE_PROFIT,0.2754550927340984,0.29335967376181477,894.8068235363031,118,2019.1219938952668
APTUSDT,2024-12,57.292583870683096,6.499999999999995,TAKE_PROFIT,11.332265923690796,12.068863208730697,892.4078484530089,142,2969.17938935834
ENSUSDT,2024-12,60.9988213749777,6.499999999999995,TAKE_PROFIT,39.01780032119751,41.55395734207535,950.1374045946687,36,3030.1782107333174
JASMYUSDT,2024-12,6.98063696161316,0.8000000000000007,TRAILING_LOCK,0.04267853434458375,0.04301996261934042,969.5329113351498,18,2067.1139574492954
POLUSDT,2024-12,-11.036971686943666,-1.0582345896201328,STALL_EXIT,0.6382276480436325,0.6314737023115158,969.6570274346616,111,3026.1218760079873
LINKUSDT,2024-12,-22.0785852073543,-2.200000000000002,STOP_LOSS,29.46589108428955,28.817641480435178,968.359000322556,30,3004.0432908006333
TIAUSDT,2024-12,-15.158048862709038,-1.49683821804516,STALL_EXIT,6.931385828304291,6.827634196186066,961.2938530562027,171,2988.885241937924
PYTHUSDT,2024-12,-21.80690672517906,-2.200000000000002,STOP_LOSS,0.4388877671062946,0.42923223622995615,956.4432774201357,8,2967.078335212745
BONKUSDT,2024-12,60.94005366903441,6.499999999999995,TAKE_PROFIT,3.499699813110055e-05,3.7271803009622084e-05,949.2220197668935,35,1128.4502624330303
GALAUSDT,2024-12,60.94785499447385,6.499999999999995,TAKE_PROFIT,0.04880975905805826,0.05198239339683205,949.343535739468,42,2139.121390581268
UNIUSDT,2024-12,-9.031522299982642,-0.8338001339000423,STALL_EXIT,16.87737534942627,16.73665177116394,988.3476665117909,60,2130.089868281285
TIAUSDT,2024-12,-10.838358501122507,-1.0615226188687488,STALL_EXIT,6.655330605411529,6.584682765674591,949.4650672680784,148,3069.096363075148
ENSUSDT,2024-12,-22.39212706499627,-2.200000000000002,STOP_LOSS,46.04920891571045,45.03612631956482,982.1108361840473,6,3046.704236010152
UNIUSDT,2024-12,-9.803938617309653,-0.9255885247074103,STALL_EXIT,16.031205477905274,15.882822479629517,974.9453555232486,162,2061.6898066500935
CKBUSDT,2024-12,-10.046173644118733,-0.9505664478570042,STALL_EXIT,0.012297459255158901,0.012180563733540475,974.8205625177417,60,1082.834566041709
GALAUSDT,2024-12,-15.943560301501739,-1.5608185675271447,STALL_EXIT,0.04338867569714785,0.042711457190662626,971.6833181337072,87,2038.962997201168
TIAUSDT,2024-12,-14.165427139899283,-1.3780100617452162,STALL_EXIT,6.127225127506256,6.042791348743439,971.5589426689861,88,2996.7451363073224
APTUSDT,2024-12,-21.8642525144982,-2.200000000000002,STOP_LOSS,10.262052228927612,10.036287079891204,958.9584436183432,8,1056.5652014217496
RENDERUSDT,2024-12,-21.8586556240784,-2.200000000000002,STOP_LOSS,7.402480222892761,7.23962565798912,958.7129659683519,8,1993.8029969524105
SOLUSDT,2024-12,-21.861453890176442,-2.200000000000013,STOP_LOSS,187.38747610473632,183.2649516304321,958.83569693756,10,2931.160774278569
APTUSDT,2024-12,3.9394800806303265,0.49999999999998934,TRAILING_LOCK,9.35187038154602,9.398629733453749,937.9714477691422,5,2935.1002543591994
JASMYUSDT,2024-12,15.594401582690683,1.7403352772543679,TRAILING_LOCK,0.03276655371934176,0.03333680161285996,939.2320813949439,102,2950.69465594189
OPUSDT,2024-12,-21.528268209752,-2.200000000000002,STOP_LOSS,1.8283655494451523,1.788141507357359,944.2222899014048,38,2929.166387732138
VETUSDT,2025-01,6.7487993573349,0.8000000000000007,TRAILING_LOCK,0.051700339040905235,0.05211394175323248,937.3332440742842,92,2935.915187089473
BONKUSDT,2025-01,-9.749245392189643,-0.9578464671583964,STALL_EXIT,3.485696979259956e-05,3.4523093538882675e-05,939.3726047825683,199,1046.6692186495127
ROSEUSDT,2025-01,7.563661282866526,0.8850791662135871,TRAILING_LOCK,0.08930785849839448,0.09009830374775528,939.4928598686314,200,1994.101536944958
NEARUSDT,2025-01,-8.29529356848007,-0.8031804823501965,STALL_EXIT,5.764152611446381,5.717856062698364,939.252365089156,199,2925.43430941167
ALGOUSDT,2025-01,7.515196014667696,0.8827863579189188,TRAILING_LOCK,0.40898177270293234,0.4125922079987288,936.1389790117344,37,2932.9495054263375
JASMYUSDT,2025-01,-21.398799591590613,-2.200000000000002,STOP_LOSS,0.028635725607722998,0.02800573964435309,938.543841736428,1,2911.5507058347466
XRPUSDT,2025-01,59.814897700669036,6.499999999999995,TAKE_PROFIT,2.9386877195835113,3.1297024213564395,931.696225867119,76,2971.3656035354156
XLMUSDT,2025-01,-13.351065954866662,-1.3241382541184454,STALL_EXIT,0.4904980665028095,0.4840031939685345,950.836993131333,93,1055.9451335925578
ANKRUSDT,2025-01,-11.615661685261463,-1.141781311014678,STALL_EXIT,0.03629725912436843,0.03588282380327582,950.7152859962122,93,1995.425044017907
POLUSDT,2025-01,61.02810876302247,6.4999999999999725,TAKE_PROFIT,0.47319462658166883,0.5039522773094772,950.5935944396048,213,3007.42698465831
HBARUSDT,2025-01,8.332287092508725,0.9458031365987773,TRAILING_LOCK,0.35091017029881477,0.3542290896961451,962.3766350906593,25,2053.120919489099
VETUSDT,2025-01,6.928224846345915,0.8000000000000007,TRAILING_LOCK,0.05168033395707607,0.052093776628732685,962.2534508813676,26,3022.687496597165
JASMYUSDT,2025-01,6.9633805653449,0.8000000000000007,TRAILING_LOCK,0.03085617067962885,0.03110302004506588,967.1361896312321,30,2062.0039742518525
HBARUSDT,2025-01,62.098091930092096,6.499999999999995,TAKE_PROFIT,0.34492895949482916,0.36734934186199303,967.2599989110929,113,3091.748969092602
BONKUSDT,2025-01,63.516890821038416,6.499999999999995,TAKE_PROFIT,3.220644144239486e-05,3.429986013615053e-05,989.3596701096326,18,3155.2658599136403
SOLUSDT,2025-01,-23.02081971392992,-2.200000000000002,STOP_LOSS,273.4646856628418,267.4484625782593,1009.6850751723649,5,3132.2450401997103
LINKUSDT,2025-01,-22.852859813297094,-2.200000000000002,STOP_LOSS,25.75515,25.1885367,1002.3184128639073,4,3109.392180386413
BONKUSDT,2025-01,4.179023090439188,0.49999999999998934,TRAILING_LOCK,3.370673831159365e-05,3.3875272003151614e-05,995.0054977236523,11,3113.5712034768526
FETUSDT,2025-01,-8.843621454294057,-0.8076083197907313,STALL_EXIT,1.1722344505548477,1.1627673876047135,996.3427851125929,438,3104.7275820225586
RENDERUSDT,2025-01,-22.652092438436608,-2.200000000000002,STOP_LOSS,5.66813321685791,5.543434286087036,993.5128262472188,15,3082.075489584122
FETUSDT,2025-01,-22.48682277200575,-2.200000000000002,STOP_LOSS,0.9901980095386504,0.9684136533288001,986.264156666919,47,3059.588666812116
FETUSDT,2025-02,62.85618957098808,6.499999999999995,TAKE_PROFIT,0.6991398009538651,0.7445838880158663,979.0683733798771,223,3122.444856383104
NEARUSDT,2025-02,-22.781357672171136,-2.200000000000002,STOP_LOSS,3.130626114463806,3.061752339945602,999.1823540425933,2,2100.2094182261762
RENDERUSDT,2025-02,64.13929624862189,6.499999999999995,TAKE_PROFIT,4.1028206365585325,4.369503977934837,999.0544587012758,90,1179.60749880023
HBARUSDT,2025-02,63.67127708759747,6.499999999999995,TAKE_PROFIT,0.22742546860277651,0.24220812406195696,991.7644406167848,146,2235.439922280859
ORDIUSDT,2025-02,-9.53369620738104,-0.8814094119754756,STALL_EXIT,11.882376114463806,11.777643733024597,991.6374947683856,413,3217.9403758397707
ROSEUSDT,2025-02,7.414134625934764,0.8000000000000007,TRAILING_LOCK,0.044398878403007984,0.044754069430232045,1029.7409202687265,36,1165.444438995602
OPUSDT,2025-02,9.617362315204092,1.0141985584334767,TRAILING_LOCK,1.074214800953865,1.0851094719796182,1029.477323464413,58,2204.950915704605
ORDIUSDT,2025-02,-8.613200445440418,-0.7565505251540539,STALL_EXIT,11.162231847381591,11.077783923721313,1029.6091134309324,63,3226.3586723354692
GALAUSDT,2025-02,66.28231256445979,6.499999999999995,TAKE_PROFIT,0.022024403101578355,0.023455989303180946,1032.4347751473501,109,1227.3420833985713
FETUSDT,2025-02,-11.958024703691716,-1.0785319318762698,STALL_EXIT,0.7701539809226989,0.7618476243138314,1032.170488760324,136,2247.9674156507076
PYTHUSDT,2025-02,-8.147525384271127,-0.7092574521100903,STALL_EXIT,0.209141813108325,0.20765845921337606,1032.3026234961312,140,3272.5354348119663
BONKUSDT,2025-02,-23.876418532388076,-2.200000000000002,STOP_LOSS,1.594318859424675e-05,1.559243844517332e-05,1047.2113391398293,8,3248.6590162795783
APTUSDT,2025-02,7.4849103735080895,0.8000000000000007,TRAILING_LOCK,5.591118152618408,5.635847097839355,1039.5708852094651,102,2216.2903313888737
ORDIUSDT,2025-02,12.671246246654809,1.29904802780747,TRAILING_LOCK,11.512302228927613,11.661852563987733,1039.4378201361583,93,3268.815172899741
ORDIUSDT,2025-02,-23.849275501476498,-2.200000000000002,STOP_LOSS,11.382276114463806,11.131866039945603,1046.0208553279172,11,3244.965897398264
JASMYUSDT,2025-02,7.4764014276055555,0.8000000000000007,TRAILING_LOCK,0.022174433778226376,0.022351829248452186,1038.3890871674446,9,3252.4422988258702
ORDIUSDT,2025-02,-23.72981901223361,-2.200000000000002,STOP_LOSS,12.912581847381592,12.628505046739196,1040.7815356242786,4,3228.7124798136365
ORDIUSDT,2025-02,-23.553670996880008,-2.200000000000002,STOP_LOSS,13.182636305236816,12.892618306521605,1033.0557454771906,20,2171.5575400789767
ANKRUSDT,2025-02,-13.432524302026748,-1.2201045681917266,STALL_EXIT,0.022874574451893566,0.022595480724051594,1033.1879935403638,307,2165.7975063282374
APTUSDT,2025-02,-23.38182341328676,-2.200000000000002,STOP_LOSS,5.95118980922699,5.820263633423996,1025.518570758189,26,3168.344461101443
ORDIUSDT,2025-02,-23.116241188196128,-2.200000000000002,STOP_LOSS,12.122423885536193,11.855730560054397,1013.8702275524618,5,3145.228219913247
HBARUSDT,2025-02,4.227186727563278,0.49999999999998934,TRAILING_LOCK,0.21542307408750055,0.21650018945793803,1006.473030372239,8,3149.45540664081
BONKUSDT,2025-02,15.788758235009333,1.6468164626854742,TRAILING_LOCK,1.3952789811264665e-05,1.4182566650880473e-05,1007.6967284316033,27,1149.044534111046
SOLUSDT,2025-02,16.02487920741105,1.6704517899427396,TRAILING_LOCK,148.41967738952636,150.89895654710693,1007.5677432503641,27,2173.0401836661213
PYTHUSDT,2025-02,29.368755819077073,2.994070849871311,TRAILING_LOCK,0.21594318391084671,0.22240867583260537,1007.8257301250592,29,3210.6377999023075
ORDIUSDT,2025-03,65.959342961193,6.499999999999995,TAKE_PROFIT,11.05221019077301,11.770603853173256,1027.4040959687384,196,3276.5971428635003
TIAUSDT,2025-03,67.31441170298764,6.499999999999995,TAKE_PROFIT,4.106821146583557,4.373764521111488,1048.5110857163202,6,2295.1153275186207
HBARUSDT,2025-03,67.3057954582896,6.499999999999995,TAKE_PROFIT,0.24439887121617793,0.26028479784522945,1048.3768762973484,8,3411.2173500247773
ADAUSDT,2025-03,-24.888241785780796,-2.200000000000002,STOP_LOSS,1.0168033327817916,0.9944336594605921,1091.5895520079287,4,3386.3291082389965
FETUSDT,2025-03,-24.706657173711754,-2.200000000000002,STOP_LOSS,0.6971394267082214,0.6818023593206405,1083.6253146364788,13,3361.6224510652846
FETUSDT,2025-03,69.06117163468521,6.499999999999995,TAKE_PROFIT,0.5751149880766868,0.6124974623016715,1075.7191843408912,134,3430.68362269997
TIAUSDT,2025-03,24.516550721097786,2.313205664797935,TRAILING_LOCK,3.1416282324314118,3.2143005546709063,1097.8187592639904,38,3455.2001734210676
FETUSDT,2025-03,-25.209140465280075,-2.200000000000002,STOP_LOSS,0.5731146138310432,0.5605060923267603,1105.6640554947417,1,3429.991032955787
XRPUSDT,2025-03,-25.02521457644554,-2.200000000000013,STOP_LOSS,2.2696539266109466,2.2197215402255055,1097.5971305458518,40,3404.9658183793413
FETUSDT,2025-03,4.576274059901657,0.49999999999998934,TRAILING_LOCK,0.4680935947537422,0.4704340627275108,1089.5890618813892,5,3409.542092439243
ORDIUSDT,2025-03,-24.876019106436797,-2.200000000000002,STOP_LOSS,8.441687580299376,8.25597045353279,1091.0534695805577,2,3384.6660733328063
SEIUSDT,2025-03,69.53457981054919,6.499999999999995,TAKE_PROFIT,0.17933585530221463,0.19099268589685858,1083.093143466498,68,3454.200653143356
ORDIUSDT,2025-03,19.158258065494287,1.8132391041090212,TRAILING_LOCK,8.571713694763183,8.727139359368897,1105.3442090058738,45,3473.35891120885
LINKUSDT,2025-03,-25.34162661617979,-2.200000000000002,STOP_LOSS,14.112821656608581,13.802339580163192,1111.474851586832,2,3448.01728459267
FETUSDT,2025-03,-12.011191464892182,-1.0085958575530296,STALL_EXIT,0.5161031728148461,0.5108977775931358,1103.3655310696545,335,3436.0060931277776
JASMYUSDT,2025-03,-9.953119979659016,-0.8252224906889261,STALL_EXIT,0.012732545609213412,0.012627473779208958,1099.521949800889,124,1226.5518232800216
BONKUSDT,2025-03,70.57123947060295,6.499999999999995,TAKE_PROFIT,1.1982395726408868e-05,1.2761251448625444e-05,1099.2404901963075,107,2396.8032491430104
TIAUSDT,2025-03,70.5802737456424,6.499999999999995,TAKE_PROFIT,3.318663678216934,3.534376817301035,1099.3812109913144,563,3567.204486364364
ANKRUSDT,2025-03,8.21883913658346,0.8000000000000007,TRAILING_LOCK,0.021214241918921472,0.021383955854272843,1141.5054356365965,27,3575.4233255009476
CKBUSDT,2025-03,11.429974678780306,1.0790053657823595,TRAILING_LOCK,0.005698139240406453,0.005759622468560189,1144.1354641603032,52,3586.853300179728
ICPUSDT,2025-03,-26.166331958856507,-2.200000000000002,STOP_LOSS,5.890177738952636,5.760593828695678,1147.6461385463376,12,1264.476555404396
ROSEUSDT,2025-03,-26.169681678111363,-2.200000000000002,STOP_LOSS,0.03134626728817821,0.030656649407838285,1147.793056057513,29,2386.5590470062207
RENDERUSDT,2025-03,-26.16298266836582,-2.200000000000002,STOP_LOSS,3.859771767568588,3.774856788682079,1147.4992398406037,29,3508.3543038743946
ROSEUSDT,2025-04,-25.59695300106767,-2.200000000000013,STOP_LOSS,0.02799559832252562,0.027379695159430055,1122.6733772398063,48,2359.778663955788
BONKUSDT,2025-04,18.715459903675104,1.747257473873276,TRAILING_LOCK,1.2132425959134708e-05,1.234441067846783e-05,1122.5296750475195,44,3501.4728107770015
BONKUSDT,2025-04,46.6902175156606,4.247015927907816,TRAILING_LOCK,1.207241368410905e-05,1.2585131016156085e-05,1120.4712994486406,40,3548.163028292662
JASMYUSDT,2025-04,-25.88739745442325,-2.200000000000002,STOP_LOSS,0.00968193613383919,0.009468933538894728,1135.412169053652,26,3522.2756308382386
FILUSDT,2025-04,-25.698523002595778,-2.200000000000002,STOP_LOSS,2.7855570858478544,2.7242748299592017,1127.1282018682364,15,3496.577107835643
ROSEUSDT,2025-04,12.077778774462908,1.1594287529257175,TRAILING_LOCK,0.02269453801251948,0.022957665011580287,1118.9046745074058,44,3508.6548866101057
ETHUSDT,2025-04,-10.876736623696111,-0.8887416701700679,STALL_EXIT,1589.077761767578,1574.9549655273438,1122.7695637152337,71,3497.7781499864095
JASMYUSDT,2025-04,71.85835431332067,6.499999999999995,TAKE_PROFIT,0.013722744162753224,0.014614722533332182,1119.289007995651,21,3569.63650429973
JASMYUSDT,2025-04,23.483988662536465,2.1358806052669266,TRAILING_LOCK,0.015793158558011056,0.016130481568610668,1142.2836813759136,20,3593.120492962266
CKBUSDT,2025-04,-26.21205154454172,-2.200000000000002,STOP_LOSS,0.004449889916460961,0.00435199233829882,1149.6513835325334,23,1266.685934399997
PYTHUSDT,2025-04,-26.215407116652614,-2.199999999999991,STOP_LOSS,0.13252649284601212,0.12961091000339986,1149.798557747925,39,2390.729004454369
ADAUSDT,2025-04,-13.78685859336732,-1.119374326398992,STALL_EXIT,0.6391277985692024,0.6319735660791397,1149.5042281554413,241,3526.906175707705
JASMYUSDT,2025-04,-14.321547485926747,-1.1889545358983233,STALL_EXIT,0.01566313110217452,0.015476903594471514,1128.6099762264657,94,3512.5846282217785
ORDIUSDT,2025-04,8.092994983422996,0.8000000000000007,TRAILING_LOCK,6.381276114463806,6.432326323379517,1124.0270810309692,46,3520.677623205201
RENDERUSDT,2025-04,72.32880109112756,6.499999999999995,TAKE_PROFIT,3.6457289809226987,3.882701364682674,1126.6168394256645,151,3593.0064242963285
GALAUSDT,2025-04,73.7958286207851,6.499999999999995,TAKE_PROFIT,0.015863172625377772,0.016894278846027327,1149.4677355262484,49,1366.5055601338001
ROSEUSDT,2025-04,8.277227180868106,0.8000000000000007,TRAILING_LOCK,0.026195237654820083,0.026404799556058643,1149.614886231686,90,2524.857519500847
TIAUSDT,2025-04,75.49138455446332,6.499999999999995,TAKE_PROFIT,2.5115021179676056,2.6747497556354998,1175.878264088215,120,2600.3489040553104
JASMYUSDT,2025-04,8.639149698725156,0.8000000000000007,TRAILING_LOCK,0.015833166862651706,0.01595983219755292,1199.8819026007288,45,1408.472532405534
ENSUSDT,2025-04,-13.672972461944347,-1.0593806583662158,STALL_EXIT,16.673334076309203,16.4967,1200.0355071456434,214,2595.3150812920912
GALAUSDT,2025-04,-10.434687581691689,-0.7907003220319453,STALL_EXIT,0.017313461093232035,0.017176563500612974,1198.4246838614133,221,2584.8803937103994
BONKUSDT,2025-04,8.60461620361396,0.8000000000000007,TRAILING_LOCK,1.8233645113650708e-05,1.8379514274559913e-05,1195.0855838352718,21,2593.485009914013
GALAUSDT,2025-04,-27.310730591265774,-2.200000000000002,STOP_LOSS,0.017383475160598755,0.017001038707065583,1197.8390610204283,41,1368.0094674070813
ROSEUSDT,2025-04,-12.910720182852009,-0.997972274137715,STALL_EXIT,0.030266052377969026,0.029964005566760897,1197.6857376206176,118,2553.263559139895
PYTHUSDT,2025-04,-27.013816675232384,-2.200000000000002,STOP_LOSS,0.1501300127506256,0.14682715247011183,1184.8165208435234,14,1340.807558413243
ORDIUSDT,2025-04,-26.816723868769877,-2.200000000000002,STOP_LOSS,7.991597771072388,7.815782620108795,1176.172099507449,1,1313.990834544473
POLUSDT,2025-04,-8.490429924110815,-0.6365112065652601,STALL_EXIT,0.23464691263139248,0.23315335873663426,1184.9681967727104,738,2490.942588671782
TRXUSDT,2025-04,21.203643689809713,1.924176678410272,MONTH_END,0.24174833360910414,0.24639999866485596,1149.762055774825,3378,3662.3681929587265
GALAUSDT,2025-05,8.438096316576948,0.8000000000000007,TRAILING_LOCK,0.01570313940681517,0.01582876452206969,1171.9578217467924,94,1326.4032721315557
ANKRUSDT,2025-05,-12.963593443885634,-1.0264316923774164,STALL_EXIT,0.01824364718981087,0.01805638861320913,1171.6578197457823,174,2485.566161561351
TIAUSDT,2025-05,-8.219102601706899,-0.6214036366314679,STALL_EXIT,2.4074814648628236,2.3925212874889374,1171.8078111456089,247,3649.6235932297113
ROSEUSDT,2025-05,8.40873275880124,0.8000000000000007,TRAILING_LOCK,0.027975593238696455,0.028199397984606026,1167.8795498335076,60,3658.0323259885126
RENDERUSDT,2025-05,-14.453004389826102,-1.1546976377799334,STALL_EXIT,4.125825,4.078184196186066,1170.570344316324,115,3643.5793215986864
TRXUSDT,2025-05,-12.745205582764168,-1.0131220080770054,STALL_EXIT,0.25685135589838026,0.2542491382837296,1165.9453829115796,61,3630.8341160159225
TIAUSDT,2025-05,74.59185607943101,6.499999999999995,TAKE_PROFIT,2.8635725160598753,3.049704729603767,1161.8669171250951,88,1381.2089606267555
OPUSDT,2025-05,74.58230832185296,6.499999999999995,TAKE_PROFIT,0.7291457723379134,0.7765402475398778,1161.7181981597032,115,2617.9741543875753
PYTHUSDT,2025-05,-27.575550489500376,-2.200000000000002,STOP_LOSS,0.18843768033385278,0.184292051366508,1209.4539688377326,40,2590.3986038980747
ETHUSDT,2025-05,74.57276178638763,6.499999999999995,TAKE_PROFIT,2291.2782323730466,2440.2113174772944,1161.569498230339,277,3827.0054917140933
ROSEUSDT,2025-05,-27.921832067546116,-2.200000000000013,STOP_LOSS,0.03941788080409169,0.03855068742640167,1224.6417573485098,1,3799.083659646547
HBARUSDT,2025-05,5.105968438564871,0.49999999999998934,TRAILING_LOCK,0.21329264630377293,0.21435910953529178,1215.706771086895,28,1372.2705187010024
DOGEUSDT,2025-05,17.03133308570225,1.47941823994715,TRAILING_LOCK,0.23634726651012897,0.2398438310804963,1217.0295198057072,46,1389.3018517867047
RENDERUSDT,2025-05,-18.93483676814577,-1.4777161522748994,STALL_EXIT,5.285056719875335,5.206958583068848,1215.551160620196,78,2586.404396103003
FETUSDT,2025-05,17.529789192475356,1.5223114271711635,TRAILING_LOCK,0.875175,0.8884978890327453,1215.3955700716365,78,3819.8159135951437
FETUSDT,2025-05,5.133832587871775,0.49999999999998934,TRAILING_LOCK,0.8571713933229447,0.8614572502895593,1222.341092350446,6,3824.949746183015
UNIUSDT,2025-05,8.811556191626169,0.8000000000000007,TRAILING_LOCK,6.8043605732917785,6.858795457878113,1223.8272488369612,22,1385.127722839875
DOGEUSDT,2025-05,-6.0343185905137195,-0.4130063620881086,STALL_EXIT,0.2278255553752184,0.22688462133705617,1223.9839187785649,98,2603.5669165954378
DOGEUSDT,2025-05,78.62676751934713,6.499999999999995,TAKE_PROFIT,0.22344467675685883,0.23796858074605465,1224.7160049742554,106,2682.193684114785
ROSEUSDT,2025-05,78.55965245253267,6.499999999999995,TAKE_PROFIT,0.03681736149564385,0.0392104899928607,1223.67059894911,169,2734.536882547329
PYTHUSDT,2025-05,80.24207583126451,6.499999999999995,TAKE_PROFIT,0.1820363963037729,0.19386876206351814,1249.8765705804462,69,4065.1554795872717
GALAUSDT,2025-05,9.366118224969076,0.8000000000000007,TRAILING_LOCK,0.022064411406219005,0.022240926697468758,1300.849753467927,49,1472.2811158678182
ALGOUSDT,2025-05,9.364919361836256,0.8000000000000007,TRAILING_LOCK,0.24314862240850926,0.24509381138777733,1300.683244699483,49,2782.849553227017
NEARUSDT,2025-05,11.550767212565786,0.9681675032809478,TRAILING_LOCK,3.1076215125560758,3.1377084941656115,1300.5167572441617,56,4095.437284386642
ROSEUSDT,2025-05,15.098875013435165,1.2321110235741672,TRAILING_LOCK,0.03955790893882513,0.040045306295555826,1310.5399310037255,53,4110.536159400078
ORDIUSDT,2025-05,-29.99047181898295,-2.200000000000002,STOP_LOSS,11.382276114463806,11.131866039945603,1315.3715710080248,13,2764.8164028527804
FETUSDT,2025-05,-13.452591234557014,-0.9428526815704164,STALL_EXIT,0.7751549761533737,0.7678464066743851,1315.2032034469357,78,1455.003247745622
ROSEUSDT,2025-05,83.80919384170409,6.499999999999995,TAKE_PROFIT,0.035527102520316836,0.03783636418413743,1305.4391564128352,37,2844.7737736627264
ORDIUSDT,2025-05,-26.872968462407815,-1.9782750709177677,STALL_EXIT,10.832165923690795,10.61787588558197,1305.606274015909,60,4124.029321725834
ORDIUSDT,2025-05,-30.085066549816524,-2.200000000000002,STOP_LOSS,10.542107961845398,10.310181586684799,1319.5204627112491,19,1453.8476917529108
APTUSDT,2025-05,9.49933126146264,0.8000000000000007,TRAILING_LOCK,5.3500697771072385,5.392870335324097,1319.351564092022,17,2783.2263277320326
ADAUSDT,2025-05,9.50176355725626,0.8000000000000007,TRAILING_LOCK,0.766253209412098,0.7723832350873947,1319.689382952267,31,2799.4871493647934
RENDERUSDT,2025-05,9.453117797416576,0.8000000000000007,TRAILING_LOCK,4.734947006034851,4.7728265820831295,1312.9330274189758,26,4122.3984677921535
ENSUSDT,2025-05,84.6688747280367,6.499999999999995,TAKE_PROFIT,22.174434076309204,23.6157722912693,1318.829824424248,131,1567.8459101080743
OPUSDT,2025-05,-14.22561925218082,-0.9985165841336796,STALL_EXIT,0.730146019077301,0.7228553899884224,1318.9986562522483,254,1526.6843126876881
ROSEUSDT,2025-05,-12.673646402178942,-0.8807306357267453,STALL_EXIT,0.034486897777765986,0.034183161103725435,1319.1675096934891,282,2833.7058429828758
TRXUSDT,2025-05,-14.456343474766886,-0.9940833012783923,STALL_EXIT,0.2724544717490673,0.26974604734182356,1345.9238643372198,104,2827.695234446096
RENDERUSDT,2025-05,10.083706773890963,0.8339324264353021,TRAILING_LOCK,4.527905350399017,4.5656650213542935,1337.4815063424307,158,2842.405740489805
ROSEUSDT,2025-05,9.619804333536967,0.8000000000000007,TRAILING_LOCK,0.032786555077135564,0.033048847517752646,1336.0839352134828,26,2852.025544823342
POLUSDT,2025-05,85.56939096275947,6.499999999999995,TAKE_PROFIT,0.22744548486471175,0.242229441380918,1332.8565570523288,434,4270.984635461251
DOGEUSDT,2025-05,-31.157115279026062,-2.200000000000002,STOP_LOSS,0.2284756889283657,0.22344922377194165,1366.5401438169317,19,1505.653978032091
XLMUSDT,2025-05,9.840348600102665,0.8000000000000007,TRAILING_LOCK,0.28775753742456434,0.29005959772396084,1366.7150833476003,21,2882.756096013133
SOLUSDT,2025-05,-31.153127168270323,-2.200000000000002,STOP_LOSS,170.41408088378907,166.6649711043457,1366.3652266785232,21,4218.514741614057
LTCUSDT,2025-05,-14.595954924750123,-1.0012421416925599,STALL_EXIT,93.6087143371582,92.67146444091797,1349.9247173164983,60,4203.918786689307
ORDIUSDT,2025-05,-30.67179146768518,-2.200000000000002,STOP_LOSS,9.947989299201964,9.729133534619521,1345.2540117405783,50,4173.246995221622
TIAUSDT,2025-05,85.73518626983284,6.499999999999995,TAKE_PROFIT,2.440488057231903,2.5991197809519764,1335.4390384709188,114,4258.982181491454
RENDERUSDT,2025-05,-14.89183653181084,-1.0126786536968302,STALL_EXIT,4.419883948802948,4.375124727535248,1362.8742980772654,177,2880.8454148524647
JASMYUSDT,2025-05,-13.725167836847822,-0.9272040321399166,STALL_EXIT,0.016903379230946303,0.016746650417149067,1362.6998501671112,286,4230.365177122795
CKBUSDT,2025-05,-30.86474433228796,-2.200000000000002,STOP_LOSS,0.004302860561292619,0.004208197628944181,1353.7168566792946,18,4199.500432790508
ROSEUSDT,2025-05,-30.639555157639546,-2.200000000000002,STOP_LOSS,0.02846569171026349,0.027839446492637695,1343.8401384929625,1,4168.860877632868
CKBUSDT,2025-06,85.64507787008951,6.499999999999995,TAKE_PROFIT,0.00406081218123436,0.0043247649730145925,1334.035480842518,171,4254.505955502958
UNIUSDT,2025-06,-31.036902219291903,-2.200000000000002,STOP_LOSS,6.530305605411529,6.386638882092475,1361.2676411970094,1,2861.482570760416
FETUSDT,2025-06,17.119938147560894,1.346889971832943,TRAILING_LOCK,0.7791557842612267,0.7896501553843974,1351.3358324868361,34,2878.6025089079767
GALAUSDT,2025-06,-30.935364049424503,-2.200000000000002,STOP_LOSS,0.01589317838810384,0.015543528463565557,1356.8142126940554,35,1490.4839481675315
ORDIUSDT,2025-06,-30.931404322826303,-2.200000000000013,STOP_LOSS,8.540707357406616,8.35281179554367,1356.640540474831,35,2816.735740535726
TIAUSDT,2025-06,85.83648156551885,6.499999999999995,TAKE_PROFIT,1.9023803503990173,2.0260350731749535,1337.0168468149352,103,2902.5722221012447
TRXUSDT,2025-06,87.40457034985275,6.499999999999995,TAKE_PROFIT,0.2684536934494972,0.2859031835237145,1361.4419057609466,1063,4351.963274974349
ETHUSDT,2025-06,10.026923385540929,0.8000000000000007,TRAILING_LOCK,2514.3028088378906,2534.4172313085937,1392.6282479917916,266,4361.99019835989
ROSEUSDT,2025-06,10.050025417021184,0.8000000000000007,TRAILING_LOCK,0.029675934076309203,0.029913341548919677,1395.8368634751648,18,4372.040223776911
TIAUSDT,2025-06,-16.944697573414,-1.1311549118176778,STALL_EXIT,2.107421512556076,2.0835833106040953,1399.0528716086117,60,4355.095526203498
RENDERUSDT,2025-06,-31.774776959180773,-2.200000000000002,STOP_LOSS,3.6747348248004914,3.5938906586548804,1393.6305683851192,11,4323.320749244316
FETUSDT,2025-06,88.81830147247523,6.499999999999995,TAKE_PROFIT,0.6541307842612266,0.6966492852382064,1383.4626397581812,242,4412.139050716792
SOLUSDT,2025-06,-32.190966514029775,-2.200000000000002,STOP_LOSS,130.97618694763185,128.09471083478394,1411.8844962293733,1,4379.948084202762
SEIUSDT,2025-06,-14.203347396263492,-0.9333786921678189,STALL_EXIT,0.30216042276620864,0.29934012176394464,1401.583386944884,64,2963.780190941435
TRXUSDT,2025-06,-15.505691038609434,-1.0264397713034557,STALL_EXIT,0.2736547320663929,0.27084583106040955,1401.4039842713553,71,1555.5825559458435
SEIUSDT,2025-06,5.866807531485707,0.49999999999998934,TRAILING_LOCK,0.2892578479170799,0.29070413715666527,1396.8589360680928,10,2958.8670431198493
UNIUSDT,2025-06,10.056096994494887,0.8000000000000007,TRAILING_LOCK,6.951389809226989,7.007000927700806,1396.6801381242765,14,4366.16195029387
TIAUSDT,2025-06,-31.855517589344075,-2.200000000000002,STOP_LOSS,1.514302858185768,1.4809881953056812,1397.1718240940386,16,4334.306432704526
SEIUSDT,2025-06,89.0439913534816,6.499999999999995,TAKE_PROFIT,0.24924984135925768,0.2654510810476094,1386.9780584654484,89,4423.350424058008
ETHUSDT,2025-06,33.80798327906487,2.4684598238579936,MONTH_END,2425.5951294433594,2485.469970703125,1415.4721356985626,694,1625.6254937476454
APTUSDT,2025-06,39.6598826250252,2.882242357126752,MONTH_END,4.75495098695755,4.892000198364258,1415.2909552651931,572,3081.14244801997
TRXUSDT,2025-06,18.584267247574633,1.3932738727086225,MONTH_END,0.27595518629550936,0.2797999978065491,1415.109798022919,342,4515.4025572096725
UNIUSDT,2025-07,-32.94437705740181,-2.200000000000002,STOP_LOSS,6.705340796184539,6.557823298668479,1444.9288183070953,26,4482.458180152271
JASMYUSDT,2025-07,-32.70401488239096,-2.200000000000002,STOP_LOSS,0.012322463746927678,0.01205136954449527,1434.3866176487268,7,4449.75416526988
ORDIUSDT,2025-07,22.288844847688466,1.6455147282518512,TRAILING_LOCK,7.991597771072388,8.123100689418031,1423.7390709557521,35,3047.552108698052
RENDERUSDT,2025-07,21.202413368815655,1.5690157819208572,TRAILING_LOCK,3.298659697294235,3.350416188536644,1423.9213328863616,41,4493.2454234863835
BONKUSDT,2025-07,12.902670534926,0.9773657483939102,TRAILING_LOCK,1.6383275578846224e-05,1.654340010281885e-05,1437.8385355156427,53,3067.9185400413394
UNIUSDT,2025-07,-32.778522421774575,-2.200000000000002,STOP_LOSS,7.000399872493744,6.8463910752988815,1437.6544921830966,24,4473.3695715995345
BONKUSDT,2025-07,10.3066434929654,0.8000000000000007,TRAILING_LOCK,2.2204439875713432e-05,2.238207539471914e-05,1431.478262911851,21,4483.676215092501
UNIUSDT,2025-07,92.10085374440744,6.499999999999995,TAKE_PROFIT,8.03460659236908,8.55685602087307,1434.5927374518299,86,3140.4267694517757
ROSEUSDT,2025-07,-15.192387596092981,-0.957685313533152,STALL_EXIT,0.029415882890671492,0.02913417130038142,1464.0650106500404,110,1660.771220482874
RENDERUSDT,2025-07,10.50491570605324,0.8000000000000007,TRAILING_LOCK,3.7677533599376676,3.797895386817169,1459.0160702851683,60,1671.2761361889272
OPUSDT,2025-07,-25.532284161576904,-1.6641542914126672,STALL_EXIT,0.6771353861689567,0.6658668085813523,1463.877610328677,178,3110.2070134001588
TRXUSDT,2025-07,92.11264416286025,6.499999999999995,TAKE_PROFIT,0.2863572635293007,0.3049704856587052,1434.7763888296001,1238,3182.6935103591422
LTCUSDT,2025-07,10.47164175873737,0.8000000000000007,TRAILING_LOCK,93.74874935760498,94.49873935246582,1454.394688713523,85,3163.6798277141543
DOTUSDT,2025-07,10.683851210663413,0.8000000000000007,TRAILING_LOCK,3.9457889332294465,3.977355244695282,1483.8682237032529,97,4658.825449917552
XLMUSDT,2025-07,-33.990790482598484,-2.200000000000002,STOP_LOSS,0.3852770338475704,0.37680093910292384,1490.8241439736166,11,4624.834659434953
HBARUSDT,2025-07,14.767938748739052,1.077869372382012,TRAILING_LOCK,0.24065812547206877,0.2432521056986809,1479.947091019185,28,4639.602598183692
ORDIUSDT,2025-07,95.30379532962623,6.499999999999995,TAKE_PROFIT,9.378875255012511,9.988502146588324,1484.48279329636,84,3249.6396929619696
XRPUSDT,2025-07,95.3159957770857,6.499999999999995,TAKE_PROFIT,2.794758783531189,2.9764181044607163,1484.6728314187815,96,4830.222389290404
ROSEUSDT,2025-07,11.12883238492518,0.8000000000000007,TRAILING_LOCK,0.02904580747000873,0.0292781739297688,1545.6711645729292,31,3295.2597136839995
ALGOUSDT,2025-07,11.15304890652944,0.8000000000000007,TRAILING_LOCK,0.2767553300321102,0.2789693726723671,1549.0345703513165,19,3306.4127625905294
XLMUSDT,2025-07,41.72860013193051,2.780053092343704,TRAILING_LOCK,0.4699939920186996,0.4830600745276451,1545.4733186638641,53,1787.9825086213662
HBARUSDT,2025-07,11.177314651782188,0.8000000000000007,TRAILING_LOCK,0.24158830784261226,0.24352101430535317,1552.4048127475178,53,3352.185597945765
ALGOUSDT,2025-07,99.67714765329016,6.499999999999995,TAKE_PROFIT,0.273854745644331,0.2916553041112125,1552.603546001406,82,3434.9269939453416
PYTHUSDT,2025-07,-35.78534159423862,-2.200000000000002,STOP_LOSS,0.11952389630377293,0.11689437058508992,1569.5325260630948,53,4969.301991424623
UNIUSDT,2025-07,-19.242739552498662,-1.1301007587248502,STALL_EXIT,8.804761050224304,8.70525837879181,1590.1766372558795,136,3359.450167987956
BONKUSDT,2025-07,-36.251386557935916,-2.200000000000002,STOP_LOSS,3.67673525121063e-05,3.595847075683996e-05,1589.9730946463108,3,4913.807865314189
UNIUSDT,2025-07,11.32141332168394,0.8000000000000007,TRAILING_LOCK,8.853770636558533,8.924600801651001,1572.4185169005407,19,4925.129278635874
BONKUSDT,2025-07,-35.93374321692735,-2.200000000000002,STOP_LOSS,3.64872958351043e-05,3.568457532673201e-05,1576.0413691634797,3,4889.195535418946
GALAUSDT,2025-07,100.44363307964672,6.499999999999995,TAKE_PROFIT,0.01788357617408037,0.019046008625395593,1564.5425713340628,98,1859.903390790812
ORDIUSDT,2025-07,100.41792115524677,6.499999999999995,TAKE_PROFIT,9.947989299201964,10.59460860365009,1564.1420740692668,111,3525.089042844953
TIAUSDT,2025-07,100.43077629461266,6.499999999999995,TAKE_PROFIT,1.9023803503990173,2.0260350731749535,1564.3423098849319,139,5190.487865948451
JASMYUSDT,2025-07,44.44975870065961,2.75615491119503,TRAILING_LOCK,0.017353469397872686,0.01783175789694488,1660.9561171035043,84,1912.334660596256
BONKUSDT,2025-07,-37.860105421754355,-2.200000000000002,STOP_LOSS,3.415683173880097e-05,3.340538144054735e-05,1660.5309395506308,4,3535.669707100953
LTCUSDT,2025-07,-37.864952135627696,-2.200000000000002,STOP_LOSS,105.74114522094726,103.41484002608642,1660.7435147205153,25,3495.6951952164663
UNIUSDT,2025-07,-37.91303086640956,-2.200000000000002,STOP_LOSS,10.284055987930298,10.05780675619583,1662.8522309828697,52,5121.29953622532
TIAUSDT,2025-07,105.19851053907095,6.499999999999995,TAKE_PROFIT,1.889377858185768,2.012187418967843,1638.6060831630984,34,1947.9749687105639
GALAUSDT,2025-07,105.21197767221278,6.499999999999995,TAKE_PROFIT,0.018113621596992015,0.019291007000796494,1638.8158515921023,36,3692.6583243155155
ORDIUSDT,2025-07,105.18504512972176,6.499999999999995,TAKE_PROFIT,10.0100019739151,10.660652102219581,1638.3963415844535,292,5436.895069566324
CKBUSDT,2025-07,77.79560313330359,4.551509136757459,TRAILING_LOCK,0.006168233559653163,0.006448981273697316,1739.8064222612238,37,5514.690672699628
CKBUSDT,2025-07,113.29380517994109,6.499999999999995,TAKE_PROFIT,0.005799159510992467,0.006176104879206977,1764.701015263881,6,5627.984477879569
CKBUSDT,2025-07,7.564011138270034,0.49999999999998934,TRAILING_LOCK,0.00606421243334189,0.0060945334955085995,1800.955032921462,6,5635.548489017839
CKBUSDT,2025-07,-12.176972722089785,-0.5952322303798052,STALL_EXIT,0.005942188035696745,0.0059068182173185055,1803.3755164857084,69,5623.371516295749
ICPUSDT,2025-07,14.758143156653304,0.9002392682726734,TRAILING_LOCK,6.0842167831420895,6.138989291790771,1799.2485519173322,37,2038.1931272817487
FETUSDT,2025-07,14.836996696412989,0.9047274151921858,TRAILING_LOCK,0.8471694028615951,0.8548339767024039,1799.0182481026868,37,3852.76797938009
APTUSDT,2025-07,18.065848923614343,1.0839489249944378,TRAILING_LOCK,5.382076241970062,5.440415199537278,1799.4788852146396,38,5671.03250507243
CKBUSDT,2025-07,-41.37585315700859,-2.200000000000013,STOP_LOSS,0.005864172773156315,0.005735160972146876,1814.7304016231774,9,5629.656651915421
BONKUSDT,2025-07,115.64086233166952,6.499999999999995,TAKE_PROFIT,3.318663617319544e-05,3.534376752445314e-05,1801.2595378764725,15,3943.0867895827105
GALAUSDT,2025-07,49.929979620189826,2.8515932953034673,TRAILING_LOCK,0.019893977180868386,0.02046127250032723,1801.4901286129348,44,3956.2275741991443
ENSUSDT,2025-07,119.04204751071872,6.499999999999995,TAKE_PROFIT,26.34526815261841,28.057710582538604,1854.2375001669602,115,4075.2696217098633
DOGEUSDT,2025-07,-14.755094558016921,-0.7226643415244927,STALL_EXIT,0.25922182978391645,0.2573485260546208,1838.2646138226066,346,5899.514446819982
JASMYUSDT,2025-07,-43.042857403998624,-2.200000000000002,STOP_LOSS,0.01930386074222624,0.018879175805897264,1887.8446229823944,6,3968.1135693537826
TIAUSDT,2025-07,-43.037347918250944,-2.200000000000002,STOP_LOSS,2.0594118152618406,2.01410475532608,1887.6029788706528,11,5813.434241497733
UNIUSDT,2025-07,13.394152492410754,0.8000000000000007,TRAILING_LOCK,9.875974395561219,9.954982190725708,1860.2989572792744,9,2105.4568503159567
ROSEUSDT,2025-07,-15.627800970027515,-0.7583523423172034,STALL_EXIT,0.02783556510396302,0.027624473443999886,1864.1089409772953,91,2089.829049345929
POLUSDT,2025-07,-17.778532954548442,-0.8759262001088564,STALL_EXIT,0.22724544147849082,0.22525493911802769,1859.8227512253488,110,3932.6171967172195
ENSUSDT,2025-07,-28.141070554268786,-1.4329112964501234,STALL_EXIT,27.275454457855226,26.88462138977051,1860.0608390127425,112,5765.280989511299
TIAUSDT,2025-07,18.396147474314844,1.0771406590905253,TRAILING_LOCK,1.8283655494451523,1.84805961817503,1844.8899166436156,30,5783.677136985614
CKBUSDT,2025-07,13.325592123614753,0.8000000000000007,TRAILING_LOCK,0.006686336912959814,0.006739827608263492,1850.7766838353966,17,5797.002729109228
CKBUSDT,2025-07,119.09362406682,6.499999999999995,TAKE_PROFIT,0.006321264160517603,0.006732146330951247,1855.0408733149532,69,5916.096353176048
CKBUSDT,2025-07,121.54028347964854,6.499999999999995,TAKE_PROFIT,0.006243248432222754,0.006649059580317232,1893.1508330163354,1,6037.636636655697
CKBUSDT,2025-07,-23.37771632625012,-1.1299993410666342,STALL_EXIT,0.006237247186526656,0.006166766334418207,1932.043723729823,78,6014.2589203294465
AVAXUSDT,2025-07,-43.874416438489156,-2.200000000000002,STOP_LOSS,26.35527038154602,25.775454433152007,1924.3165104600462,35,4045.051824243733
ROSEUSDT,2025-07,16.031421546252897,0.9192198664074835,TRAILING_LOCK,0.02664532782174647,0.026890256968553364,1910.27669719973,25,4061.083245789986
CKBUSDT,2025-07,122.96911348446874,6.499999999999995,TAKE_PROFIT,0.0056381272491998966,0.006004605520397889,1915.406752094531,30,2268.1247146121796
TRXUSDT,2025-07,123.55693525924791,6.499999999999995,TAKE_PROFIT,0.3225644904613495,0.34353118234133717,1924.5628545054228,288,4317.014329518652
BONKUSDT,2025-07,-23.281214979124517,-1.1356266720198405,STALL_EXIT,3.102620518839103e-05,3.0673863326956056e-05,1915.1615800302627,134,6209.660759201802
PYTHUSDT,2025-07,-45.29988577146925,-2.200000000000002,STOP_LOSS,0.12752549761533738,0.12471993666779996,1986.8370952398795,29,2189.097180704852
RENDERUSDT,2025-07,-45.29408738609048,-2.200000000000002,STOP_LOSS,3.978795525598526,3.8912620240353584,1986.5827800916886,29,4131.180506522486
VETUSDT,2025-07,14.307058389200828,0.8000000000000007,TRAILING_LOCK,0.02487497477978468,0.025073974578022955,1987.0914429445766,71,6133.373844433441
JASMYUSDT,2025-07,14.131293337574565,0.8000000000000007,TRAILING_LOCK,0.015133026188984513,0.015254090398496388,1962.6796302187013,29,6147.505137771016
OPUSDT,2025-08,-24.06561849886349,-1.1436559761238807,STALL_EXIT,0.6341268033385277,0.6268745742559433,1966.6980726964707,193,2187.7143723146
GALAUSDT,2025-08,-22.409399771447728,-1.0592969606949443,STALL_EXIT,0.014712941784784198,0.014557088039629162,1966.9498422762822,207,4133.041594756345
FILUSDT,2025-08,-17.17829237113117,-0.7932349539645833,STALL_EXIT,2.2564512419700624,2.238552281999588,1967.201644086725,239,6083.851827129574
LTCUSDT,2025-08,-44.3877829307374,-2.200000000000002,STOP_LOSS,125.80515477905273,123.03744137391357,1946.832584681464,17,2144.989259604503
ORDIUSDT,2025-08,14.013606437544095,0.8000000000000007,TRAILING_LOCK,9.102820032119752,9.17564259237671,1946.3342274366905,18,4106.115627169713
TIAUSDT,2025-08,-44.38210129452221,-2.200000000000002,STOP_LOSS,1.6863371895074843,1.6492377713383197,1946.5833901106246,19,6009.09554934186
ORDIUSDT,2025-08,-43.83113820186264,-2.200000000000002,STOP_LOSS,8.960791433715821,8.763654022174073,1922.41834218696,15,2118.1511621072978
PYTHUSDT,2025-08,-24.49902094075102,-1.1940592957992213,STALL_EXIT,0.11262251871228218,0.11127773905843497,1922.9105757893951,60,4017.3318811862578
JASMYUSDT,2025-08,-22.06604587109893,-1.067680550744643,STALL_EXIT,0.014592917802371085,0.014437112057209016,1922.6644432356939,60,5918.699344328147
LINKUSDT,2025-08,121.57819532868304,6.499999999999995,TAKE_PROFIT,18.15362961845398,19.333615543653487,1893.7413602598635,83,4145.53615595575
POLUSDT,2025-08,121.59375932987743,6.499999999999995,TAKE_PROFIT,0.23334666042923927,0.2485141933571398,1893.9837901850071,166,6161.871298986708
BONKUSDT,2025-08,-22.77138831269649,-1.0748535343293897,STALL_EXIT,2.6085216680075973e-05,2.5804838806652696e-05,1971.7988156757467,63,6139.099910674012
RENDERUSDT,2025-08,14.144486194192874,0.8000000000000007,TRAILING_LOCK,3.859771767568588,3.8906499417091367,1964.5119714156838,34,6153.244396868205
ORDIUSDT,2025-08,14.177075090384523,0.8000000000000007,TRAILING_LOCK,9.66893321685791,9.746284682592774,1969.0382069978255,93,6167.421471958589
UNIUSDT,2025-08,-44.99750705940986,-2.200000000000002,STOP_LOSS,11.642328343391418,11.386197119836806,1973.5748710267485,59,6122.423964899179
ADAUSDT,2025-08,14.106064815127672,0.8000000000000007,TRAILING_LOCK,0.9668933574557305,0.9746285043153763,1959.1756687677373,21,6136.530029714306
CKBUSDT,2025-08,-44.77212309679548,-2.199999999999991,STOP_LOSS,0.005335066903196275,0.005217695431325957,1963.6896095085779,7,6091.75790661751
PYTHUSDT,2025-08,-44.44546568668135,-2.200000000000002,STOP_LOSS,0.21354269308447837,0.20884475383661985,1949.3625301176035,1,6047.312440930829
TRXUSDT,2025-09,124.22008458017405,6.499999999999995,TAKE_PROFIT,0.3050610071539879,0.32488997261899705,1934.892283180285,49,4235.6184884207
PYTHUSDT,2025-09,-24.126348304621512,-1.1418082886304304,STALL_EXIT,0.16333265267908573,0.16146770691275597,1974.6427102459409,60,4211.492140116078
XRPUSDT,2025-09,124.23598678648281,6.499999999999995,TAKE_PROFIT,2.802760518980026,2.9849399527137277,1935.1399810978655,518,6271.642163992866
ROSEUSDT,2025-09,-45.75790122849204,-2.200000000000002,STOP_LOSS,0.02825564950816333,0.027634025218983737,2006.9254924777172,28,6225.8842627643735
RENDERUSDT,2025-09,-27.489878701129694,-1.2999946268519968,STALL_EXIT,3.8087616877555845,3.7592479904651643,1992.0279518651967,70,4205.31450679301
DOTUSDT,2025-09,127.90456629423106,6.499999999999995,TAKE_PROFIT,4.07981579618454,4.345003822936534,1992.2829640845996,989,4342.274467200367
DOGEUSDT,2025-09,-46.150889279901165,-2.199999999999991,STOP_LOSS,0.28963790352344515,0.28326586964592937,2024.1618105219845,1,4296.123577920466
UNIUSDT,2025-09,14.467633386857564,0.8000000000000007,TRAILING_LOCK,9.589917897605895,9.666637240786743,2009.3935259524162,91,4310.591211307325
BONKUSDT,2025-09,-45.91972824490561,-2.200000000000002,STOP_LOSS,2.371474136816687e-05,2.3193017058067198e-05,2014.0231686362113,5,4264.67148306242
DOGEUSDT,2025-09,128.3569125293814,6.499999999999995,TAKE_PROFIT,0.2608621497809887,0.27781818951675297,1999.3288555978413,386,4393.028395591801
ROSEUSDT,2025-09,-46.52118994144512,-2.200000000000002,STOP_LOSS,0.030216041531413794,0.02955128861772269,2040.4030676072434,60,4346.507205650356
AVAXUSDT,2025-09,-46.17586007290105,-2.200000000000002,STOP_LOSS,32.306459236907955,31.595717133695977,2025.2570207412675,5,2274.0048522367433
DOGEUSDT,2025-09,-46.18177133963246,-2.200000000000002,STOP_LOSS,0.250880160677433,0.24536079714252948,2025.5162868259813,23,4254.149574237823
NEARUSDT,2025-09,14.370925282372509,0.8000000000000007,TRAILING_LOCK,3.0326064648628233,3.0568673165817257,1995.9618447739706,60,4268.520499520195
SOLUSDT,2025-09,-22.917753799917733,-1.0655666215437898,STALL_EXIT,208.62171783142088,206.39871444091798,2000.5605408643298,287,4245.602745720277
TRXUSDT,2025-09,-20.60485094561049,-0.9589535543023109,STALL_EXIT,0.33726742597818377,0.33403318800926207,1983.231190680835,4229,6209.022377931774
ETHUSDT,2025-09,14.72289017709894,0.8210028343102804,TRAILING_LOCK,3943.1783705566404,3975.5519767408205,1986.8871609381677,56,2249.1446737932747
DOGEUSDT,2025-09,-25.99247276711718,-1.228368222444598,STALL_EXIT,0.22715542046427725,0.22436511546373367,1986.6328393815677,60,4210.579693543477
ICPUSDT,2025-09,-23.765286640043104,-1.116412770139863,STALL_EXIT,4.086817165660858,4.041191416931152,1986.3785503781266,61,6173.987508701712
LTCUSDT,2025-09,14.223046437044651,0.8000000000000007,TRAILING_LOCK,103.82076305236816,104.65132915678711,1975.4231162561914,356,4211.744281953095
TRXUSDT,2025-09,-19.309781017119857,-0.8973758951318134,STALL_EXIT,0.3381676063120365,0.33513297172784806,1975.6760027845478,473,6168.900774121637
TRXUSDT,2025-10,-21.188692691314596,-0.993362452807256,STALL_EXIT,0.34606918593049046,0.3426314645767212,1974.048247718924,203,6147.7120814303225
SEIUSDT,2025-10,8.262525037442133,0.49999999999998934,TRAILING_LOCK,0.22834566519856453,0.22948739352455733,1967.2678660577033,18,6155.974606467765
RENDERUSDT,2025-10,14.183365493301899,0.8000000000000007,TRAILING_LOCK,2.8225644267082215,2.8451449421218875,1969.9118740696847,17,6170.157971961067
RENDERUSDT,2025-10,14.214224313770556,0.8000000000000007,TRAILING_LOCK,2.576515175199509,2.597127296601105,1974.1978213570098,97,2234.3971629413945
APTUSDT,2025-10,14.216043967398406,0.8000000000000007,TRAILING_LOCK,3.25065,3.2766552,1974.4505510275415,118,4223.853538156745
GALAUSDT,2025-10,17.92435960332706,0.9880475128244415,TRAILING_LOCK,0.011322263582982123,0.011434132926709206,1973.9451240358765,118,6216.512599845563
UNIUSDT,2025-10,-45.35567592847333,-2.200000000000002,STOP_LOSS,6.206240923690796,6.069703623369598,1989.2840319505804,1,6171.156923917089
ROSEUSDT,2025-11,-45.024760916899126,-2.200000000000002,STOP_LOSS,0.01751350261643529,0.01712820555887371,1974.7702156534688,1,6126.13216300019
ICPUSDT,2025-11,125.85525915667594,6.499999999999995,TAKE_PROFIT,5.642127993965149,6.0088663135728835,1960.3622921600609,45,6251.987422156866
ICPUSDT,2025-11,128.44082960079052,6.499999999999995,TAKE_PROFIT,5.762152356433869,6.13669225960207,2000.6359750901972,20,6380.428251757657
ICPUSDT,2025-11,131.07951800410927,6.499999999999995,TAKE_PROFIT,6.541307961845398,6.9664929793653485,2041.7370405624501,25,6511.507769761766
FILUSDT,2025-11,133.77241562198543,6.499999999999995,TAKE_PROFIT,2.0124024839401247,2.1432086453962325,2083.6824863237653,6,6645.280185383752
ICPUSDT,2025-11,136.5206361285237,6.499999999999995,TAKE_PROFIT,7.440487929725647,7.9241196451578135,2126.4896593228004,39,6781.800821512275
FETUSDT,2025-11,139.32531607714802,6.499999999999995,TAKE_PROFIT,0.35037007402181625,0.3731441288332343,2170.1762628839283,6,4750.359697875016
FILUSDT,2025-11,38.089101012798004,1.8000000000000016,TRAILING_LOCK,3.0566111942768095,3.111630195773792,2214.4826170231345,3,4788.448798887814
GALAUSDT,2025-11,20.0484321178513,1.0039341056579554,TRAILING_LOCK,0.010342067571356892,0.010445895114935936,2169.898480322279,20,4751.701872921104
FILUSDT,2025-11,-50.76810174911679,-2.200000000000002,STOP_LOSS,3.0116021179676054,2.945346871372318,2226.67112934723,1,6928.495568970957
TIAUSDT,2025-11,9.311898044696514,0.49999999999998934,TRAILING_LOCK,1.008201616215706,1.0132426242967842,2217.1185820707065,15,6937.807467015653
ORDIUSDT,2025-11,-50.618243279346224,-2.200000000000002,STOP_LOSS,6.321264171695709,6.182196359918404,2220.098389445009,2,2446.0691885347505
FILUSDT,2025-11,-50.23597679398233,-2.200000000000002,STOP_LOSS,3.185636942768097,3.115552930027199,2203.3323155255407,2,2395.833211740768
NEARUSDT,2025-11,142.49383117653605,6.499999999999995,TAKE_PROFIT,2.6405281049251554,2.8121624317452905,2219.5300806314035,38,4758.74493558096
ROSEUSDT,2025-11,142.51207272184433,6.499999999999995,TAKE_PROFIT,0.02267453479170799,0.024148379553169008,2219.8142168511604,68,4887.926966490915
ICPUSDT,2025-11,143.36751922756523,6.499999999999995,TAKE_PROFIT,8.289657706832886,8.828485457777022,2233.1389287782786,30,7265.326670068271
ORDIUSDT,2025-11,-52.99425425051166,-2.199999999999991,STOP_LOSS,5.38907761144638,5.27051790399456,2324.3093969522706,6,2560.961130162047
ROSEUSDT,2025-11,-53.00103838342487,-2.200000000000002,STOP_LOSS,0.023324664618819952,0.022811521997205913,2324.6069466414406,7,4833.496881198719
NEARUSDT,2025-11,-53.00782338481814,-2.200000000000002,STOP_LOSS,2.894578853416443,2.830898118641281,2324.9045344218466,17,7106.323554049516
FILUSDT,2025-11,145.99231109439302,6.499999999999995,TAKE_PROFIT,2.772554474401474,2.9527705152375696,2274.023537295845,11,7252.31586514391
FILUSDT,2025-11,9.74711252275324,0.49999999999998934,TRAILING_LOCK,2.8295657961845397,2.8437136251654622,2320.7410768460513,10,4940.690778069653
FETUSDT,2025-11,-52.906123701331325,-2.200000000000002,STOP_LOSS,0.3317663371860981,0.32446747776800394,2320.444021988215,11,4884.664292692407
ICPUSDT,2025-11,-52.97723950122231,-2.200000000000002,STOP_LOSS,8.625724395561218,8.43595845885887,2323.5631360185175,1,7156.17961446411
ICPUSDT,2025-11,-52.204803396862296,-2.200000000000002,STOP_LOSS,7.522504108428955,7.357009018043518,2289.6843595115065,1,4813.081343448081
NEARUSDT,2025-11,147.0165539995505,6.499999999999995,TAKE_PROFIT,2.688537563753128,2.863292505397081,2289.9774766285154,77,7250.991365066798
FILUSDT,2025-11,25.131383145032963,1.1631011702287974,TRAILING_LOCK,2.72754539809227,2.759269510536003,2320.3172368213754,12,7276.12274821183
FILUSDT,2025-11,-53.08659157095357,-2.200000000000002,STOP_LOSS,2.688537563753128,2.629389737350559,2328.3592794277856,9,7223.036156640876
ICPUSDT,2025-11,16.64187530490055,0.8000000000000007,TRAILING_LOCK,7.266452866458892,7.324584489390563,2311.3715701250803,16,7239.678031945776
NEARUSDT,2025-11,-52.82069092107658,-2.200000000000013,STOP_LOSS,2.923584697294235,2.8592658339537618,2316.6969702226484,1,7186.857341024699
FILUSDT,2025-11,16.558519313721117,0.8000000000000007,TRAILING_LOCK,2.5735145542144773,2.5941026706481933,2299.794349127904,16,4902.996084897024
FETUSDT,2025-11,16.594550923042203,0.8000000000000007,TRAILING_LOCK,0.3412682340860367,0.34399837995872495,2304.7987393114367,18,4919.590635820066
UNIUSDT,2025-11,147.627898423968,6.499999999999995,TAKE_PROFIT,6.923384331321716,7.373404312857628,2299.4999754512155,87,7367.638309685431
UNIUSDT,2025-11,9.90083841866335,0.49999999999998934,TRAILING_LOCK,9.145828853416443,9.191557997683525,2357.342480634173,11,2660.9682742081463
FILUSDT,2025-11,-53.74052889016357,-2.199999999999991,STOP_LOSS,2.435486942768097,2.381906230027199,2357.040740796652,3,4965.211302410953
ROSEUSDT,2025-11,-14.808560279742368,-0.5481083425791899,STALL_EXIT,0.021644328865036366,0.021525694492831825,2357.644259099338,121,7308.990058934189
UNIUSDT,2025-11,-53.32639146998386,-2.200000000000002,STOP_LOSS,8.186637419700622,8.006531396467208,2338.8768188589406,7,2576.9373779056727
JASMYUSDT,2025-11,9.8207680397962,0.49999999999998934,TRAILING_LOCK,0.00946189232133329,0.009509201782939954,2338.27810471347,12,4925.971561900824
ADAUSDT,2025-11,-53.31956569187567,-2.200000000000002,STOP_LOSS,0.5672134084582329,0.5547347134721518,2338.5774426261264,15,7212.164869812124
ICPUSDT,2025-11,-52.619954890149415,-2.200000000000002,STOP_LOSS,6.235247006034851,6.098071571902084,2307.89275833988,23,7159.544914921975
ICPUSDT,2025-11,-52.23603969927092,-2.200000000000013,STOP_LOSS,5.347069394588471,5.229433867907524,2291.054372775032,7,7107.308875222703
FILUSDT,2025-11,-51.85492555362505,-2.200000000000013,STOP_LOSS,2.0574113217830656,2.012148272703838,2274.338840071265,43,7055.453949669078
FILUSDT,2025-11,-51.47659201678556,-2.200000000000002,STOP_LOSS,1.9443888057231902,1.90161225199728,2257.745263894105,17,7003.977357652293
FETUSDT,2025-11,16.137163832030843,0.8000000000000007,TRAILING_LOCK,0.2721544215738773,0.2743316569464683,2241.272754448734,22,4778.232255599545
DOGEUSDT,2025-11,143.8712929526218,6.499999999999995,TAKE_PROFIT,0.13592718569934367,0.14476245276980101,2240.9858715361643,335,2670.176915406902
ORDIUSDT,2025-11,144.20281720387604,6.499999999999995,TAKE_PROFIT,3.7577513694763183,4.002005208492279,2246.149800683427,452,5061.427993214478
OPUSDT,2025-11,144.18435924327378,6.499999999999995,TAKE_PROFIT,0.296659333974123,0.31594219068244095,2245.8622935089393,584,7452.372990884095
FETUSDT,2025-11,-54.3725133414904,-2.200000000000002,STOP_LOSS,0.25935185351371765,0.25364611273641585,2384.7593570829104,5,7398.000477542605
TIAUSDT,2025-11,-18.009989915462643,-0.6807625689761454,STALL_EXIT,0.6241248128771781,0.6198760047674179,2367.3601528136337,62,7379.990487627143
APTUSDT,2025-11,-28.110734950652336,-1.110327370584907,STALL_EXIT,2.14842960190773,2.124575,2361.5969560406857,65,7351.87975267649
TIAUSDT,2025-11,151.0370176389855,6.499999999999995,TAKE_PROFIT,0.6131225756764411,0.6529755430954097,2352.601520856477,212,5149.675462298524
ICPUSDT,2025-11,-22.47679005038971,-0.8755237998672727,STALL_EXIT,3.9487895542144775,3.914216961860657,2352.3003878618074,397,7480.439980265086
ICPUSDT,2025-12,19.925660937533767,0.912406791499798,TRAILING_LOCK,3.7047407961845398,3.7385431028163914,2393.7407936848276,64,7500.365641202619
ORDIUSDT,2025-12,84.97674930015633,3.620978524501517,TRAILING_LOCK,3.986797261047363,4.131158333685303,2399.8097902081745,92,2783.8029229150134
CKBUSDT,2025-12,154.04806785443245,6.499999999999995,TAKE_PROFIT,0.0026015202146954836,0.0027706190286506897,2399.502614555028,595,5338.3134063702955
ANKRUSDT,2025-12,154.08751173286655,6.499999999999995,TAKE_PROFIT,0.0075014998323284085,0.007989097321429755,2400.117005184838,598,7893.477970090074
BONKUSDT,2025-12,18.186573243087764,0.8000000000000007,TRAILING_LOCK,9.951990276204015e-06,1.0031606198413648e-05,2525.912950428824,49,7911.664543333161
PYTHUSDT,2025-12,162.5372363782365,6.499999999999995,TAKE_PROFIT,0.06341268033385276,0.0675345045555532,2531.7326538666116,150,5541.780624187646
LTCUSDT,2025-12,20.93409778285477,0.9069742722804142,TRAILING_LOCK,82.74654935760498,83.49703927147827,2531.408592086917,128,8095.135877494253
ORDIUSDT,2025-12,166.30647146724166,6.499999999999995,TAKE_PROFIT,4.358871401596069,4.642198042699813,2590.443480798161,158,8261.442348961495
TRXUSDT,2025-12,-31.294885153293382,-1.1037704842948526,STALL_EXIT,0.28195636864900586,0.27884421747326854,2643.6615516676784,60,8230.147463808202
TRXUSDT,2025-12,-28.49161995796168,-1.001831312988799,STALL_EXIT,0.2806561313509941,0.2778444303452969,2633.6471884186244,393,8201.65584385024
CKBUSDT,2025-12,-46.686569116550466,-1.6990822766226432,STALL_EXIT,0.002410481957299635,0.00236952588558197,2624.1939302087126,153,5529.3895927536
UNIUSDT,2025-12,18.786630442258033,0.8000000000000007,TRAILING_LOCK,6.1432285984039305,6.192374427191162,2609.2542280914163,32,5548.176223195858
HBARUSDT,2025-12,167.87858276980538,6.499999999999995,TAKE_PROFIT,0.11010201228708029,0.11725864308574051,2614.931195791361,152,3099.742749752792
VETUSDT,2025-12,167.9000739792744,6.499999999999995,TAKE_PROFIT,0.010452089943364263,0.011131475789682939,2615.265949832939,529,5883.9548799449385
UNIUSDT,2025-12,-26.40194262806921,-0.8896917034838525,STALL_EXIT,6.236247133541107,6.180763760185242,2722.7151199926448,60,5857.552937316869
FILUSDT,2025-12,-15.847158012444137,-0.5038467969916693,STALL_EXIT,1.293258582830429,1.286742540884018,2714.266498351663,481,5841.705779304426
TRXUSDT,2025-12,45.2727021900353,1.8049833087051992,MONTH_END,0.27945587103366853,0.28450000286102295,2624.529870032077,3292,8512.55816347455
AVAXUSDT,2026-01,174.88199491042118,6.499999999999995,TAKE_PROFIT,13.142628343391419,13.996899185711861,2724.018612311856,123,8687.440158384972
RENDERUSDT,2026-01,178.47477061386067,6.499999999999995,TAKE_PROFIT,1.7653529856920243,1.8801009297620057,2779.980850683191,77,8865.914928998833
RENDERUSDT,2026-01,182.14135630135175,6.499999999999995,TAKE_PROFIT,2.1044208915710447,2.2412082495231624,2837.0927772796267,42,9048.056285300185
RENDERUSDT,2026-01,143.4167039347371,5.033932200330371,TRAILING_LOCK,2.414482834339142,2.5360262632083894,2895.0074029106136,55,6294.936826734345
RENDERUSDT,2026-01,188.8058280324963,6.499999999999995,TAKE_PROFIT,2.1374274839401246,2.2763602703962325,2940.9007481697295,61,6483.742654766842
POLUSDT,2026-01,21.98010017932236,0.8123481113631481,TRAILING_LOCK,0.17713542276620864,0.17857437902760506,3001.3186131401285,25,6505.722754946165
POLUSDT,2026-01,-68.59043119050348,-2.200000000000002,STOP_LOSS,0.17463492515087128,0.1707929567975521,3008.3522451975114,27,6437.132323755661
JASMYUSDT,2026-01,-68.08999540453749,-2.200000000000002,STOP_LOSS,0.009121823594905435,0.008921143475817515,2986.4033072165507,52,6369.042328351123
POLUSDT,2026-01,-67.5932107980658,-2.200000000000002,STOP_LOSS,0.1562312466055155,0.15279415918019415,2964.6145086870984,13,6301.449117553057
POLUSDT,2026-01,21.189489704868375,0.8000000000000007,TRAILING_LOCK,0.1512302364706993,0.1524400783624649,2942.9846812317173,41,6322.638607257924
RENDERUSDT,2026-01,-51.669450768955244,-1.6716461548570538,STALL_EXIT,2.328465668678284,2.2895419618606567,2949.765317937275,60,6270.969156488969
ICPUSDT,2026-01,12.319570593502524,0.49999999999998934,TRAILING_LOCK,4.483896401596069,4.5063158836040484,2933.231093691209,4,6283.288727082472
ICPUSDT,2026-01,188.5665294732486,6.499999999999995,TAKE_PROFIT,4.370873885536194,4.654980688096047,2937.17335628113,28,3533.883139504958
ICPUSDT,2026-01,-38.79312561935654,-1.214338669010595,STALL_EXIT,4.256851241970062,4.2051586512565615,2997.138735645614,86,3495.0900138856014
LTCUSDT,2026-01,83.46805285479981,2.9221454237545075,TRAILING_LOCK,73.87477261047363,76.03350089761963,2936.7973980915262,146,6516.530183791165
AVAXUSDT,2026-01,21.6850364814808,0.8000000000000007,TRAILING_LOCK,13.842768152618408,13.953510297839355,3011.8106224279118,34,6538.215220272646
TRXUSDT,2026-01,185.88326832520676,6.499999999999995,TAKE_PROFIT,0.29245848248004913,0.3114682838412523,2895.378011296059,2897,9620.63465109843
JASMYUSDT,2026-01,-70.19215041441433,-2.200000000000002,STOP_LOSS,0.007971593685820698,0.007796218624732642,3078.6030883514977,3,3391.956047509691
RENDERUSDT,2026-01,-70.18316581916112,-2.200000000000002,STOP_LOSS,2.1404281049251557,2.0933386866168022,3078.2090271561883,3,6401.213192457581
GALAUSDT,2026-01,-70.17418237393626,-2.200000000000002,STOP_LOSS,0.007371473773755133,0.00720930135073252,3077.8150164007125,3,9410.085152490918
ROSEUSDT,2026-01,193.29604431173325,6.499999999999995,TAKE_PROFIT,0.01674334787540138,0.017831665487302466,3010.8418117092474,18,6590.949457106039
ORDIUSDT,2026-01,-34.00359218583654,-1.049227035236877,STALL_EXIT,4.457891178703308,4.411117779254913,3011.2272487970936,102,9569.377604616815
ROSEUSDT,2026-01,12.861243500604845,0.49999999999998934,TRAILING_LOCK,0.018213641427084804,0.018304709634220227,3062.200833477381,1,9582.23884811742
ROSEUSDT,2026-01,-69.91201463586475,-2.200000000000002,STOP_LOSS,0.017173434821516276,0.016795619255442918,3066.3164313975744,3,9512.326833481555
ROSEUSDT,2026-01,-69.40193657708124,-2.199999999999991,STOP_LOSS,0.017493497532606126,0.017108640586888792,3043.9445867140976,2,9442.924896904475
ROSEUSDT,2026-01,-68.89558004781513,-2.200000000000002,STOP_LOSS,0.0202240442968905,0.019779115322358907,3021.735967009432,10,9374.02931685666
ROSEUSDT,2026-01,-68.3929178957863,-2.200000000000002,STOP_LOSS,0.01853370600119233,0.0181259644691661,2999.6893813941315,1,9305.636398960874
ATOMUSDT,2026-01,21.44018626320601,0.8000000000000007,TRAILING_LOCK,2.312462436246872,2.330962135736847,2977.8036476674797,178,6348.463127427983
ETHUSDT,2026-01,-27.32879134624161,-0.8378674322853885,STALL_EXIT,2955.9909823242187,2931.223696582031,2977.4224888005783,130,6314.2706833258235
ENSUSDT,2026-01,-67.84225057146658,-2.200000000000013,STOP_LOSS,8.821763694763183,8.627684893478392,2975.537305766068,30,3270.0819331886305
SOLUSDT,2026-01,-67.83356676339336,-2.200000000000002,STOP_LOSS,123.04460064239501,120.33761942826231,2975.15643699093,39,6178.594865990964
ROSEUSDT,2026-01,188.24217103885425,6.499999999999995,TAKE_PROFIT,0.018583716847747563,0.019791658442851155,2932.1210442189126,10,6366.837037029818
TRXUSDT,2026-01,21.48684045979081,0.8000000000000007,TRAILING_LOCK,0.29585916042923927,0.2982260337126732,2984.2833971931395,671,9373.800988041625
ROSEUSDT,2026-01,192.57536749832715,6.499999999999995,TAKE_PROFIT,0.02045408971980214,0.02178360555158928,2999.61631617332,15,9566.376355539953
ROSEUSDT,2026-01,-69.79628189001954,-2.200000000000002,STOP_LOSS,0.02143428666293621,0.020962732356351613,3061.240433772785,9,9496.580073649933
ROSEUSDT,2026-01,195.097741033064,6.499999999999995,TAKE_PROFIT,0.018793757186830042,0.020015351403973994,3038.9056235679786,56,9691.677814682997
ROSEUSDT,2026-01,-70.71048133592731,-2.200000000000002,STOP_LOSS,0.019153830065578224,0.0187324458041355,3101.336900698559,9,9620.96733334707
ROSEUSDT,2026-01,197.65315289628225,6.499999999999995,TAKE_PROFIT,0.01849369769655168,0.01969578804682754,3078.709546671062,70,6739.073688205524
ICPUSDT,2026-01,-70.18559275815929,-2.200000000000002,STOP_LOSS,2.8435685351371767,2.7810100273641587,3078.315471849088,28,6605.61373645523
ORDIUSDT,2026-01,-71.62767131175843,-2.200000000000002,STOP_LOSS,3.331666289663315,3.258369631290722,3141.564531217476,1,9676.807222173435
ROSEUSDT,2026-02,-70.60198549297732,-2.200000000000002,STOP_LOSS,0.0173334661770612,0.016952129921165855,3096.578311095499,1,9606.205236680458
ROSEUSDT,2026-02,197.34988038236344,6.499999999999995,TAKE_PROFIT,0.016373274317756294,0.017437537148410454,3073.9856757377465,37,9803.555117062822
OPUSDT,2026-02,-30.538083589918948,-0.8934377996447473,STALL_EXIT,0.18743747830688953,0.18576284102499485,3137.137637460103,200,9773.017033472903
ICPUSDT,2026-02,-71.30393227621816,-2.199999999999991,STOP_LOSS,2.375475,2.32321455,3127.365450711329,1,9701.713101196685
APTUSDT,2026-02,-27.567164878004462,-0.8080742774253635,STALL_EXIT,0.9111822133541106,0.903819184267521,3104.1508102143143,261,3463.3609443566165
ICPUSDT,2026-02,-18.1544376958338,-0.5049188029651708,STALL_EXIT,2.3654730095386505,2.3535292915344237,3103.753478910607,266,6550.201486962954
ENSUSDT,2026-02,22.244543261212993,0.8000000000000007,TRAILING_LOCK,6.881376114463806,6.9364271233795165,3089.5198973906854,23,6572.446030224167
OPUSDT,2026-02,66.49444400859156,2.227585644144514,TRAILING_LOCK,0.14212842634320258,0.14529445876467226,3096.241781550916,54,3541.0636677379907
OPUSDT,2026-02,37.84260110258804,1.2938687501116375,TRAILING_LOCK,0.13922784195542334,0.14102926749393938,3117.5200036336655,19,3578.9062688405784
DOGEUSDT,2026-02,22.295794688886986,0.8000000000000007,TRAILING_LOCK,0.09708941506594419,0.09786613038647175,3096.638151234274,127,6699.078870024234
OPUSDT,2026-02,-35.027379278981634,-1.036531254708306,STALL_EXIT,0.13042608200311662,0.12907417489886283,3137.1606599702955,62,6664.0514907452525
ATOMUSDT,2026-02,-71.27170328810327,-2.200000000000002,STOP_LOSS,2.009401862955093,1.9651950219700811,3125.9518986010216,22,6592.77978745715
TRXUSDT,2026-02,38.17700849595544,1.3097122199495326,MONTH_END,0.27825564052462576,0.28189998865127563,3104.5481923829393,4481,9736.746807612997
LINKUSDT,2026-03,22.430593161265797,0.8000000000000007,TRAILING_LOCK,8.821763694763183,8.892337804321288,3115.3601612869197,28,6642.17211874673
NEARUSDT,2026-03,22.433464644740123,0.8000000000000007,TRAILING_LOCK,1.1412282324314118,1.150358058290863,3115.758978436159,31,9781.610865419003
DOGEUSDT,2026-03,-71.35749794508934,-2.200000000000002,STOP_LOSS,0.0999499892860651,0.09775108952177167,3129.7148221530333,21,6578.885844349059
TRXUSDT,2026-03,-35.32762854852449,-1.0486365889327387,STALL_EXIT,0.28745748724937437,0.28444310286045077,3130.115476934081,93,9674.925738925389
ANKRUSDT,2026-03,-70.58825819119988,-2.200000000000013,STOP_LOSS,0.0046309258648194376,0.00452904549579341,3095.9762364561248,20,9604.33748073419
ADAUSDT,2026-03,22.128393555611645,0.8000000000000007,TRAILING_LOCK,0.2527505410015583,0.2547725453295708,3073.387993834941,176,9626.465874289803
ICPUSDT,2026-03,-70.23469501881873,-2.200000000000013,STOP_LOSS,2.6525303503990174,2.5941746826902388,3080.469079772737,17,9556.231179270984
ICPUSDT,2026-03,-69.72226268396133,-2.200000000000013,STOP_LOSS,2.608521640062332,2.5511341639809606,3057.993977366715,56,9486.508916587023
FETUSDT,2026-03,-69.2135690554188,-2.200000000000002,STOP_LOSS,0.1840368003576994,0.17998799074983002,3035.6828533078474,9,9417.295347531604
FETUSDT,2026-03,12.65684494708217,0.49999999999998934,TRAILING_LOCK,0.23934785768687725,0.2405445969753116,3013.5345112101136,4,9429.952192478686
FETUSDT,2026-03,-68.80093119632437,-2.199999999999991,STOP_LOSS,0.23264652348160744,0.2275282999650121,3017.5847015931795,4,9361.15126128236
ANKRUSDT,2026-03,-68.29895960231623,-2.200000000000002,STOP_LOSS,0.005601119800284504,0.005477895164678245,2995.5684036103553,10,9292.852301680046
FETUSDT,2026-03,45.95831188653942,1.625485928141468,TRAILING_LOCK,0.2319463865339756,0.23571664240791798,2973.712736537615,26,9338.810613566586
ANKRUSDT,2026-03,-68.13596223658206,-2.200000000000013,STOP_LOSS,0.005791157850064337,0.0056637523773629215,2988.4193963413077,6,9270.674651330004
ANKRUSDT,2026-03,190.45674003692324,6.499999999999995,TAKE_PROFIT,0.005481095817871391,0.005837367046033031,2966.6158884256015,56,6493.708735310408
APTUSDT,2026-03,26.94526448353869,0.9883991636417067,TRAILING_LOCK,0.996199191892147,1.0060456163730145,2966.2361615918826,161,9488.076655850466
ANKRUSDT,2026-03,-69.22500728108524,-2.200000000000013,STOP_LOSS,0.005221044166479259,0.005106181194816715,3036.184529872149,48,9418.85164856938
FETUSDT,2026-03,193.47612015451097,6.499999999999995,TAKE_PROFIT,0.22744548486471175,0.242229441380918,3013.6467313786766,51,6597.089628170674
APTUSDT,2026-03,193.50088826820922,6.499999999999995,TAKE_PROFIT,1.0342068391084671,1.1014302836505174,3014.0325275422015,287,9805.828656992102
FILUSDT,2026-03,201.45094392924548,6.499999999999995,TAKE_PROFIT,0.8001600119233131,0.8521704126983284,3137.8651702374727,108,10007.279600921347
FETUSDT,2026-03,-73.01311196832211,-2.200000000000002,STOP_LOSS,0.23774754040539264,0.232517094516474,3202.3294722948312,34,9934.266488953024
FETUSDT,2026-03,-31.713542080888235,-0.9176058032365098,STALL_EXIT,0.22784555673301218,0.22575483268201352,3178.9652764649677,144,9902.552946872136
ALGOUSDT,2026-04,203.43804774054115,6.499999999999995,TAKE_PROFIT,0.11752349970191717,0.12516252718254178,3168.8169429990835,118,10105.990994612677
VETUSDT,2026-04,23.28420325158753,0.8000000000000007,TRAILING_LOCK,0.007474494459573179,0.007534290415249764,3233.917118276057,86,10129.275197864265
LTCUSDT,2026-04,23.33785005587915,0.8000000000000007,TRAILING_LOCK,54.77095032119751,55.20911792376709,3241.3680633165645,266,10152.613047920144
ROSEUSDT,2026-04,208.57528245647123,6.499999999999995,TAKE_PROFIT,0.011232246294803917,0.01196234230396617,3248.836175334446,40,10361.188330376615
ORDIUSDT,2026-04,212.86025305925662,6.499999999999995,TAKE_PROFIT,8.204640668678284,8.737942312142371,3315.5802657205168,5,10574.048583435871
ORDIUSDT,2026-04,-77.14825846474814,-2.200000000000002,STOP_LOSS,8.166632961845398,7.986967036684799,3383.695546699479,1,10496.900324971124
ORDIUSDT,2026-04,14.107834036760906,0.49999999999998934,TRAILING_LOCK,8.395678853416443,8.437657247683525,3359.00810399076,3,10511.008159007886
ORDIUSDT,2026-04,14.126794965705937,0.49999999999998934,TRAILING_LOCK,8.064612325286864,8.104935386913297,3363.5226108825236,3,10525.134953973593
ORDIUSDT,2026-04,14.145781378140182,0.49999999999998934,TRAILING_LOCK,7.815562929725647,7.854640744374274,3368.0431852715496,2,10539.280735351735
ORDIUSDT,2026-04,216.5189834270657,6.499999999999995,TAKE_PROFIT,7.590518025112152,8.08390169674444,3372.5698353125554,3,10755.7997187788
ORDIUSDT,2026-04,220.96714942259143,6.499999999999995,TAKE_PROFIT,7.378475255012512,7.858076146588325,3441.855910009216,8,10976.766868201392
ORDIUSDT,2026-04,169.1192268163497,4.894692615291829,TRAILING_LOCK,7.179435573291778,7.530846876117326,3512.5653978244454,14,11145.88609501774
ORDIUSDT,2026-04,-81.30997593997584,-2.200000000000002,STOP_LOSS,6.916382961845398,6.764222536684799,3566.227014911225,1,7496.465895251926
ORDIUSDT,2026-04,14.86887285496361,0.49999999999998934,TRAILING_LOCK,6.5923182801246645,6.625279871525287,3540.207822610433,3,7511.33476810689
ORDIUSDT,2026-04,14.888856620080496,0.49999999999998934,TRAILING_LOCK,6.385276624488831,6.417203007611274,3544.9658619240217,3,7526.22362472697
ORDIUSDT,2026-04,-80.93385074976787,-2.200000000000002,STOP_LOSS,6.340268025112152,6.200782128559685,3549.7302960424477,5,7445.2897739772025
ORDIUSDT,2026-04,226.22997997612194,6.499999999999995,TAKE_PROFIT,6.1862369427680965,6.588342344048023,3523.8314638025217,16,7671.519753953325
ORDIUSDT,2026-04,230.87764868475102,6.499999999999995,TAKE_PROFIT,5.791157961845398,6.1675832293653485,3596.2250573948804,1,7902.397402638076
ORDIUSDT,2026-04,64.01717962641952,1.8242869847341137,TRAILING_LOCK,5.814162802219391,5.920229817491531,3670.105904974001,34,7966.414582264495
ORDIUSDT,2026-04,15.500483890308118,0.49999999999998934,TRAILING_LOCK,5.7311460190773005,5.759801749172686,3690.5914024544554,4,7981.915066154804
ORDIUSDT,2026-04,-84.24779040876055,-2.200000000000002,STOP_LOSS,5.452090413665771,5.332144424565124,3695.0785267000197,3,4200.637497823769
NEARUSDT,2026-04,-50.88442192652511,-1.3466592818624834,STALL_EXIT,1.3772753742456436,1.3587281675815583,3566.683550405677,374,7717.863299723083
ORDIUSDT,2026-04,15.339629567838049,0.49999999999998934,TRAILING_LOCK,5.147029108428955,5.172764253971099,3652.29275424718,21,7733.202929290922
CKBUSDT,2026-04,-83.3841927341626,-2.200000000000002,STOP_LOSS,0.001588317584618926,0.0015533745977573097,3657.2014357088883,17,7649.818736556759
ORDIUSDT,2026-04,-82.77582166397406,-2.199999999999991,STOP_LOSS,4.454890796184539,4.35688319866848,3630.5184940339564,1,7567.042914892785
ORDIUSDT,2026-04,231.37874083671522,6.499999999999995,TAKE_PROFIT,4.353870764064789,4.636872363729,3604.0302311014843,36,7798.4216557295
ORDIUSDT,2026-04,236.1321856884646,6.499999999999995,TAKE_PROFIT,4.733946401596069,5.041652917699813,3678.0714281692335,31,8034.553841417965
ORDIUSDT,2026-04,-84.56266759022297,-2.1728214985036964,STALL_EXIT,4.593918535137177,4.49410088558197,3753.633727589542,261,7949.991173827742
ORDIUSDT,2026-04,26.831330452516497,0.8000000000000007,TRAILING_LOCK,4.49689901304245,4.532874205146789,3726.573673960671,43,7976.822504280259
TRXUSDT,2026-04,54.62322861747617,1.5580805455030378,TRAILING_LOCK,0.3275654856920242,0.33266921979837416,3695.551557299354,1823,11728.475510820008
GALAUSDT,2026-04,-35.5941297828909,-0.8683897158579423,STALL_EXIT,0.0036207240904681383,0.003589282094826922,3753.112163462403,80,11692.881381037116
TRXUSDT,2026-04,26.278407975347932,0.7823078593454325,MONTH_END,0.32406480095386503,0.32659998536109924,3741.722041931877,1380,11719.159789012465
ORDIUSDT,2026-05,88.53109644677848,2.4410489006861713,TRAILING_LOCK,5.654130477905273,5.792150567779541,3749.651115699031,46,8056.059700522261
ORDIUSDT,2026-05,-32.48061230563699,-0.7797346501578595,STALL_EXIT,5.271053980922699,5.229953746604919,3777.9810665620003,65,8023.579088216624
ORDIUSDT,2026-05,241.87910277407332,6.499999999999995,TAKE_PROFIT,4.955990923690796,5.278130333730697,3767.5872706241967,96,8265.458190990697
ORDIUSDT,2026-05,-33.850019921499445,-0.8003672413139373,STALL_EXIT,5.1280252550125125,5.086982220745087,3844.9885835119,149,8231.608171069198
FILUSDT,2026-05,-33.444565464997474,-0.7922795950594863,STALL_EXIT,1.063212563753128,1.0547889475584031,3834.1565771370197,146,4362.964334187016
ORDIUSDT,2026-05,-87.40758035616963,-2.200000000000013,STOP_LOSS,5.337067165660858,5.219651688016318,3833.665805095146,23,8110.756025248031
TRXUSDT,2026-05,240.75841870547168,6.499999999999995,TAKE_PROFIT,0.3265652985692024,0.34779204297620053,3750.131132483989,1703,12103.145628890485
GALAUSDT,2026-05,248.64702379992588,6.499999999999995,TAKE_PROFIT,0.0036607319293543695,0.0038986795047624033,3873.006601244955,242,12351.792652690408
FILUSDT,2026-05,253.75522825687125,6.499999999999995,TAKE_PROFIT,1.077215421938896,1.1472344243649242,3952.573648860931,29,12605.54788094728
OPUSDT,2026-05,29.043182317702474,0.8000000000000007,TRAILING_LOCK,0.1656331218123436,0.16695818678684235,4033.7753219031297,71,4565.362922396891
FILUSDT,2026-05,29.03946479036589,0.8000000000000007,TRAILING_LOCK,1.2212441561222076,1.2310141093711853,4033.258998661926,65,8629.274689448648
JASMYUSDT,2026-05,17.017751427207955,0.49999999999998934,TRAILING_LOCK,0.00725144979134202,0.007287707040298729,4051.8455779067986,6,8646.292440875855
PYTHUSDT,2026-05,-46.5402435812996,-1.074059323007348,STALL_EXIT,0.05801159833073616,0.05738851935043931,4032.7427415100974,189,12634.108035901258
ORDIUSDT,2026-05,-92.17845222993539,-2.199999999999991,STOP_LOSS,5.273054235935211,5.157047042744637,4042.9145714884025,2,8497.915546416702
FILUSDT,2026-05,-92.16665338805016,-2.200000000000002,STOP_LOSS,1.1442288534164429,1.1190558186412811,4042.397078423252,1,12449.762930283272
JASMYUSDT,2026-05,-27.96735461672318,-0.6220052001526089,STALL_EXIT,0.006871374157536775,0.006828633852954954,3983.924137690647,231,12421.795575666549
ALGOUSDT,2026-05,-37.74386749730112,-0.8695373290486419,STALL_EXIT,0.12052409833073616,0.11947609630525112,3974.9745842132957,253,12384.051708169249
PYTHUSDT,2026-05,54.25988807029981,1.4493729721873683,TRAILING_LOCK,0.04120824079290032,0.041805501897266506,3962.3892958561933,22,8473.829891006742
PYTHUSDT,2026-05,-90.73835608888199,-2.200000000000002,STOP_LOSS,0.040208038765937086,0.03932346191308647,3979.7524600386887,2,8383.091534917861
ROSEUSDT,2026-05,-90.07632904285748,-2.199999999999991,STOP_LOSS,0.009881975794024766,0.009664572326556221,3950.716186090247,10,4341.224627258809
ORDIUSDT,2026-05,-90.0647992727405,-2.200000000000013,STOP_LOSS,4.174834586334228,4.082988225434875,3950.210494418427,10,8202.950406602264
RENDERUSDT,2026-05,249.935159806878,6.499999999999995,TAKE_PROFIT,1.915382961845398,2.0398828543653487,3893.0710250292555,238,4558.755825386315
FILUSDT,2026-05,249.90316810642278,6.499999999999995,TAKE_PROFIT,0.9341868152618408,0.9949089582538604,3892.572711938052,219,4728.6476868444925
ETHUSDT,2026-05,28.602374593394803,0.8000000000000007,TRAILING_LOCK,2117.7335206054686,2134.6753887703126,3972.5520268603286,144,8731.391109108961
TRXUSDT,2026-05,254.41795829262884,6.499999999999995,TAKE_PROFIT,0.3514702679336071,0.3743158353492915,3962.89654661416,2741,12950.290772634395
NEARUSDT,2026-05,52.52090033899556,1.347530030721611,TRAILING_LOCK,2.6095217675685882,2.6446858570447924,4143.562603332959,62,4712.371548300826
NEARUSDT,2026-05,17.471323729928546,0.49999999999998934,TRAILING_LOCK,2.5355070858478546,2.5481846212770938,4159.838983316341,24,4729.842872030755
RENDERUSDT,2026-05,-50.24187742913595,-1.132683722270711,STALL_EXIT,2.287457340860367,2.261547683906555,4143.032227319733,114,4657.1944559795975
ICPUSDT,2026-05,266.05077363300074,6.499999999999995,TAKE_PROFIT,2.6415282324314115,2.813227567539453,4144.093047243006,136,4917.986635016397
RENDERUSDT,2026-05,-94.60516949472675,-2.200000000000002,STOP_LOSS,2.2624524839401245,2.212678529293442,4149.349539242407,39,8974.390744579774
NEARUSDT,2026-05,-36.885219870545505,-0.8055081367439598,STALL_EXIT,2.481496146583557,2.461507493209839,4165.429806909918,92,13104.601503541911
GALAUSDT,2026-05,-95.5866976761577,-2.200000000000013,STOP_LOSS,0.0031606320802588014,0.0030910981744931075,4192.399020884095,20,4619.252044797398
SEIUSDT,2026-05,-95.6111725698419,-2.200000000000002,STOP_LOSS,0.06763352573364972,0.06614558816750943,4193.472481133412,27,4555.314740214647
OPUSDT,2026-05,-95.5989343397531,-2.200000000000002,STOP_LOSS,0.12482495661377907,0.12207880756827592,4192.9357166558275,42,8654.328696817383
UNIUSDT,2026-05,-94.88929712991231,-2.200000000000002,STOP_LOSS,3.100619904613495,3.0324062667119978,4161.811277627724,52,12722.915401826245
XLMUSDT,2026-05,261.3795740151183,6.499999999999995,TAKE_PROFIT,0.19663932503163814,0.20942088115869462,4071.3329285843984,31,12984.294975841363
NEARUSDT,2026-05,29.915815624338165,0.8000000000000007,TRAILING_LOCK,2.435486942768097,2.4549708383102415,4154.974392269236,30,13014.210791465703
XLMUSDT,2026-05,17.49109930372917,0.49999999999998934,TRAILING_LOCK,0.2589517667412758,0.2602465255749821,4164.547453269025,8,13031.70189076943
NEARUSDT,2026-05,-95.07929699505377,-2.200000000000002,STOP_LOSS,2.3434685351371765,2.2919122273641586,4170.144605046217,22,8765.34392290699
XLMUSDT,2026-05,-34.101760188785065,-0.7378643429202136,STALL_EXIT,0.2435486942768097,0.24175163530409335,4169.610826536772,60,12902.520833585591
XLMUSDT,2026-05,-94.1247424924645,-2.200000000000002,STOP_LOSS,0.23444688414931297,0.22928905269802807,4128.278179494046,6,8677.937901679039
XLMUSDT,2026-05,263.06808338841927,6.499999999999995,TAKE_PROFIT,0.23284656686782837,0.2479815937142372,4097.633697638934,34,4841.208459866243
FETUSDT,2026-05,29.506739485654272,0.8000000000000007,TRAILING_LOCK,0.26915383039712903,0.27130706104030605,4098.158261896457,51,8970.512724553111
ORDIUSDT,2026-05,62.109059049760575,1.584285961122256,TRAILING_LOCK,3.3876774839401245,3.4413479827262874,4128.8066667473895,194,13163.07997301696
TIAUSDT,2026-05,30.327736257831063,0.8000000000000007,TRAILING_LOCK,0.3937787436246872,0.3969289735736847,4212.185591365427,25,4767.284835289582
ICPUSDT,2026-05,30.319972854238667,0.8000000000000007,TRAILING_LOCK,2.6535307163715363,2.6747589621025085,4211.107340866487,25,9010.396591946654
BONKUSDT,2026-05,97.15972410608424,2.3869297407510315,MONTH_END,5.401080191040819e-06,5.530000180442585e-06,4211.646431609733,116,13320.887406235115
RENDERUSDT,2026-06,30.69132458396553,0.8000000000000007,TRAILING_LOCK,2.1824363217830656,2.19989581235733,4262.683969995237,16,13351.578730819081
ICPUSDT,2026-06,93.55648919652553,2.270294452806554,TRAILING_LOCK,2.6645328343391417,2.7250255754703523,4271.411502533202,22,4897.2539275533845
FILUSDT,2026-06,91.56916686781344,2.2234939237335327,TRAILING_LOCK,0.8421684076309204,0.8608939710021973,4271.958313197292,23,9262.490190943769
NEARUSDT,2026-06,-7.08967231053718,-0.0859371256171304,STALL_EXIT,2.176435318279266,2.174564952325821,4272.505193862106,60,13529.614714572883
APTUSDT,2026-06,-98.69943381269724,-2.200000000000002,STOP_LOSS,0.6541307842612266,0.6397399070074796,4328.922535644614,26,9099.706781413399
FILUSDT,2026-06,-39.45182342595399,-0.8312376871553728,STALL_EXIT,0.7581516162157058,0.7518495742559433,4329.476708663323,179,13391.463457334234
ORDIUSDT,2026-06,-97.69161125768532,-2.200000000000002,STOP_LOSS,3.183636687755585,3.113596680624962,4284.719792003742,8,9006.789432407055
ADAUSDT,2026-06,45.41456409902303,1.1397834453389821,TRAILING_LOCK,0.1610321984499693,0.16286761678956746,4285.268306346955,52,9084.026550383729
NEARUSDT,2026-06,273.97021971284533,6.499999999999995,TAKE_PROFIT,1.9443888057231902,2.0707740780951975,4267.448905184507,97,5088.294363441942
ATOMUSDT,2026-06,273.07203418496204,6.499999999999995,TAKE_PROFIT,1.75035,1.86412275,4253.458476401283,116,9616.526257418747
ROSEUSDT,2026-06,274.00529239027117,6.499999999999995,TAKE_PROFIT,0.00602120420448482,0.006412582477776333,4267.995208571204,243,5271.154718218036
PYTHUSDT,2026-06,290.83482871111704,6.499999999999995,TAKE_PROFIT,0.03730746183022857,0.03973244684919342,4530.137518864755,36,5561.989546929153
OPUSDT,2026-06,285.24360899729714,6.499999999999995,TAKE_PROFIT,0.09261852288544178,0.09863872687299549,4443.046869116784,251,10292.057243790881
APTUSDT,2026-06,285.2070978153457,6.499999999999995,TAKE_PROFIT,0.6241248128771781,0.6646929257141947,4442.478159117537,258,15021.519491987412
PYTHUSDT,2026-06,-43.90221221773591,-0.8333191436033172,STALL_EXIT,0.037807559117674826,0.0374925014898181,4806.886237435972,76,14977.617279769678
ICPUSDT,2026-06,-109.24872262949695,-2.200000000000002,STOP_LOSS,2.5085014969825745,2.4533144640489577,4791.610641644588,26,5279.472956661028
ETHUSDT,2026-06,-56.66465052748944,-1.1024290763486544,STALL_EXIT,1676.9352955810546,1658.4482732910158,4792.224046322517,208,5258.3955312512735
ORDIUSDT,2026-06,305.37699743588183,6.499999999999995,TAKE_PROFIT,3.2446487580299377,3.4555509273018834,4756.651050403149,302,5581.907914766405
SOLUSDT,2026-06,307.70016939558764,6.499999999999995,TAKE_PROFIT,67.44348630523682,71.8273129150772,4792.837529526297,583,10684.3627487001
ROSEUSDT,2026-06,35.529780176439644,0.8000000000000007,TRAILING_LOCK,0.006911381996423006,0.0069666730523943905,4934.691691172129,66,5782.594986942574
VETUSDT,2026-06,35.53432857049657,0.8000000000000007,TRAILING_LOCK,0.005266052810568363,0.00530818123305291,4935.323412568938,85,5807.387212130116
NEARUSDT,2026-06,317.5371303771956,6.499999999999995,TAKE_PROFIT,2.3644728820323944,2.5181636193645,4946.061220828589,87,11072.963987824232
FILUSDT,2026-06,47.33138413765101,1.015582537627524,TRAILING_LOCK,0.8051610071539879,0.8133380817424296,5059.028170585097,15,6058.5956925495875
NEARUSDT,2026-06,-43.8978174461957,-0.7876013859888453,STALL_EXIT,2.27345460190773,2.2555488419532774,5059.675809088661,146,11076.397554515688
ATOMUSDT,2026-06,-50.96446896936661,-0.9270487918699555,STALL_EXIT,1.8033605732917786,1.786642540884018,5060.774550429926,67,11025.433085546323
AVAXUSDT,2026-06,21.18675686551006,0.49999999999998934,TRAILING_LOCK,5.820163567256928,5.849264385093211,5044.465920359729,5,11046.619842411834
ENSUSDT,2026-06,-115.15366000689276,-2.200000000000002,STOP_LOSS,4.960992038154602,4.851850213315201,5050.599123109326,2,5878.200001575225
AVAXUSDT,2026-06,324.2899728201397,6.499999999999995,TAKE_PROFIT,5.743148503017426,6.116453155713558,5051.245682556692,145,11255.756155225079
FETUSDT,2026-06,-44.505702199262274,-0.7895629153212735,STALL_EXIT,0.18673734135925768,0.18526293256282808,5118.169302656931,230,6091.689270368831
NEARUSDT,2026-06,51.655980167603246,1.0922128656468466,TRAILING_LOCK,2.162432340860367,2.186050705098152,5103.272436138513,100,6143.345250536435
UNIUSDT,2026-06,-85.31635392884779,-1.587144456824785,STALL_EXIT,2.972594283628464,2.925414918231964,5117.514176986191,776,11177.590079264573
NEARUSDT,2026-06,36.67072434011665,0.8000000000000007,TRAILING_LOCK,1.855371019077301,1.8702139872299193,5093.1561583495695,130,11214.26080360469
ORDIUSDT,2026-06,21.44054131858084,0.49999999999998934,TRAILING_LOCK,3.873774506521225,3.893143379053831,5104.890790138406,14,11235.701344923269
ORDIUSDT,2026-06,98.53968694627328,2.0077087681091843,TRAILING_LOCK,3.8107619427680968,3.8872709444248197,5111.751763360352,46,11334.241031869542
ORDIUSDT,2026-06,21.60179474536863,0.49999999999998934,TRAILING_LOCK,3.6717342038154603,3.690092874834537,5143.2844631831595,10,11355.84282661491
PYTHUSDT,2026-06,-117.42449245503856,-2.200000000000002,STOP_LOSS,0.03606721370145678,0.03527373500002473,5150.197037501677,10,11238.418334159871
TRXUSDT,2026-06,-57.70381543774523,-1.137759552202322,STALL_EXIT,0.31876372573971745,0.3151369610011578,4738.522915577831,4568,15921.132843466188
PYTHUSDT,2026-07,73.78452289988734,1.528242636558197,TRAILING_LOCK,0.039297857753187414,0.039898424370625615,5094.76250990918,26,15994.917366366075
PYTHUSDT,2026-07,-49.724329172732766,-0.8914869111580348,STALL_EXIT,0.03874774961918592,0.03840231850296259,5118.373557237144,195,15945.193037193341
ORDIUSDT,2026-07,-62.48911705469393,-1.1446856487746349,STALL_EXIT,3.3486696496009825,3.3103379086971283,5102.46177190187,60,15882.703920138649
ORDIUSDT,2026-07,36.59374983199935,0.8000000000000007,TRAILING_LOCK,3.2556511144638063,3.2816963233795167,5082.465254444368,119,15919.297669970647
BONKUSDT,2026-07,-116.14719580010629,-2.200000000000013,STOP_LOSS,4.600920011125708e-06,4.499699770880942e-06,5094.175254390607,1,15803.150474170543
NEARUSDT,2026-07,-115.2997858595482,-2.200000000000002,STOP_LOSS,2.0274053503990173,1.982802432690239,5057.008151734574,36,10629.467289277965
AVAXUSDT,2026-07,36.140148043704755,0.8000000000000007,TRAILING_LOCK,6.392277993965148,6.4434162179168695,5019.465006070117,74,10665.607437321669
TRXUSDT,2026-07,-56.35174562053104,-1.0344723891343555,STALL_EXIT,0.3317663371860981,0.3283343060314655,5056.360854691152,148,15667.639090734167
UNIUSDT,2026-07,321.8759774800423,6.499999999999995,TAKE_PROFIT,3.149629729413986,3.354355661825895,5013.644509034933,100,15989.515068214208
ANKRUSDT,2026-07,87.99502613021141,1.8000000000000016,TRAILING_LOCK,0.0038607720552943647,0.003930265952289663,5115.989891291353,54,10958.81861458714
TIAUSDT,2026-07,-56.61047320703103,-1.020482915915344,STALL_EXIT,0.3976795151352882,0.3936212636232376,5144.14829965302,304,5756.660896769978
ANKRUSDT,2026-07,-117.2715685496915,-2.200000000000002,STOP_LOSS,0.0036507300860714165,0.003570414024177845,5143.489848670664,34,10784.936572830418
HBARUSDT,2026-07,-54.78468082264481,-0.9907149456402253,STALL_EXIT,0.06730345861762761,0.06663667319416999,5116.644821828547,594,15848.843371765051
PYTHUSDT,2026-07,36.51106111445039,0.8000000000000007,TRAILING_LOCK,0.047479493641108275,0.04785932959023714,5070.980710340309,76,10811.6959019631
BONKUSDT,2026-07,-34.641686549321285,-0.6015655106477613,STALL_EXIT,3.5607120956228754e-06,3.539292079722145e-06,5082.664249896933,63,10777.054215413778
UNIUSDT,2026-07,37.55076132263328,0.8204155981306416,TRAILING_LOCK,3.626725127506256,3.656479346153641,5071.57891020115,94,10814.604976736411
TIAUSDT,2026-07,-66.58827714457145,-1.2329561646592935,STALL_EXIT,0.40228045340180396,0.39732051175236704,5071.629878964816,509,15821.675230508241
BONKUSDT,2026-07,324.95729089406535,6.499999999999995,TAKE_PROFIT,2.7205441113892447e-06,2.8973794786295457e-06,5061.640045078899,225,6017.35834005779
ROSEUSDT,2026-07,-43.98485391124151,-0.7887617870425356,STALL_EXIT,0.005341068148892372,0.005298939844314009,5062.9360737626375,474,11038.334734338692
AVAXUSDT,2026-07,37.09583482126235,0.8000000000000007,TRAILING_LOCK,6.25125,6.30126,5152.199280730844,227,11075.430569159955
ORDIUSDT,2026-07,-117.72572398978318,-2.200000000000002,STOP_LOSS,3.876775127506256,3.7914860747011185,5163.40894692032,52,5791.569269317373
ORDIUSDT,2026-07,47.61510070139343,1.008941600917379,TRAILING_LOCK,3.7237446496009827,3.761315058482742,5125.73671524359,112,5839.184370018767
OPUSDT,2026-07,-117.21419688227164,-2.200000000000013,STOP_LOSS,0.09331865983307361,0.09126564931674598,5140.973547468036,2,5721.970173136496
XRPUSDT,2026-07,46.75118706184352,0.9853166888472042,TRAILING_LOCK,1.0928185079813004,1.1035862311192512,5164.069947873649,669,10934.856936051137
FETUSDT,2026-07,-116.71516958435768,-2.200000000000013,STOP_LOSS,0.1439287870109081,0.14076235369666812,5119.086385278826,28,10818.141766466779
TRXUSDT,2026-07,30.88882592060362,0.6901751976795101,MONTH_END,0.3238647575676441,0.3260999917984009,5062.288017945196,3864,10829.57329951552
ATOMUSDT,2026-07,7.3509872008341794,0.22465499557924318,MONTH_END,1.2262451513528823,1.2289999723434448,5081.737531011832,237,15920.69451274059
ALGOUSDT,2026-08,327.03288250198926,6.499999999999995,TAKE_PROFIT,0.0836167195469141,0.08905180631746351,5093.9701324297475,231,11151.06730226796
TRXUSDT,2026-08,36.68128015735473,0.8000000000000007,TRAILING_LOCK,0.328465666025877,0.33109339135408405,5094.622244076989,1132,16284.408675399935
BONKUSDT,2026-08,-118.79583788186909,-2.200000000000002,STOP_LOSS,2.660532063782739e-06,2.6020003583795187e-06,5210.343766748635,4,10952.517657079636
XLMUSDT,2026-08,-63.08383493828979,-1.1397969135338748,STALL_EXIT,0.16363271775841712,0.16176763709187508,5171.667040501812,186,5715.035791875458
JASMYUSDT,2026-08,-32.626697013329235,-0.5461107185345759,STALL_EXIT,0.00395078980922699,0.003929214122612029,5211.010776127979,1081,10895.504275300558
NEARUSDT,2026-08,330.0553163451454,6.499999999999995,TAKE_PROFIT,1.5483095780611038,1.6489497006350755,5141.048541201643,125,6081.796229317202
ENSUSDT,2026-08,39.67245818332198,0.8361460239737273,TRAILING_LOCK,3.8907781049251557,3.9233106913511278,5246.666242432089,189,6121.468687500524
GALAUSDT,2026-08,-119.91344058235711,-2.200000000000002,STOP_LOSS,0.00154830962929409,0.00151424681744962,5259.361429050752,1,6001.555246918167
RENDERUSDT,2026-08,330.0975688339559,6.499999999999995,TAKE_PROFIT,1.2312461465835571,1.3112771461114883,5141.706679656639,2364,11475.416178080624
ORDIUSDT,2026-08,-41.52885054761841,-0.6995509590291937,STALL_EXIT,4.09281840763092,4.064187057209015,5327.27848854626,97,11433.887327533006
POLUSDT,2026-08,341.1144420209059,6.499999999999995,TAKE_PROFIT,0.08811762121617794,0.0938452665952295,5313.309065746206,115,6458.886917480341
ORDIUSDT,2026-08,341.1581102590193,6.499999999999995,TAKE_PROFIT,4.319863567256927,4.6006546991286275,5313.989256371023,152,12116.15987981293
GALAUSDT,2026-08,-126.1368155866932,-2.199999999999991,STOP_LOSS,0.002131426128325984,0.0020845347535028125,5532.316473100597,2,11990.023064226238
TRXUSDT,2026-08,332.063528131817,6.499999999999995,TAKE_PROFIT,0.3275654856920242,0.34885724226200576,5172.329098626437,4146,17496.484622623942
ENSUSDT,2026-08,-127.65435180666427,-2.200000000000002,STOP_LOSS,5.991197771072388,5.859391420108795,5598.875079239661,1,6168.751748523541
NEARUSDT,2026-08,-127.63801204963326,-2.200000000000002,STOP_LOSS,2.001400127506256,1.9573693247011184,5598.158423229519,1,11641.51142307272
GALAUSDT,2026-08,-127.6216743840911,-2.200000000000002,STOP_LOSS,0.0020144027687609197,0.0019700859078481793,5597.441858951346,1,17113.570584383553
POLUSDT,2026-08,-124.84462882545643,-2.200000000000002,STOP_LOSS,0.10617123128771781,0.10383546419938802,5475.6416151516005,1,11510.192831520559
XRPUSDT,2026-08,-124.86061098366275,-2.200000000000002,STOP_LOSS,1.4634926131010055,1.4312957756127833,5476.342587002737,2,16863.865344574435
XRPUSDT,2026-08,-123.03876155401531,-2.200000000000002,STOP_LOSS,1.4615922754526138,1.4294372453926563,5396.436910263819,11,16740.82658302042
BONKUSDT,2026-08,-122.14107074971722,-2.200000000000002,STOP_LOSS,3.250649963365504e-06,3.1791356641714627e-06,5357.064506566534,9,11260.164158440086
APTUSDT,2026-08,-121.23429744163059,-2.200000000000002,STOP_LOSS,0.6131225756764411,0.5996338790115594,5317.29374743993,30,11138.929860998456
ENSUSDT,2026-08,-15.971538260318408,-0.21817790805668258,STALL_EXIT,5.611122133541107,5.598879904651642,5356.378802309693,96,16481.479676568757
GALAUSDT,2026-08,-46.876032065384045,-0.8089150482392338,STALL_EXIT,0.001950389947090298,0.0019346129493089392,5273.39841509445,114,5883.588009137412
ENSUSDT,2026-08,-42.991957508070634,-0.735365307123903,STALL_EXIT,5.75115,5.7088580381393434,5272.723420097318,130,5855.60229558845
HBARUSDT,2026-08,-63.413393659811646,-1.1223608260649054,STALL_EXIT,0.07851570262312889,0.07763447313457728,5274.073496502002,134,5822.306770896908
BONKUSDT,2026-08,37.75656722302338,0.8000000000000007,TRAILING_LOCK,3.1706338998901626e-06,3.195998971089284e-06,5243.967669864387,26,5880.359885918232
NEARUSDT,2026-08,-80.33309955158803,-1.4578643270403369,STALL_EXIT,1.9743947771072388,1.9456107799768447,5223.679237439056,77,11025.795495500675
RENDERUSDT,2026-08,37.517227019680526,0.8000000000000007,TRAILING_LOCK,1.5163032324314116,1.5284336582908629,5210.725974955658,24,5851.16969688868
BONKUSDT,2026-08,-118.78934524630404,-2.200000000000002,STOP_LOSS,3.2106419316278335e-06,3.140007809132021e-06,5210.059002030864,50,10944.523377274052
TRXUSDT,2026-08,37.85560686889747,0.8000000000000007,TRAILING_LOCK,0.34376873170137406,0.34651888155498506,5257.723176235754,480,16242.2052496492
POLUSDT,2026-08,21.829523855528183,0.49999999999998934,TRAILING_LOCK,0.118833760035038,0.11942792883521318,5197.505679887744,7,16264.034773504729
PYTHUSDT,2026-08,21.858862735590044,0.49999999999998934,TRAILING_LOCK,0.054150829535722735,0.054421583683401345,5204.491127521514,6,16285.893636240318
PYTHUSDT,2026-08,37.522698937897864,0.8000000000000007,TRAILING_LOCK,0.0483196624495089,0.048706219749104974,5211.485963596902,44,16323.416335178217
VETUSDT,2026-08,89.82108489544832,1.8000000000000016,TRAILING_LOCK,0.007097419215738773,0.007225172761622071,5222.1560985725655,21,5962.741045553744
JASMYUSDT,2026-08,172.56252607053366,3.383584757611535,MONTH_END,0.004700939932186157,0.004860000219196081,5223.4932272570295,219,11360.88619617221
BONKUSDT,2026-08,165.4239375885536,3.2473270618960104,MONTH_END,3.060611926321144e-06,3.1600000056641875e-06,5222.824620123941,162,16751.223883732753
